,date,Average Long Only,Average Using TFT
0,2017-07-05,0.003907152612215,0.003907152612215
1,2017-07-06,-0.0081158981610763,-0.0081158981610763
2,2017-07-07,0.006861300714799567,0.006861300714799567
3,2017-07-10,0.0023579606270502334,0.0023579606270502334
4,2017-07-11,0.0016469198053169667,0.0016469198053169667
5,2017-07-12,0.0077722528156472,0.0077722528156472
6,2017-07-13,0.0018317364322802,0.0018317364322802
7,2017-07-14,0.005394419747870433,0.005394419747870433
8,2017-07-17,0.0007934947774146332,0.0007934947774146332
9,2017-07-18,0.0005359714639578666,0.0005359714639578666
10,2017-07-19,0.0050535796789400326,0.0050535796789400326
11,2017-07-20,0.0001290186191511667,0.0001290186191511667
12,2017-07-21,-0.0015747927634713003,-0.0015747927634713003
13,2017-07-24,0.00042954519636679997,0.00042954519636679997
14,2017-07-25,0.0016744283009768374,0.0016744283009768374
15,2017-07-26,0.0020290774109987335,0.0020290774109987335
16,2017-07-27,-0.0008323247895138001,-0.0008323247895138001
17,2017-07-28,0.00029690783953026666,0.00029690783953026666
18,2017-07-31,-0.0008430495883851998,-0.0008430495883851998
19,2017-08-01,0.0019026937831046334,0.0019026937831046334
20,2017-08-02,0.002191993735649767,0.002191993735649767
21,2017-08-03,-0.0011479372466247,-0.0011479372466247
22,2017-08-04,0.0011387451051293666,0.0011387451051293666
23,2017-08-07,0.0034575194229995664,0.0034575194229995664
24,2017-08-08,-0.0020213464512997335,-0.0020213464512997335
25,2017-08-09,0.00010559409318909997,0.00010559409318909997
26,2017-08-10,-0.0150118398257338,-0.0150118398257338
27,2017-08-11,0.0033173550491561667,0.0033173550491561667
28,2017-08-14,0.008893650080644468,0.008893650080644468
29,2017-08-15,0.0005262465012636666,0.0005262465012636666
30,2017-08-16,0.0016714460550539335,0.0016714460550539335
31,2017-08-17,-0.016279068864549367,-0.016279068864549367
32,2017-08-18,-0.0011480714906590666,-0.0011480714906590666
33,2017-08-21,-4.499326804973335e-05,-4.499326804973335e-05
34,2017-08-22,0.011240338898272334,0.011240338898272334
35,2017-08-23,-0.0046443319925322,-0.0046443319925322
36,2017-08-24,-0.0006675388971580333,-0.0006675388971580333
37,2017-08-25,-0.00029372192869343334,-0.00029372192869343334
38,2017-08-28,0.0010256604443196666,0.0010256604443196666
39,2017-08-29,0.003138726041453,0.003138726041453
40,2017-08-30,0.0048516582308262,0.0048516582308262
41,2017-08-31,0.006269408603404633,0.006269408603404633
42,2017-09-01,0.0008900267834922666,0.0008900267834922666
43,2017-09-05,-0.007956722796261933,-0.007956722796261933
44,2017-09-06,0.0023983209513522333,0.0023983209513522333
45,2017-09-07,0.0008525727815323667,0.0008525727815323667
46,2017-09-08,-0.003419392042262833,-0.003419392042262833
47,2017-09-11,0.0107997399417345,0.0107997399417345
48,2017-09-12,0.0029922536142263996,0.0029922536142263996
49,2017-09-13,0.0007491722632795333,0.0007491722632795333
50,2017-09-14,-0.0009771268722978334,-0.0009771268722978334
51,2017-09-15,0.0013737689698222,0.0013737689698222
52,2017-09-18,0.0018499525280373666,0.0018499525280373666
53,2017-09-19,0.0013901674836526,0.0013901674836526
54,2017-09-20,-0.0003648080350098334,-0.0003648080350098334
55,2017-09-21,-0.0030599116742203,-0.0030599116742203
56,2017-09-22,-0.0012400283931816667,-0.0012400283931816667
57,2017-09-25,-0.0040045086087568665,-0.0040045086087568665
58,2017-09-26,0.0004529450203940001,0.0004529450203940001
59,2017-09-27,0.004529797941953066,0.004529797941953066
60,2017-09-28,0.0006211650662584,0.0006211650662584
61,2017-09-29,0.003954651534760166,0.003954651534760166
62,2017-10-02,0.0036481624496275,0.0036481624496275
63,2017-10-03,0.003328884397516267,0.003328884397516267
64,2017-10-04,0.0007793328205437587,0.0007793328205437587
65,2017-10-05,0.0071964445055018,0.0071964445055018
66,2017-10-06,-0.0014103138735378333,-0.0014103138735378333
67,2017-10-09,9.972091843875966e-05,9.972091843875966e-05
68,2017-10-10,0.0017350979496099002,0.0017350979496099002
69,2017-10-11,0.0020047698894819334,0.0020047698894819334
70,2017-10-12,-0.0011446677843633334,-0.0011446677843633334
71,2017-10-13,0.002264595783215267,0.002264595783215267
72,2017-10-16,0.0025701336340347336,0.0025701336340347336
73,2017-10-17,0.0010599610756603331,0.0010599610756603331
74,2017-10-18,0.0025134977038589,0.0025134977038589
75,2017-10-19,-0.0011060633239027,-0.0011060633239027
76,2017-10-20,0.0048324478289827,0.0048324478289827
77,2017-10-23,-0.0045842185910985,-0.0045842185910985
78,2017-10-24,0.0038096471685090338,0.0038096471685090338
79,2017-10-25,-0.003411346682095633,-0.003411346682095633
80,2017-10-26,0.0021905546994521333,0.0021905546994521333
81,2017-10-27,0.009689616484674667,0.009689616484674667
82,2017-10-30,-0.0019976045463129667,-0.0019976045463129667
83,2017-10-31,0.0024362787831589,0.0024362787831589
84,2017-11-01,0.00045077534948790004,0.00045077534948790004
85,2017-11-02,0.0010187326550868002,0.0010187326550868002
86,2017-11-03,0.003773935743022434,0.003773935743022434
87,2017-11-06,0.002533316845455866,0.002533316845455866
88,2017-11-07,-0.00011134000546400332,-0.00011134000546400332
89,2017-11-08,0.001936026174194033,0.001936026174194033
90,2017-11-09,-0.0033840131458744336,-0.0033840131458744336
91,2017-11-10,-0.0013416348165743001,-0.0013416348165743001
92,2017-11-13,0.0008104928776393666,0.0008104928776393666
93,2017-11-14,-0.0019348528739522002,-0.0019348528739522002
94,2017-11-15,-0.004735585826643733,-0.004735585826643733
95,2017-11-16,0.008896801043952301,0.008896801043952301
96,2017-11-17,-0.0041239500135741665,-0.0041239500135741665
97,2017-11-20,0.002018583105924333,0.002018583105924333
98,2017-11-21,0.007299649046476834,0.007299649046476834
99,2017-11-22,-0.0005233684759391999,-0.0005233684759391999
100,2017-11-24,0.002541344660261667,0.002541344660261667
101,2017-11-27,0.0007209599115289428,0.0007209599115289428
102,2017-11-28,0.006993334448625367,0.006993334448625367
103,2017-11-29,-0.004586740567847734,-0.004586740567847734
104,2017-11-30,0.0112388885706759,0.0112388885706759
105,2017-12-01,-0.0021885438816487,-0.0021885438816487
106,2017-12-04,-0.004057974583772133,-0.004057974583772133
107,2017-12-05,-0.0027005388218872667,-0.0027005388218872667
108,2017-12-06,0.0010080398345933999,0.0010080398345933999
109,2017-12-07,0.0039096486880746,0.0039096486880746
110,2017-12-08,0.0035453083181639666,0.0035453083181639666
111,2017-12-11,0.005481093260858833,0.005481093260858833
112,2017-12-12,0.001455555748247933,0.001455555748247933
113,2017-12-13,0.0023043286682888665,0.0023043286682888665
114,2017-12-14,-0.0032261736124624333,-0.0032261736124624333
115,2017-12-15,0.0079959319487697,0.0079959319487697
116,2017-12-18,0.008486683824214967,0.008486683824214967
117,2017-12-19,-0.0037031936461755666,-0.0037031936461755666
118,2017-12-20,-0.001397335684914967,-0.001397335684914967
119,2017-12-21,0.0014693636068247333,0.0014693636068247333
120,2017-12-22,-0.0008148853842675333,-0.0008148853842675333
121,2017-12-26,-0.0007469588230243999,-0.0007469588230243999
122,2017-12-27,-0.0005494594440950333,-0.0005494594440950333
123,2017-12-28,-0.0002482114195872925,-0.0002482114195872925
124,2017-12-29,-0.0039826363300891005,-0.0039826363300891005
125,2018-01-02,0.008075598032991568,0.008075598032991568
126,2018-01-03,0.007277227928448433,0.007277227928448433
127,2018-01-04,0.004874317900888567,0.004874317900888567
128,2018-01-05,0.008411767481432433,0.008411767481432433
129,2018-01-08,0.0012782593267380332,0.0012782593267380332
130,2018-01-09,0.0022413773435565336,0.0022413773435565336
131,2018-01-10,-0.0009869865844188,-0.0009869865844188
132,2018-01-11,0.007443548570807999,0.007443548570807999
133,2018-01-12,0.007941487816133632,0.007941487816133632
134,2018-01-16,-0.0011540828250543335,-0.0011540828250543335
135,2018-01-17,0.009179206246959566,0.009179206246959566
136,2018-01-18,-0.003422051870259167,-0.003422051870259167
137,2018-01-19,0.004709851665346566,0.004709851665346566
138,2018-01-22,0.0089334843519221,0.0089334843519221
139,2018-01-23,0.0022472479538673666,0.0022472479538673666
140,2018-01-24,-0.0005970185018167335,-0.0005970185018167335
141,2018-01-25,0.0013863622169089905,0.0013863622169089905
142,2018-01-26,0.011531124429378566,0.011531124429378566
143,2018-01-29,-0.006405213603471567,-0.006405213603471567
144,2018-01-30,-0.0105483029331469,-0.0105483029331469
145,2018-01-31,0.0021922157382221,0.0021922157382221
146,2018-02-01,-0.002988275734005,-0.002988275734005
147,2018-02-02,-0.0241383941510433,-0.0241383941510433
148,2018-02-05,-0.0536583918442383,-0.0536583918442383
149,2018-02-06,0.03469952855608067,0.03469952855608067
150,2018-02-07,-0.008999895074124466,-0.008999895074124466
151,2018-02-08,-0.031774242743100096,-0.031774242743100096
152,2018-02-09,0.011319900222288166,0.011319900222288166
153,2018-02-12,0.0162726504006717,0.0162726504006717
154,2018-02-13,0.0028662445296485997,0.0028662445296485997
155,2018-02-14,0.014049736221959935,0.014049736221959935
156,2018-02-15,0.015977293413639602,0.015977293413639602
157,2018-02-16,-0.0012821168826555344,-0.0012821168826555344
158,2018-02-20,-0.006179321972697,-0.006179321972697
159,2018-02-21,-0.0055635964461037,-0.0055635964461037
160,2018-02-22,0.006074792010886967,0.006074792010886967
161,2018-02-23,0.014531710399274334,0.014531710399274334
162,2018-02-26,0.014535622384740399,0.014535622384740399
163,2018-02-27,-0.012698762835573701,-0.012698762835573701
164,2018-02-28,-0.011575128769811767,-0.011575128769811767
165,2018-03-01,-0.0150781859133216,-0.0150781859133216
166,2018-03-02,0.0025120712284185335,0.0025120712284185335
167,2018-03-05,0.011533786443259168,0.011533786443259168
168,2018-03-06,0.0019796498812555997,0.0019796498812555997
169,2018-03-07,-4.8031889255166636e-05,-4.8031889255166636e-05
170,2018-03-08,0.005657348700112833,0.005657348700112833
171,2018-03-09,0.017304386862381563,0.017304386862381563
172,2018-03-12,0.00026615447070003326,0.00026615447070003326
173,2018-03-13,-0.008042712578132367,-0.008042712578132367
174,2018-03-14,-0.0068493550120876335,-0.0068493550120876335
175,2018-03-15,0.0026718676868687,0.0026718676868687
176,2018-03-16,-0.0003392827037582667,-0.0003392827037582667
177,2018-03-19,-0.012293825555080032,-0.012293825555080032
178,2018-03-20,0.0012475146688493333,0.0012475146688493333
179,2018-03-21,-0.0027682934041455332,-0.0027682934041455332
180,2018-03-22,-0.0287931473147281,-0.0287931473147281
181,2018-03-23,-0.017481839618245534,-0.017481839618245534
182,2018-03-26,0.027247859229508332,0.027247859229508332
183,2018-03-27,-0.0205033079620926,-0.0205033079620926
184,2018-03-28,-0.005304832263709185,-0.005304832263709185
185,2018-03-29,0.014555899191603735,0.014555899191603735
186,2018-04-02,-0.026937808157436367,-0.026937808157436367
187,2018-04-03,0.015028099291246167,0.015028099291246167
188,2018-04-04,0.014045663335175434,0.014045663335175434
189,2018-04-05,0.0055449497063137,0.0055449497063137
190,2018-04-06,-0.021744930395885403,-0.021744930395885403
191,2018-04-09,0.005074963903335501,0.005074963903335501
192,2018-04-10,0.015816536082959434,0.015816536082959434
193,2018-04-11,-0.005861494283254933,-0.005861494283254933
194,2018-04-12,0.010874197522720534,0.010874197522720534
195,2018-04-13,-0.004019950988937934,-0.004019950988937934
196,2018-04-16,0.009759004346252933,0.009759004346252933
197,2018-04-17,0.0108285811955844,0.0108285811955844
198,2018-04-18,0.0014710438535969334,0.0014710438535969334
199,2018-04-19,-0.006447237913829632,-0.006447237913829632
200,2018-04-20,-0.010522083383402566,-0.010522083383402566
201,2018-04-23,-0.000752241840003028,-0.000752241840003028
202,2018-04-24,-0.017375376651139533,-0.017375376651139533
203,2018-04-25,0.003957545230961867,0.003957545230961867
204,2018-04-26,0.0161777054227277,0.0161777054227277
205,2018-04-27,-0.004043423607189867,-0.004043423607189867
206,2018-04-30,-0.007979655231991333,-0.007979655231991333
207,2018-05-01,0.0038143719346752,0.0038143719346752
208,2018-05-02,-0.0094310824185927,-0.0094310824185927
209,2018-05-03,0.0032861458530833334,0.0032861458530833334
210,2018-05-04,0.013905659713165234,0.013905659713165234
211,2018-05-07,0.004402170632285367,0.004402170632285367
212,2018-05-08,-0.0001550687899671024,-0.0001550687899671024
213,2018-05-09,0.009578413963500567,0.009578413963500567
214,2018-05-10,0.0087328989288924,0.0087328989288924
215,2018-05-11,0.0028471699864526002,0.0028471699864526002
216,2018-05-14,0.001699671423989,0.001699671423989
217,2018-05-15,-0.009703370411257633,-0.009703370411257633
218,2018-05-16,0.005065594088720266,0.005065594088720266
219,2018-05-17,-0.002518872036604333,-0.002518872036604333
220,2018-05-18,-0.0020081375958105334,-0.0020081375958105334
221,2018-05-21,0.008270792603367034,0.008270792603367034
222,2018-05-22,-0.0032602230670554337,-0.0032602230670554337
223,2018-05-23,0.003072332853231567,0.003072332853231567
224,2018-05-24,-0.0011356398181964504,-0.0011356398181964504
225,2018-05-25,-0.0019677905162837333,-0.0019677905162837333
226,2018-05-29,-0.008700662719737334,-0.008700662719737334
227,2018-05-30,0.0100377610659964,0.0100377610659964
228,2018-05-31,-0.006218654744764432,-0.006218654744764432
229,2018-06-01,0.011438981479113833,0.011438981479113833
230,2018-06-04,0.006763649324654601,0.0022432330132602005
231,2018-06-05,0.002523558757446267,0.0018245212782829333
232,2018-06-06,0.008444061911629733,-9.674865963766692e-05
233,2018-06-07,-0.0007976399384513666,-0.004191965051153566
234,2018-06-08,0.0008538298991688666,-0.0001751395483536
235,2018-06-11,0.0016735389895832333,0.0010939891944015
236,2018-06-12,0.0010452752351236667,0.0019138448588750668
237,2018-06-13,-0.0024233215385242,0.0005283967832130665
238,2018-06-14,0.004772993548184159,0.004746521714215441
239,2018-06-15,-0.0036862377098313332,-0.00033318571128726666
240,2018-06-18,0.0006767879548886333,0.0018029624443837667
241,2018-06-19,-0.006717669102119667,0.0013038637835001328
242,2018-06-20,0.0028896841366675,0.004103521887021499
243,2018-06-21,-0.008461433985261634,-0.003110805691787767
244,2018-06-22,0.0018867599237494335,-0.0015729763735155
245,2018-06-25,-0.015723785233997634,-0.007051345974949166
246,2018-06-26,0.0025320905893774,0.0018730848642651333
247,2018-06-27,-0.010137165821445132,-0.0055286812722125335
248,2018-06-28,0.0059257935871348,0.0035778894368690673
249,2018-06-29,0.0011595347859904668,-7.911096132573328e-05
250,2018-07-02,0.0033394202713406666,0.002762457567858334
251,2018-07-03,-0.007743704839877233,-0.004367273974358033
252,2018-07-05,0.0104259152355128,0.005459644490985999
253,2018-07-06,0.0095699034695402,0.006475242444468
254,2018-07-09,0.010366005133265034,0.0016973757580605667
255,2018-07-10,0.0032218140538885667,-0.0008954056118901
256,2018-07-11,-0.008074024559178066,-0.0017087713531498665
257,2018-07-12,0.0116397364589848,0.0061042078159994
258,2018-07-13,0.002501481613198567,-0.00044434201230696683
259,2018-07-16,-0.0033753486790857336,-0.0043618575043404
260,2018-07-17,0.0070261281044680345,0.005295632783461234
261,2018-07-18,0.0005187005173627666,-0.0009417737384591667
262,2018-07-19,-0.0042781875252265004,-0.0015755922388706338
263,2018-07-20,-0.0012710951533284,-0.0004995825896454
264,2018-07-23,0.004571813913244933,0.004491909798183067
265,2018-07-24,0.002837751146855267,-0.0019825527187088666
266,2018-07-25,0.007284773291329199,0.002287549526754
267,2018-07-26,1.825533554563324e-05,-0.003183466245894767
268,2018-07-27,-0.010190444619783566,-0.007291326108520168
269,2018-07-30,-0.0079775415524375,-0.004593579956466833
270,2018-07-31,0.005133610968495967,0.0022333407160407
271,2018-08-01,-0.0006470743315685001,0.0021356256749944335
272,2018-08-02,0.007297357271649867,0.006875566506231466
273,2018-08-03,0.003412849157803533,0.0006465974288962668
274,2018-08-06,0.0038848473894687,0.002363136776848967
275,2018-08-07,0.004356903974376133,0.0009015874987989333
276,2018-08-08,-0.0016141878068693667,5.247885979723331e-05
277,2018-08-09,-0.0005579591851587666,0.0005646389769131
278,2018-08-10,-0.006266539989721101,-0.002030082923075367
279,2018-08-13,-0.0032972045873455,-0.00024429181906423315
280,2018-08-14,0.004704315183176167,0.004704315183176167
281,2018-08-15,-0.007470652791539033,-0.007470652791539033
282,2018-08-16,0.008814512969600766,0.008814512969600766
283,2018-08-17,0.0018904638134004334,0.0018904638134004334
284,2018-08-20,0.0017871751958969666,0.0017871751958969666
285,2018-08-21,0.0014868991846433335,0.0014868991846433335
286,2018-08-22,0.0003901898652174333,0.0003901898652174333
287,2018-08-23,-0.001367236838029067,-0.001367236838029067
288,2018-08-24,0.0069568758675872,0.0069568758675872
289,2018-08-27,0.009416449520087933,0.009416449520087933
290,2018-08-28,0.0006289637831811333,0.0006289637831811333
291,2018-08-29,0.006566170140686833,0.006566170140686833
292,2018-08-30,-0.004063099024933133,-0.004063099024933133
293,2018-08-31,0.00025189600354006667,0.00025189600354006667
294,2018-09-04,-0.0014481692414076003,-0.0014481692414076003
295,2018-09-05,-0.005973230090554667,-0.005973230090554667
296,2018-09-06,-0.0036862729800442337,-0.0036862729800442337
297,2018-09-07,-0.0021866669239056667,-0.0021866669239056667
298,2018-09-10,0.0009189943516186,0.0009189943516186
299,2018-09-11,0.004659846843375934,0.004659846843375934
300,2018-09-12,-0.0011551564516366333,-0.0011551564516366333
301,2018-09-13,0.007310402696556633,0.007310402696556633
302,2018-09-14,-0.0007810426364249591,-0.0007810426364249591
303,2018-09-17,-0.007587656309905266,-0.007587656309905266
304,2018-09-18,0.0069629207775060336,0.0069629207775060336
305,2018-09-19,0.0025313526684624665,0.0025313526684624665
306,2018-09-20,0.009709741254663201,0.009709741254663201
307,2018-09-21,0.0023787244044693664,0.0023787244044693664
308,2018-09-24,-0.0041313902323726,-0.0041313902323726
309,2018-09-25,-0.0012051929438884332,-0.0012051929438884332
310,2018-09-26,-0.0026014549857334333,-0.0026014549857334333
311,2018-09-27,0.0045968515175202,0.0045968515175202
312,2018-09-28,-0.00016344437340376668,-0.00016344437340376668
313,2018-10-01,0.004681069530820766,0.004681069530820766
314,2018-10-02,0.00045317441840706657,0.00045317441840706657
315,2018-10-03,0.001672406268111,0.001672406268111
316,2018-10-04,-0.011974652822171167,-0.011974652822171167
317,2018-10-05,-0.0070485305211641334,-0.0070485305211641334
318,2018-10-08,-0.0013581029677378169,-0.0013581029677378169
319,2018-10-09,-0.0010977474848708,-0.0010977474848708
320,2018-10-10,-0.0410208142868229,-0.0410208142868229
321,2018-10-11,-0.008665228862966766,-0.008665228862966766
322,2018-10-12,0.011222818922154166,0.011222818922154166
323,2018-10-15,-0.008312057208623066,-0.008312057208623066
324,2018-10-16,0.02908090252030467,0.02908090252030467
325,2018-10-17,-0.0026079747799476996,-0.0026079747799476996
326,2018-10-18,-0.01780501968052903,-0.01780501968052903
327,2018-10-19,-0.0014132537195874998,-0.0014132537195874998
328,2018-10-22,-0.0007948569265721998,-0.0007948569265721998
329,2018-10-23,-0.0025971999250091003,-0.0025971999250091003
330,2018-10-24,-0.03243721237076857,-0.03243721237076857
331,2018-10-25,0.010937568595207066,0.010937568595207066
332,2018-10-26,-0.0056803700813718334,-0.0056803700813718334
333,2018-10-29,-0.015081628525634098,-0.015081628525634098
334,2018-10-30,0.015013258366643233,0.015013258366643233
335,2018-10-31,0.013957442523625102,0.013957442523625102
336,2018-11-01,0.011502470735279532,0.011502470735279532
337,2018-11-02,-0.007371452875605533,-0.007371452875605533
338,2018-11-05,0.0030387336561822666,0.0030387336561822666
339,2018-11-06,0.008206798271164667,0.008206798271164667
340,2018-11-07,0.023576395961058965,0.023576395961058965
341,2018-11-08,-0.0031123753446886337,-0.0031123753446886337
342,2018-11-09,-0.012686699082195468,-0.012686699082195468
343,2018-11-12,-0.02304863233367423,-0.02304863233367423
344,2018-11-13,0.0001774921008336317,0.0001774921008336317
345,2018-11-14,-0.011430084423107634,-0.011430084423107634
346,2018-11-15,0.015172798598731267,0.015172798598731267
347,2018-11-16,0.0019832784401266,0.0019832784401266
348,2018-11-19,-0.02200054176415697,-0.02200054176415697
349,2018-11-20,-0.021807715056784402,-0.021807715056784402
350,2018-11-21,0.0037507257401591335,0.0037507257401591335
351,2018-11-23,-0.0075404689773432,-0.0075404689773432
352,2018-11-26,0.017052174952435436,0.017052174952435436
353,2018-11-27,0.005583705348476732,0.005583705348476732
354,2018-11-28,0.025532143460874433,0.025532143460874433
355,2018-11-29,0.0007116188975759,0.0007116188975759
356,2018-11-30,0.005391322352282066,0.005391322352282066
357,2018-12-03,0.013150757339278202,0.013150757339278202
358,2018-12-04,-0.0329905230992398,-0.0329905230992398
359,2018-12-06,-0.0021350612683992336,-0.0021350612683992336
360,2018-12-07,-0.0229873832562507,0.0229873832562507
361,2018-12-10,0.005488675396314,-0.005488675396314
362,2018-12-11,-0.0002630731922402666,0.0002630731922402666
363,2018-12-12,0.005965740391796433,-0.005965740391796433
364,2018-12-13,-0.0016489785692798,0.0016489785692798
365,2018-12-14,-0.019222925638169366,0.019222925638169366
366,2018-12-17,-0.0191678803966802,0.0191678803966802
367,2018-12-18,-0.003353515337107633,0.003353515337107633
368,2018-12-19,-0.014913382754150467,0.014913382754150467
369,2018-12-20,-0.0082006229251316,0.0082006229251316
370,2018-12-21,-0.008262351661169001,-0.008262351661169001
371,2018-12-24,-0.05235388883643086,-0.05235388883643086
372,2018-12-26,0.059062203481507765,0.059062203481507765
373,2018-12-27,0.008964890456489433,0.008964890456489433
374,2018-12-28,-0.004495829792,-0.004495829792
375,2018-12-31,0.008071473841831434,0.008071473841831434
376,2019-01-02,0.003568500405058933,0.003568500405058933
377,2019-01-03,-0.028849039838353064,-0.028849039838353064
378,2019-01-04,0.036912016009545,0.036912016009545
379,2019-01-07,0.007440008716207233,0.007440008716207233
380,2019-01-08,0.009267239695612633,-0.003033113627729967
381,2019-01-09,0.004931799141468467,-0.00010253890788480015
382,2019-01-10,0.004239479073193234,-0.0021702612123103665
383,2019-01-11,-0.0005421538387425,-0.0007156603317919
384,2019-01-14,-0.006432860391016333,-0.00039737917144499975
385,2019-01-15,0.011573360417754032,0.001846553002159433
386,2019-01-16,0.002788276991500667,-0.0038366912649120664
387,2019-01-17,0.0078402285794391,-0.0024648926209417665
388,2019-01-18,0.013210142275605068,-0.0059928803708432675
389,2019-01-22,-0.015796576597061632,0.002080972951017501
390,2019-01-23,0.0036056535614689667,0.0036056535614689667
391,2019-01-24,-0.0013120461846049334,-0.0013120461846049334
392,2019-01-25,0.0127821313297134,0.0127821313297134
393,2019-01-28,-0.010093536873273632,-0.010093536873273632
394,2019-01-29,-0.0022646660354587,-0.0022646660354587
395,2019-01-30,0.020934897057251402,0.020934897057251402
396,2019-01-31,0.006618893807185032,0.006618893807185032
397,2019-02-01,-0.0015475167182761307,-0.0015475167182761307
398,2019-02-04,0.007551688049769567,0.007551688049769567
399,2019-02-05,0.006381490321593367,0.006381490321593367
400,2019-02-06,-0.0007262623149313333,-0.0007262623149313333
401,2019-02-07,-0.009993945633811667,-0.009993945633811667
402,2019-02-08,0.00015722071951916662,0.00015722071951916662
403,2019-02-11,-0.0007247145974625334,-0.0007247145974625334
404,2019-02-12,0.014701440457693666,0.014701440457693666
405,2019-02-13,0.0015458597565713333,0.0015458597565713333
406,2019-02-14,-0.001358885362601833,-0.001358885362601833
407,2019-02-15,0.012203014391286434,0.012203014391286434
408,2019-02-19,0.00035803071973899997,0.00035803071973899997
409,2019-02-20,0.0022686055854233664,0.0022686055854233664
410,2019-02-21,-0.0050328820161006675,-0.0050328820161006675
411,2019-02-22,0.0067702382751176,0.0067702382751176
412,2019-02-25,0.0036936455608875,0.0036936455608875
413,2019-02-26,-0.0018215504494802001,-0.0018215504494802001
414,2019-02-27,0.0002339939826099666,0.0002339939826099666
415,2019-02-28,-0.003340990845484133,-0.003340990845484133
416,2019-03-01,0.006452668595484934,0.006452668595484934
417,2019-03-04,-0.004860471062492134,-0.004860471062492134
418,2019-03-05,0.0010891611081855666,0.0010891611081855666
419,2019-03-06,-0.006989797706680433,-0.006989797706680433
420,2019-03-07,-0.009096031297376033,-0.009096031297376033
421,2019-03-08,-3.272354263186665e-05,-3.272354263186665e-05
422,2019-03-11,0.013101922844848533,0.013101922844848533
423,2019-03-12,0.0016008411615677,0.0016008411615677
424,2019-03-13,0.007893487373867235,0.007893487373867235
425,2019-03-14,-0.0024666741052540332,-0.0024666741052540332
426,2019-03-15,0.0025937075501788333,0.0025937075501788333
427,2019-03-18,0.010203408504841567,0.010203408504841567
428,2019-03-19,-0.0005135882641882,-0.0005135882641882
429,2019-03-20,-0.0019026418740920332,-0.0019026418740920332
430,2019-03-21,0.013462703491025267,0.013462703491025267
431,2019-03-22,-0.019010591191859334,-0.019010591191859334
432,2019-03-25,-0.0009641554125601335,-0.0009641554125601335
433,2019-03-26,0.004164594276019333,0.004164594276019333
434,2019-03-27,-0.0035928393642722,-0.0035928393642722
435,2019-03-28,0.0030409178361929332,0.0030409178361929332
436,2019-03-29,0.006716650124621267,0.006716650124621267
437,2019-04-01,0.0124384922187626,0.0124384922187626
438,2019-04-02,-0.0008169536622189667,-0.0008169536622189667
439,2019-04-03,0.005384076905259567,0.005384076905259567
440,2019-04-04,0.0013151154374920003,0.0013151154374920003
441,2019-04-05,0.0034924406139205336,0.0034924406139205336
442,2019-04-08,0.00034505629655440007,0.00034505629655440007
443,2019-04-09,-0.0053618942060549004,-0.0053618942060549004
444,2019-04-10,0.003596763521083167,0.003596763521083167
445,2019-04-11,-0.0017840345789450999,-0.0017840345789450999
446,2019-04-12,0.007431171072821166,0.007431171072821166
447,2019-04-15,-0.0009811537352680001,-0.0009811537352680001
448,2019-04-16,0.0025482837160773334,0.0025482837160773334
449,2019-04-17,-0.0010539389662354334,-0.0010539389662354334
450,2019-04-18,0.003818505194114067,0.003818505194114067
451,2019-04-22,0.0005830007842394001,0.0005830007842394001
452,2019-04-23,0.008952199387216567,0.008952199387216567
453,2019-04-24,-0.0016341806900431668,-0.0016341806900431668
454,2019-04-25,-0.0038721867875778,-0.0038721867875778
455,2019-04-26,0.004492431966422833,0.004492431966422833
456,2019-04-29,-0.0005669963324504667,-0.0005669963324504667
457,2019-04-30,0.0004883857420679667,0.0004883857420679667
458,2019-05-01,-0.0071743370094754,-0.0071743370094754
459,2019-05-02,-0.0031622776609781336,-0.0031622776609781336
460,2019-05-03,0.012032431605959066,0.012032431605959066
461,2019-05-06,-0.005485271823336066,-0.005485271823336066
462,2019-05-07,-0.01573088483328937,-0.01573088483328937
463,2019-05-08,-0.001028471586962433,-0.001028471586962433
464,2019-05-09,-0.006488554733629633,-0.006488554733629633
465,2019-05-10,0.0042227337212385,0.0042227337212385
466,2019-05-13,-0.030948430211452337,-0.030948430211452337
467,2019-05-14,0.012482029766259234,0.012482029766259234
468,2019-05-15,0.008067162934016799,0.008067162934016799
469,2019-05-16,0.008392798728488199,0.008392798728488199
470,2019-05-17,-0.006924252780384633,-0.006924252780384633
471,2019-05-20,-0.008496623300257767,-0.008496623300257767
472,2019-05-21,0.008158686367548332,0.008158686367548332
473,2019-05-22,-0.0038467759859983,-0.0038467759859983
474,2019-05-23,-0.013755302236288134,-0.013755302236288134
475,2019-05-24,0.0037086873543070997,0.0037086873543070997
476,2019-05-28,-0.0073371946933667,-0.0073371946933667
477,2019-05-29,-0.010008205886821567,-0.010008205886821567
478,2019-05-30,0.004147404964368232,0.004147404964368232
479,2019-05-31,-0.015028983791217332,-0.015028983791217332
480,2019-06-03,-0.006235455894132501,-0.006235455894132501
481,2019-06-04,0.021963225326684866,0.021963225326684866
482,2019-06-05,0.007778267974123399,0.007778267974123399
483,2019-06-06,0.0070393402002643,0.0070393402002643
484,2019-06-07,0.013100805252849066,0.013100805252849066
485,2019-06-10,0.006977680911091567,0.006977680911091567
486,2019-06-11,-0.00040595595875356666,-0.00040595595875356666
487,2019-06-12,-0.0033656984957472,-0.0033656984957472
488,2019-06-13,0.005115365237880233,0.005115365237880233
489,2019-06-14,-0.0023558619370878334,-0.0023558619370878334
490,2019-06-17,0.002771189292367434,0.002771189292367434
491,2019-06-18,0.012983178118326067,0.012983178118326067
492,2019-06-19,0.002519285167323333,0.002519285167323333
493,2019-06-20,0.0090683547529537,0.0090683547529537
494,2019-06-21,-0.0013569385236837336,-0.0013569385236837336
495,2019-06-24,0.0015068165458781335,0.0015068165458781335
496,2019-06-25,-0.011463720313398101,-0.011463720313398101
497,2019-06-26,0.00032160557230653325,0.00032160557230653325
498,2019-06-27,0.0031995215834992002,0.0031995215834992002
499,2019-06-28,0.0022379174316598,0.0022379174316598
500,2019-07-01,0.008171809583107965,0.008171809583107965
501,2019-07-02,0.004595341809110634,0.004595341809110634
502,2019-07-03,0.0065678308613478335,0.0065678308613478335
503,2019-07-05,-0.003655187668625733,-0.003655187668625733
504,2019-07-08,-0.004622193806164201,-0.004622193806164201
505,2019-07-09,0.0021083044301249,0.0021083044301249
506,2019-07-10,0.006288664978060267,0.006288664978060267
507,2019-07-11,0.0029953895488772334,0.0029953895488772334
508,2019-07-12,0.0058685139967288,0.0058685139967288
509,2019-07-15,0.0017164268458360668,0.0017164268458360668
510,2019-07-16,-0.0031394301361925333,-0.0031394301361925333
511,2019-07-17,-0.006024522054668767,-0.006024522054668767
512,2019-07-18,0.0030576803479475667,0.0030576803479475667
513,2019-07-19,-0.0069626886667236996,-0.0069626886667236996
514,2019-07-22,0.0053939866093216,0.0053939866093216
515,2019-07-23,0.006415884192443333,0.006415884192443333
516,2019-07-24,0.0026996901038679674,0.0026996901038679674
517,2019-07-25,-0.005713070894613867,-0.005713070894613867
518,2019-07-26,0.0042346323620586325,0.0042346323620586325
519,2019-07-29,-0.0004703971936942,-0.0004703971936942
520,2019-07-30,-0.0030477411433868663,-0.0030477411433868663
521,2019-07-31,-0.0111509500952576,-0.0111509500952576
522,2019-08-01,-0.0097325527622258,-0.0097325527622258
523,2019-08-02,-0.007907499805714967,-0.007907499805714967
524,2019-08-05,-0.036699953139402164,-0.036699953139402164
525,2019-08-06,0.0161762956440832,0.0161762956440832
526,2019-08-07,0.002401604809102967,0.002401604809102967
527,2019-08-08,0.020400627913745,0.020400627913745
528,2019-08-09,-0.006775585406401133,-0.006775585406401133
529,2019-08-12,-0.013666715344623367,-0.013666715344623367
530,2019-08-13,0.019733792060716966,0.019733792060716966
531,2019-08-14,-0.032408856189270564,-0.032408856189270564
532,2019-08-15,0.0028146188540169666,0.0028146188540169666
533,2019-08-16,0.014494931803888467,0.014494931803888467
534,2019-08-19,0.011501550080689966,0.011501550080689966
535,2019-08-20,-0.0078604208738783,-0.0078604208738783
536,2019-08-21,0.010932950015409932,0.010932950015409932
537,2019-08-22,-0.0024866386774944783,-0.0024866386774944783
538,2019-08-23,-0.023605492441771597,-0.023605492441771597
539,2019-08-26,0.010604287054180999,0.010604287054180999
540,2019-08-27,-0.005827598514466434,-0.005827598514466434
541,2019-08-28,0.008223441976436834,0.008223441976436834
542,2019-08-29,0.0135792043991112,0.0135792043991112
543,2019-08-30,-0.0007924357542447333,-0.0007924357542447333
544,2019-09-03,-0.0088967881495302,-0.0088967881495302
545,2019-09-04,0.011523701262233566,0.011523701262233566
546,2019-09-05,0.013688399883112165,0.013688399883112165
547,2019-09-06,0.0024126364768746332,0.0024126364768746332
548,2019-09-09,-0.0010270465592952,-0.0010270465592952
549,2019-09-10,2.8187605486312973e-05,2.8187605486312973e-05
550,2019-09-11,0.008916856791418133,0.008916856791418133
551,2019-09-12,0.0030871444407848335,0.0030871444407848335
552,2019-09-13,-0.0018297662849792,-0.0018297662849792
553,2019-09-16,-0.0037195380388332666,-0.0037195380388332666
554,2019-09-17,0.0025236200640978666,0.0025236200640978666
555,2019-09-18,0.0006701540109461667,0.0006701540109461667
556,2019-09-19,-0.0007045296457204056,-0.0007045296457204056
557,2019-09-20,0.0016559813233052664,0.0016559813233052664
558,2019-09-23,-0.0060890527060740674,-0.0060890527060740674
559,2019-09-24,-0.009661308572477401,-0.009661308572477401
560,2019-09-25,0.007198594053720267,0.007198594053720267
561,2019-09-26,-0.0028645195399678003,-0.0028645195399678003
562,2019-09-27,-0.006744463516933234,-0.006744463516933234
563,2019-09-30,0.0059624483600524,0.0059624483600524
564,2019-10-01,-0.012486380242088766,-0.012486380242088766
565,2019-10-02,-0.019697517927705768,-0.019697517927705768
566,2019-10-03,0.0110760260913973,0.0110760260913973
567,2019-10-04,0.013619257710111667,0.013619257710111667
568,2019-10-07,-0.0037750883136590334,-0.0037750883136590334
569,2019-10-08,-0.013983107940565698,-0.013983107940565698
570,2019-10-09,0.008583841602450534,0.004324398135722667
571,2019-10-10,0.007399671870688101,0.0028631452280979664
572,2019-10-11,0.011276159546832367,0.003950982081192767
573,2019-10-14,-0.0010137314605278666,-0.00029166485610833333
574,2019-10-15,0.011153210934228233,0.0047721944582443665
575,2019-10-16,-0.0019314613971177666,-0.0004007105885356999
576,2019-10-17,0.0015582832989588333,0.0002467267535493
577,2019-10-18,-0.007053262517675099,-0.001150497603314633
578,2019-10-21,0.005426554781564567,0.0043550639141553
579,2019-10-22,-0.005506830381043,-0.004660964550290867
580,2019-10-23,0.0035513065895005,0.0035513065895005
581,2019-10-24,0.0006885184598491334,0.0006885184598491334
582,2019-10-25,0.007838405951216966,0.007838405951216966
583,2019-10-28,0.006059324741985933,0.006059324741985933
584,2019-10-29,-0.0018169973508406333,-0.0018169973508406333
585,2019-10-30,0.004744346235771067,0.004744346235771067
586,2019-10-31,-0.004018284927308033,-0.004018284927308033
587,2019-11-01,0.009325736835738166,0.009325736835738166
588,2019-11-04,0.005106932147993767,0.005106932147993767
589,2019-11-05,-0.00011011953373783333,-0.00011011953373783333
590,2019-11-06,0.00034708935990106665,0.00034708935990106665
591,2019-11-07,0.004962371730743434,0.004962371730743434
592,2019-11-08,0.0011357051615200002,0.0011357051615200002
593,2019-11-11,-0.0003006153646432333,-0.0003006153646432333
594,2019-11-12,0.0015663227362976999,0.0015663227362976999
595,2019-11-13,0.0011855889452505,0.0011855889452505
596,2019-11-14,-2.8665754749360812e-05,-2.8665754749360812e-05
597,2019-11-15,0.006921485058655333,0.006921485058655333
598,2019-11-18,0.0016210386063184666,0.0016210386063184666
599,2019-11-19,-0.0013718878264976,-0.0013718878264976
600,2019-11-20,-0.004138706585478034,-0.004138706585478034
601,2019-11-21,-0.0018530396192377333,-0.0018530396192377333
602,2019-11-22,0.0024165868884242,0.0024165868884242
603,2019-11-25,0.008258581586534667,0.008258581586534667
604,2019-11-26,0.0032172584621445667,0.0032172584621445667
605,2019-11-27,0.0034162660851971,0.0034162660851971
606,2019-11-29,-0.0034137078243748,-0.0034137078243748
607,2019-12-02,-0.010519463966776367,-0.010519463966776367
608,2019-12-03,-0.008706495572618933,-0.008706495572618933
609,2019-12-04,0.005826111166108534,0.005826111166108534
610,2019-12-05,0.0017078588407645667,0.0017078588407645667
611,2019-12-06,0.010717425767380967,0.010717425767380967
612,2019-12-09,-0.0043070456130593,-0.0043070456130593
613,2019-12-10,0.0006956590848795001,0.0006956590848795001
614,2019-12-11,0.002443789622837467,0.002443789622837467
615,2019-12-12,0.007491867628630433,0.007491867628630433
616,2019-12-13,0.0019913795952078667,0.0019913795952078667
617,2019-12-16,0.006561994615935666,0.006561994615935666
618,2019-12-17,4.62777530607827e-05,4.62777530607827e-05
619,2019-12-18,0.0007134290368215,0.0007134290368215
620,2019-12-19,0.004720758737134199,0.004720758737134199
621,2019-12-20,0.007580572436220166,0.007580572436220166
622,2019-12-23,-0.00030772174917109994,-0.00030772174917109994
623,2019-12-24,-0.0005307049647266666,-0.0005307049647266666
624,2019-12-26,0.0060897214827954,0.0060897214827954
625,2019-12-27,-0.0016190617958216332,-0.0016190617958216332
626,2019-12-30,-0.005300676582588167,-0.005300676582588167
627,2019-12-31,0.002278627236190867,0.002278627236190867
628,2020-01-02,0.0120952459788319,0.0120952459788319
629,2020-01-03,-0.008230510159430833,-0.008230510159430833
630,2020-01-06,0.0027092000675829,0.0027092000675829
631,2020-01-07,-0.001990633537334333,-0.001990633537334333
632,2020-01-08,0.008872152607814033,0.008872152607814033
633,2020-01-09,0.005856214469027367,0.005856214469027367
634,2020-01-10,-0.004033854164778067,-0.004033854164778067
635,2020-01-13,0.007725294180225666,0.007725294180225666
636,2020-01-14,-0.0003943878658359333,-0.0003943878658359333
637,2020-01-15,0.0015854186238009,0.0015854186238009
638,2020-01-16,0.007429399043270733,0.007429399043270733
639,2020-01-17,0.0027952337901767667,0.0027952337901767667
640,2020-01-21,-0.0018624306392994998,-0.0018624306392994998
641,2020-01-22,0.0005247149263069907,0.0005247149263069907
642,2020-01-23,0.002381902947174667,0.002381902947174667
643,2020-01-24,-0.0092167742440566,-0.0092167742440566
644,2020-01-27,-0.017598582572022698,-0.017598582572022698
645,2020-01-28,0.012279093781380368,0.012279093781380368
646,2020-01-29,-0.0008317717154984333,-0.0008317717154984333
647,2020-01-30,0.007011403229679534,0.007011403229679534
648,2020-01-31,-0.021453541929900965,-0.021453541929900965
649,2020-02-03,0.008489436580586132,0.008489436580586132
650,2020-02-04,0.019381416343936867,0.019381416343936867
651,2020-02-05,0.0097641189539577,0.0097641189539577
652,2020-02-06,0.0046455340419301,0.0046455340419301
653,2020-02-07,-0.0068174552870741,-0.0068174552870741
654,2020-02-10,0.009243495030547,0.009243495030547
655,2020-02-11,0.0002562466056899777,0.0002562466056899777
656,2020-02-12,0.009082534577613634,0.009082534577613634
657,2020-02-13,-0.0017647857925394,-0.0017647857925394
658,2020-02-14,0.0005938769860519999,0.0005938769860519999
659,2020-02-18,-0.0031151846602458003,-0.0031151846602458003
660,2020-02-19,0.006591395059011934,0.006591395059011934
661,2020-02-20,-0.007398850600915032,-0.007398850600915032
662,2020-02-21,-0.010897150030841267,-0.010897150030841267
663,2020-02-24,-0.03586566635986697,-0.03586566635986697
664,2020-02-25,-0.0285094585373963,-0.0285094585373963
665,2020-02-26,-0.0050135974035192665,-0.0050135974035192665
666,2020-02-27,-0.0509005219472326,-0.0509005219472326
667,2020-02-28,-0.00029567718024456666,-0.00029567718024456666
668,2020-03-02,0.04068319629551117,0.04068319629551117
669,2020-03-03,-0.022715559115559832,-0.022715559115559832
670,2020-03-04,0.0392665438165759,0.0113170332550097
671,2020-03-05,-0.031091523527478234,-0.008716840296128967
672,2020-03-06,-0.014766915840791634,-0.007834196475225035
673,2020-03-09,-0.07066197722061131,-0.021235219042059706
674,2020-03-10,0.0438141946805437,0.0166751068554401
675,2020-03-11,-0.044810467757158634,-0.010630688557459099
676,2020-03-12,-0.10103194688536983,-0.030618373184415435
677,2020-03-13,0.09309327488024144,0.03292411829182944
678,2020-03-16,-0.1082706316966619,-0.03318797987832197
679,2020-03-17,0.03662268691740317,0.0180923668036721
680,2020-03-18,-0.034648897116916995,-0.0033283463839843333
681,2020-03-19,0.0020312987321711,0.0012972680697085001
682,2020-03-20,0.014714358643017433,0.006297977870966567
683,2020-03-23,-0.07815287629160811,-0.020274711401382175
684,2020-03-24,0.09790753277089799,0.021823122686379866
685,2020-03-25,0.006887482435779632,-0.006634774292998767
686,2020-03-26,0.05680409659953689,0.014887739073933698
687,2020-03-27,-0.0360317499008396,-0.008855567095517798
688,2020-03-30,0.03548088364027117,0.012778702053917302
689,2020-03-31,-0.014460081486314032,-0.0019489914275179002
690,2020-04-01,-0.04616290928680847,-0.04616290928680847
691,2020-04-02,0.026340479066789033,0.026340479066789033
692,2020-04-03,-0.013988956589368698,-0.013988956589368698
693,2020-04-06,0.06853314931068016,0.06853314931068016
694,2020-04-07,-0.0010074944671591,-0.0010074944671591
695,2020-04-08,0.030318353514314434,0.030318353514314434
696,2020-04-09,0.012324715959886533,0.012324715959886533
697,2020-04-13,-0.002778010345722833,-0.002778010345722833
698,2020-04-14,0.03290381517948037,0.03290381517948037
699,2020-04-15,-0.01857579690098893,-0.01857579690098893
700,2020-04-16,0.007169351174834933,0.007169351174834933
701,2020-04-17,0.023427272007982763,0.023427272007982763
702,2020-04-20,-0.02106054492054753,-0.02106054492054753
703,2020-04-21,-0.02676207720258573,-0.02676207720258573
704,2020-04-22,0.02125487967484267,0.02125487967484267
705,2020-04-23,-0.002712214456263733,-0.002712214456263733
706,2020-04-24,0.017028537459243567,0.017028537459243567
707,2020-04-27,0.011558132329507498,0.011558132329507498
708,2020-04-28,-0.003511862768613,-0.003511862768613
709,2020-04-29,0.02790493309018093,0.02790493309018093
710,2020-04-30,-0.0106933389604699,-0.0106933389604699
711,2020-05-01,-0.027710508885540136,-0.027710508885540136
712,2020-05-04,0.002699252150053467,0.002699252150053467
713,2020-05-05,0.011459767377138066,0.011459767377138066
714,2020-05-06,-0.005328970246558567,-0.005328970246558567
715,2020-05-07,0.015947978456138334,0.015947978456138334
716,2020-05-08,0.015850892989837866,0.015850892989837866
717,2020-05-11,-0.0006812614465960331,-0.0006812614465960331
718,2020-05-12,-0.022823109955613066,-0.022823109955613066
719,2020-05-13,-0.013542632153569831,-0.013542632153569831
720,2020-05-14,0.0125582963289289,0.0125582963289289
721,2020-05-15,0.0003247890652451334,0.0003247890652451334
722,2020-05-18,0.034309849782518734,0.034309849782518734
723,2020-05-19,-0.008938941114855567,-0.008938941114855567
724,2020-05-20,0.01728408245025057,0.01728408245025057
725,2020-05-21,-0.010040801509013167,-0.010040801509013167
726,2020-05-22,0.0042715452717224335,0.0042715452717224335
727,2020-05-26,0.012581776760363433,0.012581776760363433
728,2020-05-27,0.012578037372088768,0.012578037372088768
729,2020-05-28,0.0002499854967155667,0.0002499854967155667
730,2020-05-29,0.0029279762286451333,0.0029279762286451333
731,2020-06-01,0.0036429910240117665,0.0036429910240117665
732,2020-06-02,0.0074585524231125,0.0074585524231125
733,2020-06-03,0.012527849570795732,0.012527849570795732
734,2020-06-04,-0.0024708798289666,-0.0024708798289666
735,2020-06-05,0.024880928206440136,0.024880928206440136
736,2020-06-08,0.012456075069026231,0.012456075069026231
737,2020-06-09,-0.0032228112818902337,-0.0032228112818902337
738,2020-06-10,-0.0011682531429247336,-0.0011682531429247336
739,2020-06-11,-0.0561403311171352,-0.0561403311171352
740,2020-06-12,0.008606379984643,0.008606379984643
741,2020-06-15,0.0130868315591171,0.0130868315591171
742,2020-06-16,0.0185497928313255,0.0185497928313255
743,2020-06-17,-0.0025629256098776997,-0.0025629256098776997
744,2020-07-02,0.008015273578730933,0.008015273578730933
745,2020-07-06,0.017829491318343466,0.017829491318343466
746,2020-07-07,-0.011021923725700733,-0.011021923725700733
747,2020-07-08,0.0095578401783864,0.0095578401783864
748,2020-07-09,-0.005439539886868333,-0.005439539886868333
749,2020-07-10,0.012682316498141935,0.012682316498141935
750,2020-07-13,-0.0105852044329255,-0.0105852044329255
751,2020-07-14,0.011900025548219265,0.011900025548219265
752,2020-07-15,0.008375615335634934,0.008375615335634934
753,2020-07-16,-0.0105797134497741,-0.0105797134497741
754,2020-07-17,0.005132424398218834,0.005132424398218834
755,2020-07-20,0.014969648383759901,0.014969648383759901
756,2020-07-21,-0.0012636072005511002,-0.0012636072005511002
757,2020-07-22,0.0019954723693862333,0.0019954723693862333
758,2020-07-23,-0.016005104325762933,-0.016005104325762933
759,2020-07-24,-0.0080228029569549,-0.0080228029569549
760,2020-07-27,0.011882541331203434,0.011882541331203434
761,2020-07-28,-0.008561987712638134,-0.008561987712638134
762,2020-07-29,0.0101562935701727,0.0101562935701727
763,2020-07-30,0.0005564194620602004,0.0005564194620602004
764,2020-07-31,0.0057775583039254,0.0057775583039254
765,2020-08-03,0.0102863961459401,0.0102863961459401
766,2020-08-04,0.004421393122076867,0.004421393122076867
767,2020-08-05,0.0060060926855834,0.0060060926855834
768,2020-08-06,0.010767376618594733,0.010767376618594733
769,2020-08-07,-0.0034633645296602,-0.0034633645296602
770,2020-08-10,0.0034959261556085,0.0034959261556085
771,2020-08-11,-0.0088701142288831,-0.0088701142288831
772,2020-08-12,0.0146297053984688,0.0146297053984688
773,2020-08-13,0.0007386044982641334,0.0007386044982641334
774,2020-08-14,-0.0022278626759323,-0.0022278626759323
775,2020-08-17,0.006186479253432332,0.006186479253432332
776,2020-08-18,0.0036367848644782,0.0036367848644782
777,2020-08-19,-0.004681598315621467,-0.004681598315621467
778,2020-08-20,0.005509554439923532,0.005509554439923532
779,2020-08-21,0.005908874646296767,0.005908874646296767
780,2020-08-24,0.010126297028629834,0.010126297028629834
781,2020-08-25,0.0035425814001719667,0.0035425814001719667
782,2020-08-26,0.012546276368815267,0.012546276368815267
783,2020-08-27,0.001245345010549,0.001245345010549
784,2020-08-28,0.004603102684547333,0.004603102684547333
785,2020-08-31,0.0006031791727908331,0.0006031791727908331
786,2020-09-01,0.010545907658091267,0.010545907658091267
787,2020-09-02,0.013068652509319933,0.013068652509319933
788,2020-09-03,-0.03584347013457633,-0.03584347013457633
789,2020-09-04,-0.014605157534502802,-0.014605157534502802
790,2020-09-08,-0.028608970358575302,-0.028608970358575302
791,2020-09-09,0.021897164370777298,0.021897164370777298
792,2020-09-10,-0.017221755290418698,-0.017221755290418698
793,2020-09-11,-0.0033442206642011335,-0.0033442206642011335
794,2020-09-14,0.01607330683431747,0.01607330683431747
795,2020-09-15,0.0080765184905242,0.0080765184905242
796,2020-09-16,-0.0069049556447421,-0.0069049556447421
797,2020-09-17,-0.009419379874824232,-0.009419379874824232
798,2020-09-18,-0.0006953495781721334,-0.0006953495781721334
799,2020-09-21,-0.021490687753769434,-0.021490687753769434
800,2020-09-22,0.008420909427496168,0.008420909427496168
801,2020-09-23,-0.022076674643777133,-0.022076674643777133
802,2020-09-24,0.0030026091637765998,0.0030026091637765998
803,2020-09-25,0.016652963057184732,0.016652963057184732
804,2020-09-28,0.019098333183097334,0.019098333183097334
805,2020-09-29,-0.0037853543751474334,-0.0037853543751474334
806,2020-09-30,0.006981539451978033,0.006981539451978033
807,2020-10-01,0.006762011028697633,0.006762011028697633
808,2020-10-02,-0.014148271024730432,-0.014148271024730432
809,2020-10-05,0.0175683262930223,0.0175683262930223
810,2020-10-06,-0.013099490197247566,-0.013099490197247566
811,2020-10-07,0.016884928160225635,0.016884928160225635
812,2020-10-08,0.0065635810279085,0.0065635810279085
813,2020-10-09,0.011281603080352599,0.011281603080352599
814,2020-10-12,0.0196016598218485,0.0196016598218485
815,2020-10-13,-0.0052244914190387,-0.0052244914190387
816,2020-10-14,-0.007553426719737101,-0.007553426719737101
817,2020-10-15,-0.003645855776505466,-0.003645855776505466
818,2020-10-16,-0.0031459700472621,-0.0031459700472621
819,2020-10-19,-0.011591363781579801,-0.011591363781579801
820,2020-10-20,0.0021983212194769002,0.0021983212194769002
821,2020-10-21,0.00032841196745690015,0.00032841196745690015
822,2020-10-22,0.0020310274335237004,0.0020310274335237004
823,2020-10-23,-0.00029653380407313325,-0.00029653380407313325
824,2020-10-26,-0.017708917213087,-0.017708917213087
825,2020-10-27,-0.0008646423248216996,-0.0008646423248216996
826,2020-10-28,-0.0365150480064264,-0.0365150480064264
827,2020-10-29,0.0121137230216449,0.0121137230216449
828,2020-10-30,-0.0145445601913492,-0.0145445601913492
829,2020-11-02,0.009240006849737767,0.009240006849737767
830,2020-11-03,0.019476971208913302,0.019476971208913302
831,2020-11-04,0.026372373818778102,0.026372373818778102
832,2020-11-05,0.022406748879985897,0.022406748879985897
833,2020-11-06,-0.0015173612927006,-0.0015173612927006
834,2020-11-09,0.007067574755787567,0.007067574755787567
835,2020-11-10,-0.0028757402033472664,-0.0028757402033472664
836,2020-11-11,0.010132581166807401,0.010132581166807401
837,2020-11-12,-0.008795196281202166,-0.008795196281202166
838,2020-11-13,0.012677626046419135,0.012677626046419135
839,2020-11-16,0.010969528057690333,0.010969528057690333
840,2020-11-17,-0.003946457883356667,-0.003946457883356667
841,2020-11-18,-0.009719691534718565,-0.009719691534718565
842,2020-11-19,0.004520922919737333,0.004520922919737333
843,2020-11-20,-0.007279098606222299,-0.007279098606222299
844,2020-11-23,0.005837031788875578,0.005837031788875578
845,2020-11-24,0.0151700926241813,0.0151700926241813
846,2020-11-25,-0.0002889573772944665,-0.0002889573772944665
847,2020-11-27,0.004251087996739267,0.004251087996739267
848,2020-11-30,-0.0034179539872232004,-0.0034179539872232004
849,2020-12-01,0.010153953556553,0.010153953556553
850,2020-12-02,0.0013839955649767998,0.0013839955649767998
851,2020-12-03,0.0006784105959138999,0.0006784105959138999
852,2020-12-04,0.007714674782198168,0.007714674782198168
853,2020-12-07,-0.00034710880388173337,-0.00034710880388173337
854,2020-12-08,0.003367460414632733,-0.0013353531193675333
855,2020-12-09,-0.0109732616588514,0.0056608179347384
856,2020-12-10,-7.3427852875999466e-06,-0.0007187747549891998
857,2020-12-11,-0.0013171222320810998,-4.0082457236670425e-07
858,2020-12-14,-0.000822320918645,-0.001863464901316267
859,2020-12-15,0.0117795627403524,-0.0030040245530496
860,2020-12-16,0.0020460896085623334,-0.0009182870191276003
861,2020-12-17,0.005562141489705067,-0.0018691963659689334
862,2020-12-18,0.0025018392118809334,-0.0016060828576092666
863,2020-12-21,-0.0094040960275072,0.0021582053867826665
864,2020-12-22,-0.002297236194362,-0.002297236194362
865,2020-12-23,0.00020401367310260012,0.00020401367310260012
866,2020-12-24,0.0034577412301996665,0.0034577412301996665
867,2020-12-28,0.008466733198925167,0.008466733198925167
868,2020-12-29,-0.0011933474546613001,-0.0011933474546613001
869,2020-12-30,0.001099317665018797,0.001099317665018797
870,2020-12-31,0.0054800385115953,0.0054800385115953
871,2021-01-04,-0.014493175469247102,-0.014493175469247102
872,2021-01-05,0.007189308018088966,0.007189308018088966
873,2021-01-06,0.0021773115564369667,0.0021773115564369667
874,2021-01-07,0.0155333550516112,0.0155333550516112
875,2021-01-08,0.006845440577846167,0.006845440577846167
876,2021-01-11,-0.0083017934262877,-0.0083017934262877
877,2021-01-12,0.0008219504841859666,0.0008219504841859666
878,2021-01-13,0.0027716196256325665,0.0027716196256325665
879,2021-01-14,-0.0034645878436463666,-0.0034645878436463666
880,2021-01-15,-0.007139453825863333,-0.007139453825863333
881,2021-01-19,0.008446106569410567,0.008446106569410567
882,2021-01-20,0.0156159886560276,0.0156159886560276
883,2021-01-21,0.002475311321496567,0.002475311321496567
884,2021-01-22,-0.0037197368018842005,-0.0037197368018842005
885,2021-01-25,0.0036406680953723664,0.0036406680953723664
886,2021-01-26,-0.0005530859057037667,-0.0005530859057037667
887,2021-01-27,-0.02497337729594967,-0.02497337729594967
888,2021-01-28,0.008674587924922133,0.008674587924922133
889,2021-01-29,-0.0203341790916948,-0.0203341790916948
890,2021-02-01,0.016416858212065732,0.016416858212065732
891,2021-02-02,0.015268080068173734,0.015268080068173734
892,2021-02-03,-0.0004518255404624667,-0.0004518255404624667
893,2021-02-04,0.0109036287342721,0.0109036287342721
894,2021-02-05,0.003591906984272033,0.003591906984272033
895,2021-02-08,0.006894326347597734,0.006894326347597734
896,2021-02-09,-0.00017362564656229996,-0.00017362564656229996
897,2021-02-10,-0.0005759698787598334,-0.0005759698787598334
898,2021-02-11,0.0031873896911053003,0.0031873896911053003
899,2021-02-12,0.0038620472378985333,0.0038620472378985333
900,2021-02-16,-0.0005213792434571001,-0.0005213792434571001
901,2021-02-17,-0.0006608943627760401,-0.0006608943627760401
902,2021-02-18,-0.004440780429531399,-0.004440780429531399
903,2021-02-19,-0.0019266721924337722,-0.0019266721924337722
904,2021-02-22,-0.010806043335543067,-0.010806043335543067
905,2021-02-23,-0.0001502243022455334,-0.0001502243022455334
906,2021-02-24,0.0110923702766527,0.0110923702766527
907,2021-02-25,-0.0255065598972391,-0.0255065598972391
908,2021-02-26,-0.0044511266283312,-0.0044511266283312
909,2021-03-01,0.0237897479936319,0.0237897479936319
910,2021-03-02,-0.009904369950060233,-0.009904369950060233
911,2021-03-03,-0.015207302135029402,-0.015207302135029402
912,2021-03-04,-0.014256271150299033,-0.014256271150299033
913,2021-03-05,0.018429985317281867,0.018429985317281867
914,2021-03-08,-0.008067148449503833,-0.008067148449503833
915,2021-03-09,0.018402882476889166,0.018402882476889166
916,2021-03-10,0.0058753169596075,0.0058753169596075
917,2021-03-11,0.013326040630402733,0.013326040630402733
918,2021-03-12,0.0005413408195294001,0.0005413408195294001
919,2021-03-15,0.007753743456875466,0.007753743456875466
920,2021-03-16,0.00020654905500453323,0.00020654905500453323
921,2021-03-17,0.004082307248082467,0.004082307248082467
922,2021-03-18,-0.016457502462106633,-0.016457502462106633
923,2021-03-19,-0.0007161416543612666,-0.0007161416543612666
924,2021-03-22,0.0064058461941572,0.0064058461941572
925,2021-03-23,-0.007434547069735733,-0.007434547069735733
926,2021-03-24,-0.006929594174142034,-0.006929594174142034
927,2021-03-25,0.0029612621004424,0.0029612621004424
928,2021-03-26,0.0152592427466637,0.0152592427466637
929,2021-03-29,-0.0002664240482360334,-0.0002664240482360334
930,2021-03-30,-0.0037329711927310337,-0.0037329711927310337
931,2021-03-31,0.006868614337001168,0.006868614337001168
932,2021-04-01,0.010740577553257802,0.010740577553257802
933,2021-04-05,0.015360674525284198,0.015360674525284198
934,2021-04-06,-0.0016851586112109334,-0.0016851586112109334
935,2021-04-07,0.0014757961480151998,0.0014757961480151998
936,2021-04-08,0.0056798790216070335,0.0056798790216070335
937,2021-04-09,0.007383532436635133,0.007383532436635133
938,2021-04-12,-0.000944172238338,-0.000944172238338
939,2021-04-13,0.0044379249561527665,0.0044379249561527665
940,2021-04-14,-0.004875089123821401,-0.004875089123821401
941,2021-04-15,0.011765971146591565,0.011765971146591565
942,2021-04-16,0.003022315685658234,0.003022315685658234
943,2021-04-19,-0.0060013955884563345,-0.0060013955884563345
944,2021-04-20,-0.007299839114160299,-0.007299839114160299
945,2021-04-21,0.009206036810419867,0.009206036810419867
946,2021-04-22,-0.010016903359802999,-0.010016903359802999
947,2021-04-23,0.010111913769154466,0.010111913769154466
948,2021-04-26,0.0020331671712182334,0.0020331671712182334
949,2021-04-27,-0.0013725540227264665,-0.0013725540227264665
950,2021-04-28,-0.0032348577565080665,-0.0032348577565080665
951,2021-04-29,0.0058883456433678335,0.0058883456433678335
952,2021-04-30,-0.0065786939388288,-0.0065786939388288
953,2021-05-03,0.0018333164316915668,0.0018333164316915668
954,2021-05-04,-0.008212065323167334,-0.008212065323167334
955,2021-05-05,-7.653177218500118e-06,-7.653177218500118e-06
956,2021-05-06,0.008547436363660099,0.008547436363660099
957,2021-05-07,0.0075707005462811,0.0075707005462811
958,2021-05-10,-0.012049370822062802,-0.012049370822062802
959,2021-05-11,-0.007899570259409667,-0.007899570259409667
960,2021-05-12,-0.022295942837407403,-0.022295942837407403
961,2021-05-13,0.010849493054734668,0.010849493054734668
962,2021-05-14,0.016060653650687432,0.016060653650687432
963,2021-05-17,-0.0035808384738507007,-0.0035808384738507007
964,2021-05-18,-0.0076085621364847,-0.0076085621364847
965,2021-05-19,-0.0020051449376193,-0.0020051449376193
966,2021-05-20,0.011779624633776268,0.011779624633776268
967,2021-05-21,-0.0009904760211373335,-0.0009904760211373335
968,2021-05-24,0.011039787897399832,0.011039787897399832
969,2021-05-25,-0.0009283428837587334,-0.0009283428837587334
970,2021-05-26,0.0017588270924172335,0.0017588270924172335
971,2021-05-27,0.0011581454264609,0.0011581454264609
972,2021-05-28,0.001525725645500733,0.001525725645500733
973,2021-06-01,-0.0008793156573308,-0.0008793156573308
974,2021-06-02,0.0016117697711383668,0.0016117697711383668
975,2021-06-03,-0.0049329158257460665,-0.0049329158257460665
976,2021-06-04,0.010481701669105933,0.010481701669105933
977,2021-06-07,-0.000517722344257,-0.000517722344257
978,2021-06-08,-9.409536377992494e-05,-9.409536377992494e-05
979,2021-06-09,-0.0019415546268104,-0.0019415546268104
980,2021-06-10,0.0052840077238002,0.0052840077238002
981,2021-06-11,0.0014430340178240063,0.0014430340178240063
982,2021-06-14,0.0030315368213993336,0.0030315368213993336
983,2021-06-15,-0.0037781252153902996,-0.0037781252153902996
984,2021-06-16,-0.005643354237862,-0.005643354237862
985,2021-06-17,0.002256195662732233,0.002256195662732233
986,2021-06-18,-0.007885759932799434,-0.007885759932799434
987,2021-06-21,0.006003024978911566,0.006003024978911566
988,2021-06-22,0.0055359910483656,0.0055359910483656
989,2021-06-23,-0.0010114430061652334,-0.0010114430061652334
990,2021-06-24,0.007251800088884632,0.007251800088884632
991,2021-06-25,0.0032951216168523,0.0032951216168523
992,2021-06-28,0.003114377327812,0.003114377327812
993,2021-06-29,0.0013352695479841336,0.0013352695479841336
994,2021-06-30,0.0024194756866034667,0.0024194756866034667
995,2021-07-01,0.0028323493639331974,0.0028323493639331974
996,2021-07-02,0.007834860908605967,0.007834860908605967
997,2021-07-06,-0.0013586158992043666,-0.0013586158992043666
998,2021-07-07,0.0028595180704410333,0.0028595180704410333
999,2021-07-08,-0.007485108026851266,-0.007485108026851266
1000,2021-07-09,0.010300447293258033,0.010300447293258033
1001,2021-07-12,0.0037731422116645667,0.0037731422116645667
1002,2021-07-13,-0.002203018014434233,-0.002203018014434233
1003,2021-07-14,0.0014800486772227667,0.0014800486772227667
1004,2021-07-15,-0.0030759398561764667,-0.0030759398561764667
1005,2021-07-16,-0.008071520941000667,-0.008071520941000667
1006,2021-07-19,-0.015130799208815734,-0.015130799208815734
1007,2021-07-20,0.014736084804473366,0.014736084804473366
1008,2021-07-21,0.007881094224828966,0.007881094224828966
1009,2021-07-22,0.003146657253756633,0.003146657253756633
1010,2021-07-23,0.009434861618817634,0.009434861618817634
1011,2021-07-26,0.0020793165304215,0.0020793165304215
1012,2021-07-27,-0.006010415193046767,-0.006010415193046767
1013,2021-07-28,0.00022987206027763317,0.00022987206027763317
1014,2021-07-29,0.003288149834849334,0.003288149834849334
1015,2021-07-30,-0.004852150848483733,-0.004852150848483733
1016,2021-08-02,-0.0018695087671131,-0.0018695087671131
1017,2021-08-03,0.007426438596578366,0.007426438596578366
1018,2021-08-04,-0.0038586856189438998,-0.0038586856189438998
1019,2021-08-05,0.006544223770166166,0.006544223770166166
1020,2021-08-06,0.00042713796433213326,0.00042713796433213326
1021,2021-08-09,-0.0005086876289778332,-0.0005086876289778332
1022,2021-08-10,3.583503736106676e-05,3.583503736106676e-05
1023,2021-08-11,0.0022937100766190666,0.0022937100766190666
1024,2021-08-12,0.0026430510700717,0.0026430510700717
1025,2021-08-13,0.0018126611220371667,0.0018126611220371667
1026,2021-08-16,0.0021136596405375,0.0021136596405375
1027,2021-08-17,-0.0078585530377846,-0.0078585530377846
1028,2021-08-18,-0.010487607295282766,-0.010487607295282766
1029,2021-08-19,0.0016394614256914671,0.0016394614256914671
1030,2021-08-20,0.0085309323249239,0.0085309323249239
1031,2021-08-23,0.009823705464855734,0.009823705464855734
1032,2021-08-24,0.0019439239734981336,0.0019439239734981336
1033,2021-08-25,0.0014049569230275335,0.0014049569230275335
1034,2021-08-26,-0.005793127791694334,-0.005793127791694334
1035,2021-08-27,0.008525876013212733,0.008525876013212733
1036,2021-08-30,0.004675932309256133,0.004675932309256133
1037,2021-08-31,-0.000783600552076,-0.000783600552076
1038,2021-09-01,0.0001559176000393,0.0001559176000393
1039,2021-09-02,0.0021216885682153667,0.0021216885682153667
1040,2021-09-03,0.0003557699514193,0.0003557699514193
1041,2021-09-07,-0.0030961979414992663,-0.0030961979414992663
1042,2021-09-08,-0.0024125929480729,-0.0024125929480729
1043,2021-09-09,-0.004154847247022533,-0.004154847247022533
1044,2021-09-10,-0.0075489475865693,-0.0075489475865693
1045,2021-09-13,0.0032344219984753,0.0032344219984753
1046,2021-09-14,-0.005645203371999034,-0.005645203371999034
1047,2021-09-15,0.007603042934655133,0.007603042934655133
1048,2021-09-16,-0.0009323273891933666,-0.0009323273891933666
1049,2021-09-17,-0.0019073885465499334,-0.0019073885465499334
1050,2021-09-20,-0.02717869883276353,-0.02717869883276353
1051,2021-09-21,-0.0004651509275689334,-0.0004651509275689334
1052,2021-09-22,0.009486999207893233,0.009486999207893233
1053,2021-09-23,0.012213340502655531,0.012213340502655531
1054,2021-09-24,0.0012029123302495332,0.0012029123302495332
1055,2021-09-27,-0.002990866377793867,-0.002990866377793867
1056,2021-09-28,-0.021612451004859035,-0.021612451004859035
1057,2021-09-29,0.0007930712427607001,0.0007930712427607001
1058,2021-09-30,-0.010561946445377767,-0.010561946445377767
1059,2021-10-01,0.009765663404426533,0.009765663404426533
1060,2021-10-04,-0.013689283813369766,-0.013689283813369766
1061,2021-10-05,0.010849478911893367,0.010849478911893367
1062,2021-10-06,0.004951171394118933,0.004951171394118933
1063,2021-10-07,0.0088902046201359,0.0088902046201359
1064,2021-10-08,-0.0023391060232766667,-0.0023391060232766667
1065,2021-10-11,-0.007209132469859734,-0.007209132469859734
1066,2021-10-12,-0.0029814679859198,-0.0029814679859198
1067,2021-10-13,0.0035901294919570607,0.0035901294919570607
1068,2021-10-14,0.0169554304076585,0.0169554304076585
1069,2021-10-15,0.008385620685530167,0.008385620685530167
1070,2021-10-18,0.004196161452953633,0.004196161452953633
1071,2021-10-19,0.006669639524449401,0.006669639524449401
1072,2021-10-20,0.0022363120886887333,0.0022363120886887333
1073,2021-10-21,0.003235172614240825,0.003235172614240825
1074,2021-10-22,-0.002628334254531,-0.002628334254531
1075,2021-10-25,0.0055328290479752,0.0055328290479752
1076,2021-10-26,0.0018142265047584333,0.0018142265047584333
1077,2021-10-27,-0.0029937897096247,-0.0029937897096247
1078,2021-10-28,0.009059716567725534,0.009059716567725534
1079,2021-10-29,0.0031014166387203002,0.0031014166387203002
1080,2021-11-01,0.0027040312230541333,0.0027040312230541333
1081,2021-11-02,0.003974662602866733,0.003974662602866733
1082,2021-11-03,0.006491381038159234,0.006491381038159234
1083,2021-11-04,0.005417956529114368,0.005417956529114368
1084,2021-11-05,0.003548145015534567,0.003548145015534567
1085,2021-11-08,0.0006700820957385333,0.0006700820957385333
1086,2021-11-09,-0.004411699693532,-0.004411699693532
1087,2021-11-10,-0.009355584817948367,-0.009355584817948367
1088,2021-11-11,-0.0005565041998196667,-0.0005565041998196667
1089,2021-11-12,0.007779164292411166,0.007779164292411166
1090,2021-11-15,-8.651160282936666e-05,-8.651160282936666e-05
1091,2021-11-16,0.004019308521665933,0.004019308521665933
1092,2021-11-17,-0.002265509799167967,-0.002265509799167967
1093,2021-11-18,0.004033215190594234,0.004033215190594234
1094,2021-11-19,-0.0010389307167730667,-0.0010389307167730667
1095,2021-11-22,-0.004722384260131967,-0.004722384260131967
1096,2021-11-23,0.0010262564056799667,0.0010262564056799667
1097,2021-11-24,0.0016915522612909334,0.0016915522612909334
1098,2021-11-26,-0.02204791803311387,-0.02204791803311387
1099,2021-11-29,0.013157171569818533,0.013157171569818533
1100,2021-11-30,-0.0168516483736563,-0.0168516483736563
1101,2021-12-01,-0.014411788705050435,-0.014411788705050435
1102,2021-12-02,0.0135444267898321,0.0135444267898321
1103,2021-12-03,-0.0089702667901369,-0.0089702667901369
1104,2021-12-06,0.012737308396922798,0.0002780517092336003
1105,2021-12-07,0.02164107346663267,0.012155670763008867
1106,2021-12-08,0.0028208278816694997,0.0022048057048711
1107,2021-12-09,-0.007156238043397101,-0.0072867887810087
1108,2021-12-10,0.008873902522822533,0.004883561385948333
1109,2021-12-13,-0.011030906256007967,-0.0050624722285198325
1110,2021-12-14,-0.006395869913229234,-0.004656495526919833
1111,2021-12-15,0.016321772024571066,0.009308570704439132
1112,2021-12-16,-0.0116510434885901,-0.011205683582115699
1113,2021-12-17,-0.0076229486416048335,-0.003422422440650434
1114,2021-12-20,-0.015703697060403168,-0.015703697060403168
1115,2021-12-21,0.019108157270518435,0.019108157270518435
1116,2021-12-22,0.009572999994852,0.009572999994852
1117,2021-12-23,0.006651650435790233,0.006651650435790233
1118,2021-12-27,0.013257035379449467,0.013257035379449467
1119,2021-12-28,-0.0007524335300979334,-0.0007524335300979334
1120,2021-12-29,0.0013786251130769999,0.0013786251130769999
1121,2021-12-30,-0.0028959295452017663,-0.0028959295452017663
1122,2021-12-31,-0.0037789515440668667,-0.0037789515440668667
1123,2022-01-03,0.007398356755708533,0.007398356755708533
1124,2022-01-04,-0.002351371545684667,-0.002351371545684667
1125,2022-01-05,-0.0203122459605012,-0.0203122459605012
1126,2022-01-06,-0.0020568230513338336,-0.0020568230513338336
1127,2022-01-07,-0.005317132456590567,-0.005317132456590567
1128,2022-01-10,-0.0012460715054374999,-0.0012460715054374999
1129,2022-01-11,0.009450784473295467,0.009450784473295467
1130,2022-01-12,0.0022766560402092332,0.0022766560402092332
1131,2022-01-13,-0.014446895121256602,-0.014446895121256602
1132,2022-01-14,0.0006797098834941667,0.0006797098834941667
1133,2022-01-18,-0.0193103745716677,-0.0193103745716677
1134,2022-01-19,-0.0105080132952818,-0.0105080132952818
1135,2022-01-20,-0.010722477242274401,-0.010722477242274401
1136,2022-01-21,-0.02004291821591937,-0.02004291821591937
1137,2022-01-24,0.0037022591491274667,0.0037022591491274667
1138,2022-01-25,-0.013086975901203,-0.013086975901203
1139,2022-01-26,-0.0014240447849282335,-0.0014240447849282335
1140,2022-01-27,-0.005984450994661233,-0.005984450994661233
1141,2022-01-28,0.02418466850652747,0.02418466850652747
1142,2022-01-31,0.020878445672898604,0.020878445672898604
1143,2022-02-01,0.0069211063881428996,0.0069211063881428996
1144,2022-02-02,0.007827581878937966,0.007827581878937966
1145,2022-02-03,-0.026499337221903164,-0.026499337221903164
1146,2022-02-04,0.006264442104293001,0.006264442104293001
1147,2022-02-07,-0.004182869669795367,-0.004182869669795367
1148,2022-02-08,0.0102932571009913,0.0102932571009913
1149,2022-02-09,0.014511635414029467,0.014511635414029467
1150,2022-02-10,-0.01801383168619927,-0.01801383168619927
1151,2022-02-11,-0.0218205101358581,-0.0218205101358581
1152,2022-02-14,-0.0023808381799066,-0.0023808381799066
1153,2022-02-15,0.017872722598606266,0.017872722598606266
1154,2022-02-16,-0.00031225718549446666,-0.00031225718549446666
1155,2022-02-17,-0.022988772483968967,-0.022988772483968967
1156,2022-02-18,-0.008514558933070666,-0.008514558933070666
1157,2022-02-22,-0.011236364900587966,-0.011236364900587966
1158,2022-02-23,-0.019152346204553333,-0.019152346204553333
1159,2022-02-24,0.0171293113628087,0.0171293113628087
1160,2022-02-25,0.021001934087328065,0.021001934087328065
1161,2022-02-28,-0.0013067556397399667,-0.0013067556397399667
1162,2022-03-01,-0.015760017145938,-0.015760017145938
1163,2022-03-02,0.017436138607705966,0.017436138607705966
1164,2022-03-03,-0.007691462204246601,-0.005505282405729734
1165,2022-03-04,-0.008510106621339034,-0.0054472892245362335
1166,2022-03-07,-0.030368446095937873,-0.014467543853732069
1167,2022-03-08,-0.005537246739005866,-0.0018767013177381333
1168,2022-03-09,0.0270466846414892,0.013489234178327467
1169,2022-03-10,-0.006145812454547067,-0.0038811699373869336
1170,2022-03-11,-0.013860826829784298,-0.0092959941399517
1171,2022-03-14,-0.008329740762299934,-0.008714453493254067
1172,2022-03-15,0.0235206213175535,0.011621641230132434
1173,2022-03-16,0.025167925553930534,0.014690371774456265
1174,2022-03-17,0.0117233246323978,0.003854626197329333
1175,2022-03-18,-0.0009142624273625,1.5524309797667099e-06
1176,2022-03-21,0.009967335151077833,0.0095345642949979
1177,2022-03-22,0.013167868968773802,0.0078827022827476
1178,2022-03-23,-0.013371222580885566,-0.004555065388226633
1179,2022-03-24,0.015625228588302533,0.008734717639397467
1180,2022-03-25,0.0030853142533437336,9.914695091253322e-05
1181,2022-03-28,0.008400424504854601,0.0065975341263434665
1182,2022-03-29,0.0130355500237427,0.0065894286951149
1183,2022-03-30,-0.006454181768972934,-0.0050712131225772
1184,2022-03-31,-0.013953104289995568,-0.013953104289995568
1185,2022-04-01,0.0014761546570491665,0.0014761546570491665
1186,2022-04-04,0.010631912316502734,0.010631912316502734
1187,2022-04-05,-0.014248394868602866,-0.014248394868602866
1188,2022-04-06,-0.011993772948446868,-0.011993772948446868
1189,2022-04-07,0.0031151952617463666,0.0031151952617463666
1190,2022-04-08,-0.004549180362883967,-0.004549180362883967
1191,2022-04-11,-0.016941175857391234,-0.016941175857391234
1192,2022-04-12,-0.0032984648981444994,-0.0032984648981444994
1193,2022-04-13,0.013695357656763734,0.013695357656763734
1194,2022-04-14,-0.012989002228527202,-0.012989002228527202
1195,2022-04-18,-0.00015767716062753328,-0.00015767716062753328
1196,2022-04-19,0.018056191646557602,0.018056191646557602
1197,2022-04-20,-0.0029855159727455,-0.0029855159727455
1198,2022-04-21,-0.014959877682051467,-0.014959877682051467
1199,2022-04-22,-0.027877753945690767,-0.027877753945690767
1200,2022-04-25,0.0088835517992979,0.0088835517992979
1201,2022-04-26,-0.0301924774406872,-0.0301924774406872
1202,2022-04-27,0.0012634664555305332,0.0012634664555305332
1203,2022-04-28,0.025694186849974668,0.025694186849974668
1204,2022-04-29,-0.036394040409469496,-0.017750707470286967
1205,2022-05-02,0.008623213422726365,0.006636310760682299
1206,2022-05-03,0.0023709072663647664,0.001299550888762233
1207,2022-05-04,0.03082098770517977,0.011930786996797301
1208,2022-05-05,-0.0387728694532156,-0.01798921376714893
1209,2022-05-06,-0.007139931415980666,-0.005093947419221867
1210,2022-05-09,-0.0304447310029138,-0.017277612224529868
1211,2022-05-10,0.0042502526933139335,0.0057842016791456
1212,2022-05-11,-0.0193567867407738,-0.012209551619592867
1213,2022-05-12,-0.0018366075021264,7.457501580406672e-05
1214,2022-05-13,0.024930358576328467,-0.0006290898045748656
1215,2022-05-16,-0.0045539714432914664,-0.002875719053569067
1216,2022-05-17,0.0196215738076191,-0.0024441440247871004
1217,2022-05-18,-0.0414734575169304,0.008313289526643668
1218,2022-05-19,-0.006246556601344567,0.0030488131748717
1219,2022-05-20,-0.0007851707432468334,-0.001319516395010033
1220,2022-05-23,0.0183366955872122,-0.007385812689873201
1221,2022-05-24,-0.009512225313505632,-0.005125332416218833
1222,2022-05-25,0.0099652873208889,-0.0002663096072990998
1223,2022-05-26,0.021473602496324,-0.0026608438732282
1224,2022-05-27,0.024742012882274733,0.013330969937489398
1225,2022-05-31,-0.004666686379321334,-0.0009069099553311333
1226,2022-06-01,-0.0068682952479902,-0.003370271732375533
1227,2022-06-02,0.019622928754640567,0.0109841906202015
1228,2022-06-03,-0.0176707830576222,-0.010948532407971868
1229,2022-06-06,0.0027730887758545333,0.002286589140729333
1230,2022-06-07,0.0084730159871327,0.0033482388035321006
1231,2022-06-08,-0.0088716734480307,-0.0033236559597147
1232,2022-06-09,-0.023267979497433002,-0.010578833176981398
1233,2022-06-10,-0.030584210721911337,-0.01250364371533
1234,2022-06-13,-0.0371404234698816,0.006537945992404132
1235,2022-06-14,-0.0023580311480851665,0.0034055532419491
1236,2022-06-15,0.016056213578262566,0.00041269362577949983
1237,2022-06-16,-0.032097287360202564,0.005128733901083101
1238,2022-06-17,-0.0015957293355573332,0.0019336933909293332
1239,2022-06-21,0.030882443178529603,-0.004117261504634866
1240,2022-06-22,-0.0013631403846928998,0.0007009220973909668
1241,2022-06-23,0.010426516553799966,-0.0005265965313198331
1242,2022-06-24,0.030521925321464596,-0.007632326457424934
1243,2022-06-27,-0.004508275038532033,-0.0009829869907638333
1244,2022-06-28,-0.021998004994330567,-0.011643995467793168
1245,2022-06-29,0.0008191531574389333,-0.0006032759635644667
1246,2022-06-30,-0.0097184431291178,-0.005030119849872267
1247,2022-07-01,0.008716254639371432,0.002651907585452966
1248,2022-07-05,0.004909054766858468,0.0075919475691936
1249,2022-07-06,0.004093962027395666,0.0024346223153019334
1250,2022-07-07,0.015966429677793503,0.008356717621558967
1251,2022-07-08,-0.0005551133128459,0.0006563509648981667
1252,2022-07-11,-0.012956528600803,-0.009336811790412333
1253,2022-07-12,-0.007666784990592634,-0.003941672594960034
1254,2022-07-13,-0.004391130562062067,8.689910488439972e-05
1255,2022-07-14,-0.0016556588234711335,0.0016822261712185996
1256,2022-07-15,0.019241961720534,0.005235078088764735
1257,2022-07-18,-0.007618588327813934,-0.003351512021821934
1258,2022-07-19,0.027282716417402566,0.0113069377592391
1259,2022-07-20,0.007960387096442366,0.0066602287707108335
1260,2022-07-21,0.009544287333824833,0.006321147702811566
1261,2022-07-22,-0.010103977088013234,-0.007354578518950233
1262,2022-07-25,-0.0004688939545518667,-0.0023930769610878
1263,2022-07-26,-0.0129050513569437,-0.008004163983506566
1264,2022-07-27,0.0271633730845246,0.0271633730845246
1265,2022-07-28,0.010483466165278635,0.010483466165278635
1266,2022-07-29,0.014470388340494598,0.014470388340494598
1267,2022-08-01,-0.0018686030594179668,-0.0018686030594179668
1268,2022-08-02,-0.0072306348897812,-0.0072306348897812
1269,2022-08-03,0.0182096424118718,0.0182096424118718
1270,2022-08-04,0.00016786294279649998,0.00016786294279649998
1271,2022-08-05,-0.002123774880562633,-0.002123774880562633
1272,2022-08-08,-0.0011922560148546666,-0.0011922560148546666
1273,2022-08-09,-0.005784321047327766,-0.005784321047327766
1274,2022-08-10,0.021456443495039168,0.021456443495039168
1275,2022-08-11,-0.0015887304184269667,-0.0015887304184269667
1276,2022-08-12,0.01645886466313363,0.01645886466313363
1277,2022-08-15,0.005416382914882299,0.005416382914882299
1278,2022-08-16,0.0025873227494272997,0.0025873227494272997
1279,2022-08-17,-0.0079399997543582,-0.0079399997543582
1280,2022-08-18,0.0016776969739647999,0.0016776969739647999
1281,2022-08-19,-0.013253888659255532,-0.013253888659255532
1282,2022-08-22,-0.022550085184270863,-0.022550085184270863
1283,2022-08-23,-0.0027704010748108333,-0.0027704010748108333
1284,2022-08-24,0.0024254772268180666,0.0024254772268180666
1285,2022-08-25,0.013705577365231134,0.013705577365231134
1286,2022-08-26,-0.03491375345327486,-0.03491375345327486
1287,2022-08-29,-0.0076361711405077,-0.0076361711405077
1288,2022-08-30,-0.010310671036113767,-0.010310671036113767
1289,2022-08-31,-0.007123006568585,-0.007123006568585
1290,2022-09-01,0.0026068231790307,0.0026068231790307
1291,2022-09-02,-0.012509763279118333,-0.012509763279118333
1292,2022-09-06,-0.005091021098420166,-0.005091021098420166
1293,2022-09-07,0.017094033794780767,0.017094033794780767
1294,2022-09-08,0.005720918236974067,0.005720918236974067
1295,2022-09-09,0.016639587197966,0.016639587197966
1296,2022-09-12,0.0097900648166302,0.0097900648166302
1297,2022-09-13,-0.046185758990278436,-0.046185758990278436
1298,2022-09-14,0.0047925029208525,0.0047925029208525
1299,2022-09-15,-0.011404430754166266,-0.011404430754166266
1300,2022-09-16,-0.009522476415226633,-0.009522476415226633
1301,2022-09-19,0.015002072669521199,0.015002072669521199
1302,2022-09-20,-0.0099924910041671,-0.0099924910041671
1303,2022-09-21,-0.0172747368727652,-0.0172747368727652
1304,2022-09-22,-0.008576762163102799,-0.008576762163102799
1305,2022-09-23,-0.0163143436120165,-0.0163143436120165
1306,2022-09-26,-0.008940242205345268,-0.008940242205345268
1307,2022-09-27,-0.0018923407818499,-0.0018923407818499
1308,2022-09-28,0.019237358589348934,0.019237358589348934
1309,2022-09-29,-0.0216014848994642,-0.0216014848994642
1310,2022-09-30,-0.016043000314859533,-0.016043000314859533
1311,2022-10-03,0.0243029050178725,0.0243029050178725
1312,2022-10-04,0.03002488719428543,0.03002488719428543
1313,2022-10-05,-0.0019012711057390334,-0.0019012711057390334
1314,2022-10-06,-0.009231388979898168,-0.009231388979898168
1315,2022-10-07,-0.028891264135260334,-0.028891264135260334
1316,2022-10-10,-0.007123951687697967,-0.007123951687697967
1317,2022-10-11,-0.0065555247701582,-0.0065555247701582
1318,2022-10-12,-0.0011908392742957334,-0.0011908392742957334
1319,2022-10-13,0.02559673029016477,0.02559673029016477
1320,2022-10-14,-0.022088060335061666,-0.022088060335061666
1321,2022-10-17,0.025721213494617836,0.025721213494617836
1322,2022-10-18,0.010400738542089068,0.010400738542089068
1323,2022-10-19,-0.0048960677433221664,-0.0048960677433221664
1324,2022-10-20,-0.0059160955257005,-0.0059160955257005
1325,2022-10-21,0.024552641590302834,0.024552641590302834
1326,2022-10-24,0.012055891587046433,0.012055891587046433
1327,2022-10-25,0.015663043790489165,0.015663043790489165
1328,2022-10-26,-0.010183800604883867,-0.010183800604883867
1329,2022-10-27,-0.0058907317042672346,-0.0058907317042672346
1330,2022-10-28,0.02698580601498793,0.02698580601498793
1331,2022-10-31,-0.007653981327202367,-0.007653981327202367
1332,2022-11-01,-0.005730657956204865,-0.005730657956204865
1333,2022-11-02,-0.0249540337411258,-0.0249540337411258
1334,2022-11-03,-0.011887994199597967,-0.011887994199597967
1335,2022-11-04,0.013947757915866768,0.013947757915866768
1336,2022-11-07,0.011162883181935734,0.011162883181935734
1337,2022-11-08,0.007589313057824066,0.007589313057824066
1338,2022-11-09,-0.02135925792185823,-0.02135925792185823
1339,2022-11-10,0.05505109297803997,0.05505109297803997
1340,2022-11-11,0.009989833589970432,0.009989833589970432
1341,2022-11-14,-0.008034473610783433,-0.008034473610783433
1342,2022-11-15,0.008067374028242232,0.008067374028242232
1343,2022-11-16,-0.007335722881873999,-0.007335722881873999
1344,2022-11-17,-0.002035594795033233,-0.002035594795033233
1345,2022-11-18,0.0034347091431442003,0.0034347091431442003
1346,2022-11-21,-0.005153293381318567,-0.005153293381318567
1347,2022-11-22,0.0130532533884449,0.0130532533884449
1348,2022-11-23,0.005790990516111633,0.005790990516111633
1349,2022-11-25,-0.0008764577338374997,-0.0008764577338374997
1350,2022-11-28,-0.0145615981070489,-0.0145615981070489
1351,2022-11-29,-0.0034560614390847662,-0.0034560614390847662
1352,2022-11-30,0.03230583319303307,0.03230583319303307
1353,2022-12-01,-0.0010295285466778333,-0.0010295285466778333
1354,2022-12-02,-0.0016706963114437336,-0.0016706963114437336
1355,2022-12-05,-0.016160488781410836,-0.016160488781410836
1356,2022-12-06,-0.015081736058084232,-0.015081736058084232
1357,2022-12-07,-0.00240470805276,-0.00240470805276
1358,2022-12-08,0.008158829482011598,0.008158829482011598
1359,2022-12-09,-0.007655406686786533,-0.007655406686786533
1360,2022-12-12,0.013955520609333598,0.013955520609333598
1361,2022-12-13,0.007326671260262333,0.007326671260262333
1362,2022-12-14,-0.0058825390188277,-0.0058825390188277
1363,2022-12-15,-0.027525394497778466,-0.027525394497778466
1364,2022-12-16,-0.005241776089505733,-0.005241776089505733
1365,2022-12-19,-0.0061070820246064,-0.0061070820246064
1366,2022-12-20,0.0006126503481747666,0.0006126503481747666
1367,2022-12-21,0.014831446075687933,0.014831446075687933
1368,2022-12-22,-0.01664840566007383,-0.01664840566007383
1369,2022-12-23,0.0040847811081138,0.0040847811081138
1370,2022-12-27,-0.005669068317025332,-0.005669068317025332
1371,2022-12-28,-0.012157311260123066,-0.012157311260123066
1372,2022-12-29,0.016988459655431897,0.016988459655431897
1373,2022-12-30,-0.0021416211354877003,-0.0021416211354877003
1374,2023-01-03,-0.0036861656413247,-0.0036861656413247
1375,2023-01-04,0.005489291377158899,0.005489291377158899
1376,2023-01-05,-0.012790536301190434,-0.012790536301190434
1377,2023-01-06,0.023640138395573065,0.023640138395573065
1378,2023-01-09,0.0010038039976246666,0.0010038039976246666
1379,2023-01-10,0.006947433443965167,0.006947433443965167
1380,2023-01-11,0.012482729112256901,0.012482729112256901
1381,2023-01-12,0.0048475720064549,0.0048475720064549
1382,2023-01-13,0.0043015664721427664,0.0043015664721427664
1383,2023-01-17,-0.0040874691722701,-0.0040874691722701
1384,2023-01-18,-0.01577736127895987,-0.01577736127895987
1385,2023-01-19,-0.008485421646358234,-0.008485421646358234
1386,2023-01-20,0.018991503231253166,0.018991503231253166
1387,2023-01-23,0.013867260648433232,0.013867260648433232
1388,2023-01-24,-1.5548964855333282e-05,-1.5548964855333282e-05
1389,2023-01-25,-0.0011061516856414571,-0.0011061516856414571
1390,2023-01-26,0.012122627519416734,0.012122627519416734
1391,2023-01-27,0.0041210405623300665,0.0041210405623300665
1392,2023-01-30,-0.013712983072908835,-0.013712983072908835
1393,2023-01-31,0.013538226892922167,0.013538226892922167
1394,2023-02-01,0.010558887876415965,0.010558887876415965
1395,2023-02-02,0.015894644033012165,0.015894644033012165
1396,2023-02-03,-0.010578699692592368,-0.010578699692592368
1397,2023-02-06,-0.005088578113630567,-0.005088578113630567
1398,2023-02-07,0.013853650038192831,0.013853650038192831
1399,2023-02-08,-0.011707911279203334,-0.011707911279203334
1400,2023-02-09,-0.0088681586512853,-0.0088681586512853
1401,2023-02-10,0.00011659121918366668,0.00011659121918366668
1402,2023-02-13,0.012774722530645934,0.012774722530645934
1403,2023-02-14,0.0008349784801562,0.0008349784801562
1404,2023-02-15,0.004155593010132633,0.004155593010132633
1405,2023-02-16,-0.015413218607153398,-0.015413218607153398
1406,2023-02-17,-0.002211390595568067,-0.002211390595568067
1407,2023-02-21,-0.02148536388511583,-0.02148536388511583
1408,2023-02-22,-0.00137531410049655,-0.00137531410049655
1409,2023-02-23,0.005715093474358166,0.005715093474358166
1410,2023-02-24,-0.012890683554843968,-0.012890683554843968
1411,2023-02-27,0.004266320165043567,0.004266320165043567
1412,2023-02-28,-0.0036475211418227666,-0.0036475211418227666
1413,2023-03-01,-0.004531973213298933,-0.004531973213298933
1414,2023-03-02,0.008487331933895866,0.008487331933895866
1415,2023-03-03,0.016323239105314,0.016323239105314
1416,2023-03-06,0.000927133141047,0.000927133141047
1417,2023-03-07,-0.0151897823652418,-0.0151897823652418
1418,2023-03-08,0.0015443170398533,0.0015443170398533
1419,2023-03-09,-0.017909974679289134,-0.017909974679289134
1420,2023-03-10,-0.013027849681312568,-0.013027849681312568
1421,2023-03-13,0.0011391716224165,0.0011391716224165
1422,2023-03-14,0.016665719747627965,0.016665719747627965
1423,2023-03-15,-0.0042419897497108,-0.0042419897497108
1424,2023-03-16,0.018868362504278435,0.018868362504278435
1425,2023-03-17,-0.0014567085346679001,-0.0014567085346679001
1426,2023-03-20,0.008300455780421134,0.008300455780421134
1427,2023-03-21,0.012376408633049799,0.012376408633049799
1428,2023-03-22,-0.014788761520858265,-0.014788761520858265
1429,2023-03-23,0.0051161204994932,0.0051161204994932
1430,2023-03-24,0.0040743525910314,0.0040743525910314
1431,2023-03-27,-0.00010671949056126687,-0.00010671949056126687
1432,2023-03-28,-0.0023771995863344337,-0.0023771995863344337
1433,2023-03-29,0.013973748031592634,0.013973748031592634
1434,2023-03-30,0.006284968738409401,0.006284968738409401
1435,2023-03-31,0.014513858967247701,0.014513858967247701
1436,2023-04-03,0.003740969516839434,0.003740969516839434
1437,2023-04-04,-0.005329240307713566,-0.005329240307713566
1438,2023-04-05,-0.0036756680221450336,-0.0036756680221450336
1439,2023-04-06,0.0035429816614569085,0.0035429816614569085
1440,2023-04-10,0.0009312663630635666,0.0009312663630635666
1441,2023-04-11,-0.0010913347458942188,-0.0010913347458942188
1442,2023-04-12,-0.004917302497417867,-0.004917302497417867
1443,2023-04-13,0.014693185791625102,0.014693185791625102
1444,2023-04-14,-0.0029297803295307337,-0.0029297803295307337
1445,2023-04-17,0.002074473158993333,0.002074473158993333
1446,2023-04-18,0.0003748474522230667,0.0003748474522230667
1447,2023-04-19,-0.0012611914010436666,-0.0012611914010436666
1448,2023-04-20,-0.006038370487146768,-0.006038370487146768
1449,2023-04-21,0.0011584998256560332,0.0011584998256560332
1450,2023-04-24,-0.00014450656981843338,-0.00014450656981843338
1451,2023-04-25,-0.015036526507869468,-0.015036526507869468
1452,2023-04-26,-0.0016269121915760002,-0.0016269121915760002
1453,2023-04-27,0.020279064861888667,0.020279064861888667
1454,2023-04-28,0.007693233896566134,0.007693233896566134
1455,2023-05-01,-0.0010245209636503667,-0.0010245209636503667
1456,2023-05-02,-0.0106733930143101,-0.0106733930143101
1457,2023-05-03,-0.007237938639611933,-0.007237938639611933
1458,2023-05-04,-0.006972863338907999,-0.006972863338907999
1459,2023-05-05,0.018547488626095468,0.018547488626095468
1460,2023-05-08,0.0005307931262422335,0.0005307931262422335
1461,2023-05-09,-0.004164416538174933,-0.004164416538174933
1462,2023-05-10,0.0047419987106966,0.0047419987106966
1463,2023-05-11,-0.0020341157213531664,-0.0020341157213531664
1464,2023-05-12,-0.0018680407098282334,-0.0018680407098282334
1465,2023-05-15,0.003181696732699933,0.003181696732699933
1466,2023-05-16,-0.0051646923176944,-0.0051646923176944
1467,2023-05-17,0.0120973580151559,0.0120973580151559
1468,2023-05-18,0.010750326675638534,0.010750326675638534
1469,2023-05-19,-0.0026471091062917006,-0.0026471091062917006
1470,2023-05-22,-0.0002631960483504294,-0.0002631960483504294
1471,2023-05-23,-0.0101103651720999,-0.0101103651720999
1472,2023-05-24,-0.007327856613496833,-0.007327856613496833
1473,2023-05-25,0.0102064956791955,0.0102064956791955
1474,2023-05-26,0.016018835905787433,0.009536281901438633
1475,2023-05-30,0.0012704608773618997,0.0019949891792486333
1476,2023-05-31,-0.005274159473617534,-0.003057914397207534
1477,2023-06-01,0.008239616944534532,0.005732971301347467
1478,2023-06-02,0.014292405953435033,-8.695543375036631e-05
1479,2023-06-05,-0.0021870927758292666,0.0017162694384416667
1480,2023-06-06,0.0006100654581490153,0.0006497255709820514
1481,2023-06-07,-0.006119490598474834,-0.0079439643270447
1482,2023-06-08,0.0074031704238623,0.004317940959920966
1483,2023-06-09,0.002161058011525333,0.0012948736520588665
1484,2023-06-12,0.0102461909603807,0.0102461909603807
1485,2023-06-13,0.0062058892755583,0.0062058892755583
1486,2023-06-14,7.430127118089978e-05,7.430127118089978e-05
1487,2023-06-15,0.01208969847198,0.01208969847198
1488,2023-06-16,0.006415260619588932,0.006415260619588932
1489,2023-06-20,-0.004880621265727699,-0.004880621265727699
1490,2023-06-21,-0.0077334928173279005,-0.0077334928173279005
1491,2023-06-22,0.004636111398232366,0.004636111398232366
1492,2023-06-23,-0.008317423819721169,-0.008317423819721169
1493,2023-06-26,-0.005948868334576601,-0.005948868334576601
1494,2023-06-27,0.011500861501026133,0.011500861501026133
1495,2023-06-28,-0.0004858351542192667,-0.0004858351542192667
1496,2023-06-29,0.003184938820841533,0.003184938820841533
1497,2023-06-30,0.011985322744132165,0.011985322744132165
1498,2023-07-03,0.0008424569095806666,0.0008424569095806666
1499,2023-07-05,-0.0019493179695141336,-0.0019493179695141336
1500,2023-07-06,-0.009047024938282333,-0.009047024938282333
1501,2023-07-07,-0.004099576905477733,-0.004099576905477733
1502,2023-07-10,0.0029386541654705667,0.0029386541654705667
1503,2023-07-11,0.0069004102744848654,0.0069004102744848654
1504,2023-07-12,0.007400828543891367,0.007400828543891367
1505,2023-07-13,0.008805224096942366,0.008805224096942366
1506,2023-07-14,-1.315761411989994e-05,-1.315761411989994e-05
1507,2023-07-17,0.005177642171667334,0.005177642171667334
1508,2023-07-18,0.008942655174357633,0.008942655174357633
1509,2023-07-19,0.0014015237655757,0.0014015237655757
1510,2023-07-20,-0.008550046273784,-0.008550046273784
1511,2023-07-21,-0.001200014219816551,-0.001200014219816551
1512,2023-07-24,0.0035482619548091003,0.0035482619548091003
1513,2023-07-25,0.003518295223743533,0.003518295223743533
1514,2023-07-26,-0.0006293484889845999,-0.0006293484889845999
1515,2023-07-27,-0.005460810363015901,-0.005460810363015901
1516,2023-07-28,0.010519378756430567,0.010519378756430567
1517,2023-07-31,0.0017538665115285667,0.0017538665115285667
1518,2023-08-01,-0.0012242256187672666,-0.0012242256187672666
1519,2023-08-02,-0.015191212106036934,-0.015191212106036934
1520,2023-08-03,-0.0027333676898449,-0.0027333676898449
1521,2023-08-04,-0.0050815146322335004,-0.0050815146322335004
1522,2023-08-07,0.0096030270693082,0.0096030270693082
1523,2023-08-08,-0.005729977318270934,-0.005729977318270934
1524,2023-08-09,-0.0080544508141819,-0.0080544508141819
1525,2023-08-10,0.0009690975241517666,0.0009690975241517666
1526,2023-08-11,-0.0017393535276513331,-0.0017393535276513331
1527,2023-08-14,0.005920172360657333,0.005920172360657333
1528,2023-08-15,-0.010851516837826633,-0.010851516837826633
1529,2023-08-16,-0.007939871317978468,-0.007939871317978468
1530,2023-08-17,-0.009069570253799099,-0.009069570253799099
1531,2023-08-18,-0.0006200490317244001,-0.0006200490317244001
1532,2023-08-21,0.0073327682917312675,0.0073327682917312675
1533,2023-08-22,-0.0033449971133808,-0.0033449971133808
1534,2023-08-23,0.010626937760907734,0.010626937760907734
1535,2023-08-24,-0.015576602417391366,-0.015576602417391366
1536,2023-08-25,0.007090733244426567,0.007090733244426567
1537,2023-08-28,0.0067386373444374,0.0067386373444374
1538,2023-08-29,0.014802422906174733,0.014802422906174733
1539,2023-08-30,0.003802384700809567,0.003802384700809567
1540,2023-08-31,-0.0013802314499288665,-0.0013802314499288665
1541,2023-09-01,0.0008005279243316668,0.0008005279243316668
1542,2023-09-05,-0.0029389704676888663,-0.0029389704676888663
1543,2023-09-06,-0.007123748673740868,-0.007123748673740868
1544,2023-09-07,-0.0032010724373682333,-0.0032010724373682333
1545,2023-09-08,0.0015163571519373666,0.0015163571519373666
1546,2023-09-11,0.006726030954604033,0.006726030954604033
1547,2023-09-12,-0.005701780394073667,-0.005701780394073667
1548,2023-09-13,0.0006420032571973,0.0006420032571973
1549,2023-09-14,0.008659461354114533,0.008659461354114533
1550,2023-09-15,-0.0020675302977608665,-0.0020675302977608665
1551,2023-09-18,0.00047321432290896667,0.00047321432290896667
1552,2023-09-19,-0.0028262364126534663,-0.0028262364126534663
1553,2023-09-20,-0.008874809151391667,-0.008874809151391667
1554,2023-09-21,-0.0157475294249342,-0.0157475294249342
1555,2023-09-22,-0.0017065937695000333,-0.0017065937695000333
1556,2023-09-25,0.0032298933858904,0.0032298933858904
1557,2023-09-26,-0.013658558085727834,-0.013658558085727834
1558,2023-09-27,-0.0003794733108956,-0.0003794733108956
1559,2023-09-28,0.005581813046549567,0.005581813046549567
1560,2023-09-29,-0.0024132466310764667,-0.0024132466310764667
1561,2023-10-02,0.0016951508184954,0.0016951508184954
1562,2023-10-03,-0.014928624543422135,-0.014928624543422135
1563,2023-10-04,0.008574488172006301,0.008574488172006301
1564,2023-10-05,-0.0021477854210223,-0.0021477854210223
1565,2023-10-06,0.012518039585957033,0.012518039585957033
1566,2023-10-09,0.005740572904567968,0.005740572904567968
1567,2023-10-10,0.004905329572251967,0.004905329572251967
1568,2023-10-11,0.004320040158686733,0.004320040158686733
1569,2023-10-12,-0.005541786522203566,-0.005541786522203566
1570,2023-10-13,-0.0057022120627126666,-0.0057022120627126666
1571,2023-10-16,0.010103308399091133,0.010103308399091133
1572,2023-10-17,-0.0009083612759355334,-0.0009083612759355334
1573,2023-10-18,-0.0125187751276009,-0.0125187751276009
1574,2023-10-19,-0.008567322880876534,-0.008567322880876534
1575,2023-10-20,-0.012152777736682835,-0.012152777736682835
1576,2023-10-23,-0.0013528175854148998,-0.0013528175854148998
1577,2023-10-24,0.007401894319507333,0.007401894319507333
1578,2023-10-25,-0.014259774833379799,-0.014259774833379799
1579,2023-10-26,-0.013515854950012765,-0.013515854950012765
1580,2023-10-27,-0.0036021751251047664,-0.0036021751251047664
