date,ES=F Long Only,ES=F Using TFT
2017-07-05,0.0012371134020618957,0.0012371134020618957
2017-07-06,-0.008031301482701814,-0.008031301482701814
2017-07-07,0.005812746522732004,0.005812746522732004
2017-07-10,0.0008255933952527883,0.0008255933952527883
2017-07-11,0.0,0.0
2017-07-12,0.0063930707362342964,0.0063930707362342964
2017-07-13,0.0022540983606558207,0.0022540983606558207
2017-07-14,0.004293600490697269,0.004293600490697269
2017-07-17,0.0010179153094462823,0.0010179153094462823
2017-07-18,-0.0003050640634533197,-0.0003050640634533197
2017-07-19,0.00559454785881397,0.00559454785881397
2017-07-20,-0.00010115314586278679,-0.00010115314586278679
2017-07-21,-0.0007081436519980056,-0.0007081436519980056
2017-07-24,-0.00040494027130999477,-0.00040494027130999477
2017-07-25,0.002228073728985258,0.002228073728985258
2017-07-26,-0.0003031527890056118,-0.0003031527890056118
2017-07-27,-0.0005054078641463233,-0.0005054078641463233
2017-07-28,-0.0007079288025889641,-0.0007079288025889641
2017-07-31,-0.0009108389839085351,-0.0009108389839085351
2017-08-01,0.0017220421393842056,0.0017220421393842056
2017-08-02,0.0005056122964910426,0.0005056122964910426
2017-08-03,-0.0007074994946432156,-0.0007074994946432156
2017-08-04,0.00010114291493890093,0.00010114291493890093
2017-08-07,0.00222491909385103,0.00222491909385103
2017-08-08,-0.0019172552976791657,-0.0019172552976791657
2017-08-09,0.00010110201193014312,0.00010110201193014312
2017-08-10,-0.014355034371209108,-0.014355034371209108
2017-08-11,0.0010256410256410664,0.0010256410256410664
2017-08-14,0.009631147540983598,0.009631147540983598
2017-08-15,0.0001014816318245515,0.0001014816318245515
2017-08-16,0.0015220700152207556,0.0015220700152207556
2017-08-17,-0.015400202634245241,-0.015400202634245241
2017-08-18,-0.0011319201481786445,-0.0011319201481786445
2017-08-21,0.0005150922015040305,0.0005150922015040305
2017-08-22,0.01019357495881379,0.01019357495881379
2017-08-23,-0.004586688410967321,-0.004586688410967321
2017-08-24,-0.00030718820397301894,-0.00030718820397301894
2017-08-25,0.0007169927276451382,0.0007169927276451382
2017-08-28,0.0005117707267143778,0.0005117707267143778
2017-08-29,0.0013299232736572186,0.0013299232736572186
2017-08-30,0.0035758071107478973,0.0035758071107478973
2017-08-31,0.005802707930367523,0.005802707930367523
2017-09-01,0.0017206477732794045,0.0017206477732794045
2017-09-05,-0.005860361725775531,-0.005860361725775531
2017-09-06,0.002337635938611582,0.002337635938611582
2017-09-07,0.0004055972419387821,0.0004055972419387821
2017-09-08,-0.0016217311980539773,-0.0016217311980539773
2017-09-11,0.010152284263959421,0.010152284263959421
2017-09-12,0.003417085427135591,0.003417085427135591
2017-09-13,0.00020032051282048435,0.00020032051282048435
2017-09-14,0.0,0.0
2017-09-15,-0.00020028039254960106,-0.00020028039254960106
2017-09-18,0.002704326923076872,0.002704326923076872
2017-09-19,0.0007991209669364618,0.0007991209669364618
2017-09-20,0.00019962072063073322,0.00019962072063073322
2017-09-21,-0.0016964374812893368,-0.0016964374812893368
2017-09-22,-0.0005997600959616323,-0.0005997600959616323
2017-09-25,-0.0010002000400080036,-0.0010002000400080036
2017-09-26,-0.0006007208650380402,-0.0006007208650380402
2017-09-27,0.0036064916850331308,0.0036064916850331308
2017-09-28,0.001297664204432003,0.001297664204432003
2017-09-29,0.0032898016149935927,0.0032898016149935927
2017-10-02,0.004073926868044531,0.004073926868044531
2017-10-03,0.002572983671449869,0.002572983671449869
2017-10-04,0.0013818971473693598,0.0013818971473693598
2017-10-05,0.005421389847215297,0.005421389847215297
2017-10-06,-0.0019607843137254832,-0.0019607843137254832
2017-10-09,-0.0004911591355599709,-0.0004911591355599709
2017-10-10,0.0018673218673219694,0.0018673218673219694
2017-10-11,0.0017657445556209517,0.0017657445556209517
2017-10-12,-0.0013709361535448883,-0.0013709361535448883
2017-10-13,0.0012747597568150137,0.0012747597568150137
2017-10-16,0.0013710704142591013,0.0013710704142591013
2017-10-17,0.00029339853300736074,0.00029339853300736074
2017-10-18,0.001173249902229223,0.001173249902229223
2017-10-19,0.0001953125000000444,0.0001953125000000444
2017-10-20,0.005272407732864748,0.005272407732864748
2017-10-23,-0.004079254079254024,-0.004079254079254024
2017-10-24,0.0014628437682855377,0.0014628437682855377
2017-10-25,-0.0034083162917518672,-0.0034083162917518672
2017-10-26,0.001172562048075143,0.001172562048075143
2017-10-27,0.006636736287331635,0.006636736287331635
2017-10-30,-0.003975179367849524,-0.003975179367849524
2017-10-31,0.0017521658717025712,0.0017521658717025712
2017-11-01,0.000777378291711095,0.000777378291711095
2017-11-02,0.0007767744441207203,0.0007767744441207203
2017-11-03,0.0023285146017268943,0.0023285146017268943
2017-11-06,0.0023231052173071642,0.0023231052173071642
2017-11-07,-0.0007725736359246449,-0.0007725736359246449
2017-11-08,0.0016429883057891281,0.0016429883057891281
2017-11-09,-0.0027016595908915253,-0.0027016595908915253
2017-11-10,-0.0017414860681114197,-0.0017414860681114197
2017-11-13,0.0009691800736577605,0.0009691800736577605
2017-11-14,-0.0015491866769945517,-0.0015491866769945517
2017-11-15,-0.005042668735453892,-0.005042668735453892
2017-11-16,0.007797270955165692,0.007797270955165692
2017-11-17,-0.0033849129593810368,-0.0033849129593810368
2017-11-20,0.002231926249393501,0.002231926249393501
2017-11-21,0.0055189775367932015,0.0055189775367932015
2017-11-22,-0.0006740491092922518,-0.0006740491092922518
2017-11-24,0.002505299672383998,0.002505299672383998
2017-11-27,0.00028835063437138153,0.00028835063437138153
2017-11-28,0.009320649562794214,0.009320649562794214
2017-11-29,-0.00038080731150036407,-0.00038080731150036407
2017-11-30,0.008761904761904749,0.008761904761904749
2017-12-01,-0.0015105740181269312,-0.0015105740181269312
2017-12-04,-0.002174735249621751,-0.002174735249621751
2017-12-05,-0.0037903913579077075,-0.0037903913579077075
2017-12-06,0.00038048130885570686,0.00038048130885570686
2017-12-07,0.003898450128363651,0.003898450128363651
2017-12-08,0.004356885773820762,0.004356885773820762
2017-12-11,0.003960769520935603,0.003960769520935603
2017-12-12,0.0013150479053165576,0.0013150479053165576
2017-12-13,0.0005628517823639267,0.0005628517823639267
2017-12-14,-0.004969060566285433,-0.004969060566285433
2017-12-15,0.0050880995006123975,0.0050880995006123975
2017-12-18,0.010405924814849588,0.010405924814849588
2017-12-19,-0.0038968268695490638,-0.0038968268695490638
2017-12-20,-0.0009314456035767193,-0.0009314456035767193
2017-12-21,0.002330785008390901,0.002330785008390901
2017-12-22,-0.0006511022230489827,-0.0006511022230489827
2017-12-26,0.00037230081906169943,0.00037230081906169943
2017-12-27,-0.0005582433941198062,-0.0005582433941198062
2017-12-28,9.309253397882244e-05,9.309253397882244e-05
2017-12-29,-0.0036302708740575396,-0.0036302708740575396
2018-01-02,0.006352765321375298,0.006352765321375298
2018-01-03,0.0066839955440030074,0.0066839955440030074
2018-01-04,0.004703061600885183,0.004703061600885183
2018-01-05,0.006883891693437283,0.006883891693437283
2018-01-08,0.0015496809480401996,0.0015496809480401996
2018-01-09,0.00200236643305729,0.00200236643305729
2018-01-10,-0.0006358434008538749,-0.0006358434008538749
2018-01-11,0.0069078349391020755,0.0069078349391020755
2018-01-12,0.006950713125112751,0.006950713125112751
2018-01-16,-0.0022411474675033682,-0.0022411474675033682
2018-01-17,0.007637017070979413,0.007637017070979413
2018-01-18,-0.002674988854213134,-0.002674988854213134
2018-01-19,0.005274921770227925,0.005274921770227925
2018-01-22,0.008626823194592736,0.008626823194592736
2018-01-23,0.0014989859800722538,0.0014989859800722538
2018-01-24,0.0005282620179609676,0.0005282620179609676
2018-01-25,8.799718409013835e-05,8.799718409013835e-05
2018-01-26,0.011702595688517281,0.011702595688517281
2018-01-29,-0.007305618368411926,-0.007305618368411926
2018-01-30,-0.010162957771158276,-0.010162957771158276
2018-01-31,0.0004425562046379561,0.0004425562046379561
2018-02-01,-0.0011501371317349518,-0.0011501371317349518
2018-02-02,-0.023294951284322463,-0.023294951284322463
2018-02-05,-0.05404915208125505,-0.05404915208125505
2018-02-06,0.03317035758795894,0.03317035758795894
2018-02-07,-0.00965018094089265,-0.00965018094089265
2018-02-08,-0.028014616321559105,-0.028014616321559105
2018-02-09,0.009832272990167645,0.009832272990167645
2018-02-12,0.013841160748377268,0.013841160748377268
2018-02-13,0.00244798041615657,0.00244798041615657
2018-02-14,0.01324316708932094,0.01324316708932094
2018-02-15,0.013718946978123814,0.013718946978123814
2018-02-16,0.00036576444769576,0.00036576444769576
2018-02-20,-0.007678244972577741,-0.007678244972577741
2018-02-21,-0.005619012527634526,-0.005619012527634526
2018-02-22,0.0047244094488188,0.0047244094488188
2018-02-23,0.013737783514659707,0.013737783514659707
2018-02-26,0.01300591177808097,0.01300591177808097
2018-02-27,-0.013287843418926193,-0.013287843418926193
2018-02-28,-0.012010919017288457,-0.012010919017288457
2018-03-01,-0.013354208878246454,-0.013354208878246454
2018-03-02,0.004480537664519835,0.004480537664519835
2018-03-05,0.010500882817582102,0.010500882817582102
2018-03-06,0.002023174544785622,0.002023174544785622
2018-03-07,-0.0002753303964757592,-0.0002753303964757592
2018-03-08,0.005875332782520948,0.005875332782520948
2018-03-09,0.016336588482248837,0.016336588482248837
2018-03-12,0.0,0.0
2018-03-13,-0.0055675287356321546,-0.0055675287356321546
2018-03-14,-0.006772620552645825,-0.006772620552645825
2018-03-15,0.0006364214928629153,0.0006364214928629153
2018-03-16,0.00045429765582416515,0.00045429765582416515
2018-03-19,-0.010898192716374488,-0.010898192716374488
2018-03-20,0.0002754567991920531,0.0002754567991920531
2018-03-21,-0.0019276666054709457,-0.0019276666054709457
2018-03-22,-0.027591281155154967,-0.027591281155154967
2018-03-23,-0.017213657429301032,-0.017213657429301032
2018-03-26,0.023770570686170833,0.023770570686170833
2018-03-27,-0.016450460612897122,-0.016450460612897122
2018-03-28,-0.0031539711363853806,-0.0031539711363853806
2018-03-29,0.013614573346117043,0.013614573346117043
2018-04-02,-0.025728339008702195,-0.025728339008702195
2018-04-03,0.014854368932038842,0.014854368932038842
2018-04-04,0.012914952645173727,0.012914952645173727
2018-04-05,0.005572346052134414,0.005572346052134414
2018-04-06,-0.02103879026955946,-0.02103879026955946
2018-04-09,0.005084908375707631,0.005084908375707631
2018-04-10,0.013745704467353903,0.013745704467353903
2018-04-11,-0.005273069679849307,-0.005273069679849307
2018-04-12,0.00870882241575166,0.00870882241575166
2018-04-13,-0.0025337837837837718,-0.0025337837837837718
2018-04-16,0.009220058330981384,0.009220058330981384
2018-04-17,0.009229048196140566,0.009229048196140566
2018-04-18,0.0012008128579346078,0.0012008128579346078
2018-04-19,-0.006181382046314243,-0.006181382046314243
2018-04-20,-0.00798366134422579,-0.00798366134422579
2018-04-23,-9.358038555118409e-05,-9.358038555118409e-05
2018-04-24,-0.013476836686944327,-0.013476836686944327
2018-04-25,0.0035101034057489766,0.0035101034057489766
2018-04-26,0.011344299489506549,0.011344299489506549
2018-04-27,-0.001121704991587258,-0.001121704991587258
2018-04-30,-0.009170877784016485,-0.009170877784016485
2018-05-01,0.0019833774083868327,0.0019833774083868327
2018-05-02,-0.009331699500424118,-0.009331699500424118
2018-05-03,0.0016175071360609028,0.0016175071360609028
2018-05-04,0.0118742281751687,0.0118742281751687
2018-05-07,0.002628614344724056,0.002628614344724056
2018-05-08,9.36329588014928e-05,9.36329588014928e-05
2018-05-09,0.009643291826608058,0.009643291826608058
2018-05-10,0.008438427299703344,0.008438427299703344
2018-05-11,0.003954022988505779,0.003954022988505779
2018-05-14,0.0005495511998534486,0.0005495511998534486
2018-05-15,-0.008055657268399852,-0.008055657268399852
2018-05-16,0.0051679586563306845,0.0051679586563306845
2018-05-17,-0.0015607785530664664,-0.0015607785530664664
2018-05-18,-0.002114942528735675,-0.002114942528735675
2018-05-21,0.007371913011426479,0.007371913011426479
2018-05-22,-0.0025612879619465456,-0.0025612879619465456
2018-05-23,0.0017424798239178418,0.0017424798239178418
2018-05-24,-0.0011901492264030367,-0.0011901492264030367
2018-05-25,-0.003391384051329105,-0.003391384051329105
2018-05-29,-0.009564977467120372,-0.009564977467120372
2018-05-30,0.01197882811774531,0.01197882811774531
2018-05-31,-0.0069737566525968075,-0.0069737566525968075
2018-06-01,0.010441692847902528,0.010441692847902528
2018-06-04,0.004298125285779664,0.004298125285779664
2018-06-05,0.0021853942815517335,0.0021853942815517335
2018-06-06,0.007541341086680031,0.007541341086680031
2018-06-07,0.0,0.0
2018-06-08,0.0023446658851113966,0.0023446658851113966
2018-06-11,0.001529464687359372,0.001529464687359372
2018-06-12,0.00035932446999642487,0.00035932446999642487
2018-06-13,-0.0035021551724138122,-0.0035021551724138122
2018-06-14,0.0032441200324411223,0.0032441200324411223
2018-06-15,-0.0024252223120452276,-0.0024252223120452276
2018-06-18,0.001170538447685887,0.001170538447685887
2018-06-19,-0.0048565518481877845,-0.0048565518481877845
2018-06-20,0.0020786262991414617,0.0020786262991414617
2018-06-21,-0.00703463203463206,-0.00703463203463206
2018-06-22,0.002543142597638548,0.002543142597638548
2018-06-25,-0.01349882225040766,-0.01349882225040766
2018-06-26,0.002295894939847498,0.002295894939847498
2018-06-27,-0.00861279091075684,-0.00861279091075684
2018-06-28,0.00536044362292043,0.00536044362292043
2018-06-29,0.0007354293068577711,0.0007354293068577711
2018-07-02,0.0021128054381773786,0.0021128054381773786
2018-07-03,-0.00513337611146758,-0.00513337611146758
2018-07-05,0.009306182622316417,0.009306182622316417
2018-07-06,0.008946503560343322,0.008946503560343322
2018-07-09,0.008867173362287373,0.008867173362287373
2018-07-10,0.0033183856502241316,0.0033183856502241316
2018-07-11,-0.008134441762760347,-0.008134441762760347
2018-07-12,0.008832011535688578,0.008832011535688578
2018-07-13,0.0016973378595677158,0.0016973378595677158
2018-07-16,-0.0024079193792918563,-0.0024079193792918563
2018-07-17,0.005274450205614123,0.005274450205614123
2018-07-18,0.0016896398399288692,0.0016896398399288692
2018-07-19,-0.0038174715909090606,-0.0038174715909090606
2018-07-20,-0.0016041351038231788,-0.0016041351038231788
2018-07-23,0.004016781219316146,0.004016781219316146
2018-07-24,0.003200568990042729,0.003200568990042729
2018-07-25,0.007178305565402443,0.007178305565402443
2018-07-26,0.0004399472063352228,0.0004399472063352228
2018-07-27,-0.008795074758135457,-0.008795074758135457
2018-07-30,-0.005057675244010684,-0.005057675244010684
2018-07-31,0.0049050209578167525,0.0049050209578167525
2018-08-01,-0.002218672346467887,-0.002218672346467887
2018-08-02,0.006315040469625499,0.006315040469625499
2018-08-03,0.003888987095633789,0.003888987095633789
2018-08-06,0.003697834125726329,0.003697834125726329
2018-08-07,0.0034210526315789913,0.0034210526315789913
2018-08-08,-0.0015735641227380137,-0.0015735641227380137
2018-08-09,-0.0005253480430785773,-0.0005253480430785773
2018-08-10,-0.005957074025405129,-0.005957074025405129
2018-08-13,-0.003965805939896039,-0.003965805939896039
2018-08-14,0.005485754733675519,0.005485754733675519
2018-08-15,-0.006951777543118598,-0.006951777543118598
2018-08-16,0.008329641116526343,0.008329641116526343
2018-08-17,0.0026364355391510497,0.0026364355391510497
2018-08-20,0.0021912525199403454,0.0021912525199403454
2018-08-21,0.0011369599440265166,0.0011369599440265166
2018-08-22,-0.0001747182667948266,-0.0001747182667948266
2018-08-23,-0.0011358671909130758,-0.0011358671909130758
2018-08-24,0.006560531840447803,0.006560531840447803
2018-08-27,0.007560615277657057,0.007560615277657057
2018-08-28,0.0002587545282042303,0.0002587545282042303
2018-08-29,0.005346210226782722,0.005346210226782722
2018-08-30,-0.004374303113474531,-0.004374303113474531
2018-08-31,0.0,0.0
2018-09-04,-0.0012922122674018377,-0.0012922122674018377
2018-09-05,-0.003450357974639884,-0.003450357974639884
2018-09-06,-0.0032026313511641646,-0.0032026313511641646
2018-09-07,-0.001476207016325115,-0.001476207016325115
2018-09-10,0.001913209844334185,0.001913209844334185
2018-09-11,0.003298324798194585,0.003298324798194585
2018-09-12,-0.00043256337053376726,-0.00043256337053376726
2018-09-13,0.005798857538514834,0.005798857538514834
2018-09-14,0.00034420445744776096,0.00034420445744776096
2018-09-17,-0.005247311827957013,-0.005247311827957013
2018-09-18,0.0053614666205465955,0.0053614666205465955
2018-09-19,0.0012041974883880702,0.0012041974883880702
2018-09-20,0.008247422680412342,0.008247422680412342
2018-09-21,0.0030674846625766694,0.0030674846625766694
2018-09-24,-0.005946313285762783,-0.005946313285762783
2018-09-25,-0.001452743120834099,-0.001452743120834099
2018-09-26,-0.003337612323491612,-0.003337612323491612
2018-09-27,0.0029194573244031297,0.0029194573244031297
2018-09-28,-0.00034246575342467,-0.00034246575342467
2018-10-01,0.0037684138403561995,0.0037684138403561995
2018-10-02,-0.0005119453924914419,-0.0005119453924914419
2018-10-03,0.0010244152296396969,0.0010244152296396969
2018-10-04,-0.008101654443117834,-0.008101654443117834
2018-10-05,-0.004728742154586851,-0.004728742154586851
2018-10-08,-8.638562543195061e-05,-8.638562543195061e-05
2018-10-09,-0.0019006479481641358,-0.0019006479481641358
2018-10-10,-0.03713321215268761,-0.03713321215268761
2018-10-11,-0.012765192376842815,-0.012765192376842815
2018-10-12,0.008377344745947868,0.008377344745947868
2018-10-15,-0.007043525374751725,-0.007043525374751725
2018-10-16,0.025009094216078553,0.025009094216078553
2018-10-17,-0.0005323396326856189,-0.0005323396326856189
2018-10-18,-0.01562361296049708,-0.01562361296049708
2018-10-19,-0.0017134096852736702,-0.0017134096852736702
2018-10-22,-0.003974706413730766,-0.003974706413730766
2018-10-23,-0.0037184835842554165,-0.0037184835842554165
2018-10-24,-0.029858898497951758,-0.029858898497951758
2018-10-25,0.009008163648306367,0.009008163648306367
2018-10-26,-0.006974797730865845,-0.006974797730865845
2018-10-29,-0.009739651620153555,-0.009739651620153555
2018-10-30,0.01579345564592405,0.01579345564592405
2018-10-31,0.009589423703565858,0.009589423703565858
2018-11-01,0.00995942456658061,0.00995942456658061
2018-11-02,-0.005021913805697609,-0.005021913805697609
2018-11-05,0.005597870973662378,0.005597870973662378
2018-11-06,0.007118087242197424,0.007118087242197424
2018-11-07,0.02084088437839804,0.02084088437839804
2018-11-08,-0.002751642109000585,-0.002751642109000585
2018-11-09,-0.010591900311526459,-0.010591900311526459
2018-11-12,-0.018441885570349092,-0.018441885570349092
2018-11-13,-9.165062780680522e-05,-9.165062780680522e-05
2018-11-14,-0.010632447296058611,-0.010632447296058611
2018-11-15,0.013340744858254538,0.013340744858254538
2018-11-16,0.0031084293289449505,0.0031084293289449505
2018-11-19,-0.01704338315712728,-0.01704338315712728
2018-11-20,-0.020862308762169657,-0.020862308762169657
2018-11-21,0.003409090909090917,0.003409090909090917
2018-11-23,-0.007361268403170973,-0.007361268403170973
2018-11-26,0.01540216771249292,0.01540216771249292
2018-11-27,0.0050561797752808335,0.0050561797752808335
2018-11-28,0.021613564374883598,0.021613564374883598
2018-11-29,0.0010031004924311304,0.0010031004924311304
2018-11-30,0.0051015760225927576,0.0051015760225927576
2018-12-03,0.011782833318227048,0.011782833318227048
2018-12-04,-0.03189106870912839,-0.03189106870912839
2018-12-06,-0.003978902563153475,-0.003978902563153475
2018-12-07,-0.020438498699368313,0.020438498699368313
2018-12-10,0.0026555386949924653,-0.0026555386949924653
2018-12-11,-0.0006621263715475001,0.0006621263715475001
2018-12-12,0.004259346900141958,-0.004259346900141958
2018-12-13,-0.002639019792648467,0.002639019792648467
2018-12-14,-0.01644301644301649,0.01644301644301649
2018-12-17,-0.019023827824750206,0.019023827824750206
2018-12-18,-0.006562193927521998,0.006562193927521998
2018-12-19,-0.012816720891255073,0.012816720891255073
2018-12-20,-0.006990911814640954,0.006990911814640954
2018-12-21,-0.007241275269033509,-0.007241275269033509
2018-12-24,-0.05105865667105658,-0.05105865667105658
2018-12-26,0.05519376534642895,0.05519376534642895
2018-12-27,0.009712666936462888,0.009712666936462888
2018-12-28,-0.003607214428857697,-0.003607214428857697
2018-12-31,0.007743362831858391,0.007743362831858391
2019-01-02,0.0022951801217443446,0.0022951801217443446
2019-01-03,-0.02518916766228596,-0.02518916766228596
2019-01-04,0.03411296088244309,0.03411296088244309
2019-01-07,0.007604938271605022,0.007604938271605022
2019-01-08,0.0086257596549697,-0.0086257596549697
2019-01-09,0.0038872691933915515,-0.0038872691933915515
2019-01-10,0.00445304937076485,-0.00445304937076485
2019-01-11,0.00038550501156509043,-0.00038550501156509043
2019-01-14,-0.005587668593448947,0.005587668593448947
2019-01-15,0.009688044952528507,-0.009688044952528507
2019-01-16,0.0029744770677413435,-0.0029744770677413435
2019-01-17,0.00841863579833535,-0.00841863579833535
2019-01-18,0.013755810644151323,-0.013755810644151323
2019-01-22,-0.014785700917087752,0.014785700917087752
2019-01-23,0.0023746200607903667,0.0023746200607903667
2019-01-24,-0.0016109163271107452,-0.0016109163271107452
2019-01-25,0.011199696279422966,0.011199696279422966
2019-01-28,-0.008072085601651957,-0.008072085601651957
2019-01-29,-0.0006623769871310081,-0.0006623769871310081
2019-01-30,0.016002272512072757,0.016002272512072757
2019-01-31,0.008201304753028937,0.008201304753028937
2019-02-01,-9.243852837859112e-05,-9.243852837859112e-05
2019-02-04,0.006286401035407119,0.006286401035407119
2019-02-05,0.0035829122645842926,0.0035829122645842926
2019-02-06,-0.0005492493592090808,-0.0005492493592090808
2019-02-07,-0.009342370397508737,-0.009342370397508737
2019-02-08,0.0008321005917160118,0.0008321005917160118
2019-02-11,0.0007390300230947222,0.0007390300230947222
2019-02-12,0.013477337764238984,0.013477337764238984
2019-02-13,0.0017305765552417807,0.0017305765552417807
2019-02-14,-0.0021822149481723896,-0.0021822149481723896
2019-02-15,0.01221067978859125,0.01221067978859125
2019-02-19,0.0006301764494058837,0.0006301764494058837
2019-02-20,0.0029689608636978004,0.0029689608636978004
2019-02-21,-0.00457481162540363,-0.00457481162540363
2019-02-22,0.006127782283499972,0.006127782283499972
2019-02-25,0.002060008956560777,0.002060008956560777
2019-02-26,-0.0019663925634608725,-0.0019663925634608725
2019-02-27,0.0012538061973850212,0.0012538061973850212
2019-02-28,-0.003667262969588525,-0.003667262969588525
2019-03-01,0.007271747912739102,0.007271747912739102
2019-03-04,-0.004812834224598883,-0.004812834224598883
2019-03-05,0.0,0.0
2019-03-06,-0.00716460684219955,-0.00716460684219955
2019-03-07,-0.007757532022370506,-0.007757532022370506
2019-03-08,-0.0010909090909091423,-0.0010909090909091423
2019-03-11,0.013469239170003533,0.013469239170003533
2019-03-12,0.002873563218390718,0.002873563218390718
2019-03-13,0.008058739255014435,0.008058739255014435
2019-03-14,-0.0025759459939598273,-0.0025759459939598273
2019-03-15,0.0016528248563985048,0.0016528248563985048
2019-03-18,0.010174689804671955,0.010174689804671955
2019-03-19,-0.0014082027812004627,-0.0014082027812004627
2019-03-20,-0.0033491979552264795,-0.0033491979552264795
2019-03-21,0.012557481429076756,0.012557481429076756
2019-03-22,-0.018078602620087314,-0.018078602620087314
2019-03-25,-0.0013341634794983293,-0.0013341634794983293
2019-03-26,0.005700035625222588,0.005700035625222588
2019-03-27,-0.004427913567127129,-0.004427913567127129
2019-03-28,0.0037359900373599153,0.0037359900373599153
2019-03-29,0.00593761077632049,0.00593761077632049
2019-04-01,0.011540833406748385,0.011540833406748385
2019-04-02,-0.001219299773558613,-0.001219299773558613
2019-04-03,0.004447157307289951,0.004447157307289951
2019-04-04,0.0010417570969702972,0.0010417570969702972
2019-04-05,0.004596305610961693,0.004596305610961693
2019-04-08,0.000776933701657434,0.000776933701657434
2019-04-09,-0.005434313810057767,-0.005434313810057767
2019-04-10,0.0041630529054639265,0.0041630529054639265
2019-04-11,-0.0009500777336327593,-0.0009500777336327593
2019-04-12,0.007175585717990929,0.007175585717990929
2019-04-15,-0.0010300429184549875,-0.0010300429184549875
2019-04-16,0.0006874033339061558,0.0006874033339061558
2019-04-17,-0.0037781212433453115,-0.0037781212433453115
2019-04-18,0.0032752973625236326,0.0032752973625236326
2019-04-22,0.0008591065292096189,0.0008591065292096189
2019-04-23,0.008755364806867005,0.008755364806867005
2019-04-24,-0.0024676650782845533,-0.0024676650782845533
2019-04-25,-0.001535443145952442,-0.001535443145952442
2019-04-26,0.005211448099103011,0.005211448099103011
2019-04-29,0.0005099439061704292,0.0005099439061704292
2019-04-30,0.001868841318382497,0.001868841318382497
2019-05-01,-0.008648465321349885,-0.008648465321349885
2019-05-02,-0.001881628463906937,-0.001881628463906937
2019-05-03,0.010282776349614497,0.010282776349614497
2019-05-06,-0.0050890585241730735,-0.0050890585241730735
2019-05-07,-0.014236999147485108,-0.014236999147485108
2019-05-08,-0.0012107584536884541,-0.0012107584536884541
2019-05-09,-0.0050220798337518024,-0.0050220798337518024
2019-05-10,0.004960403794273871,0.004960403794273871
2019-05-13,-0.027710426047800496,-0.027710426047800496
2019-05-14,0.01148913430708931,0.01148913430708931
2019-05-15,0.00554723958791925,0.00554723958791925
2019-05-16,0.008231173380035095,0.008231173380035095
2019-05-17,-0.005732152162584714,-0.005732152162584714
2019-05-20,-0.0062893081761006275,-0.0062893081761006275
2019-05-21,0.007735583684950864,0.007735583684950864
2019-05-22,-0.002965806001395621,-0.002965806001395621
2019-05-23,-0.013298337707786545,-0.013298337707786545
2019-05-24,0.0043447419755275885,0.0043447419755275885
2019-05-28,-0.009446455372119744,-0.009446455372119744
2019-05-29,-0.0089126559714795,-0.0089126559714795
2019-05-30,0.003776978417266097,0.003776978417266097
2019-05-31,-0.013617631248880158,-0.013617631248880158
2019-06-03,-0.0010899182561308063,-0.0010899182561308063
2019-06-04,0.020185488270594742,0.020185488270594742
2019-06-05,0.008110516934046297,0.008110516934046297
2019-06-06,0.0063654849261780555,0.0063654849261780555
2019-06-07,0.010278485460774922,0.010278485460774922
2019-06-10,0.004956521739130526,0.004956521739130526
2019-06-11,-0.000778748810244867,-0.000778748810244867
2019-06-12,-0.0020782819535850594,-0.0020782819535850594
2019-06-13,0.004685872960777493,0.004685872960777493
2019-06-14,-0.0013819312489203872,-0.0013819312489203872
2019-06-17,0.0005189413596262682,0.0005189413596262682
2019-06-18,0.010286998616874099,0.010286998616874099
2019-06-19,0.002481389578163684,0.002481389578163684
2019-06-20,0.009132809832707478,0.009132809832707478
2019-06-21,-0.0006259317114944984,-0.0006259317114944984
2019-06-24,-0.0006431844025055478,-0.0006431844025055478
2019-06-25,-0.010162601626016232,-0.010162601626016232
2019-06-26,-0.001368925393566034,-0.001368925393566034
2019-06-27,0.0044551062371487316,0.0044551062371487316
2019-06-28,0.004520641419310856,0.004520641419310856
2019-07-01,0.00798165916617144,0.00798165916617144
2019-07-02,0.003959228371662071,0.003959228371662071
2019-07-03,0.006964255747608616,0.006964255747608616
2019-07-05,-0.003249729189234274,-0.003249729189234274
2019-07-08,-0.0040127069051998365,-0.0040127069051998365
2019-07-09,0.001175088131609936,0.001175088131609936
2019-07-10,0.005197853789403073,0.005197853789403073
2019-07-11,0.00216847372810669,0.00216847372810669
2019-07-12,0.0038282290279627595,0.0038282290279627595
2019-07-15,0.0005803349361630517,0.0005803349361630517
2019-07-16,-0.0033971331510481706,-0.0033971331510481706
2019-07-17,-0.0073162620552045254,-0.0073162620552045254
2019-07-18,0.0041876046901172526,0.0041876046901172526
2019-07-19,-0.006839032527105937,-0.006839032527105937
2019-07-22,0.004030903594222313,0.004030903594222313
2019-07-23,0.00635664101706257,0.00635664101706257
2019-07-24,0.004488031914893664,0.004488031914893664
2019-07-25,-0.004964421644878425,-0.004964421644878425
2019-07-26,0.005987028105770786,0.005987028105770786
2019-07-29,-0.0009092411968920633,-0.0009092411968920633
2019-07-30,-0.0031438735831885722,-0.0031438735831885722
2019-07-31,-0.009959332724707393,-0.009959332724707393
2019-08-01,-0.01014334814318052,-0.01014334814318052
2019-08-02,-0.0066056910569105565,-0.0066056910569105565
2019-08-05,-0.03495311167945436,-0.03495311167945436
2019-08-06,0.016254416961130724,0.016254416961130724
2019-08-07,0.0015646731571627992,0.0015646731571627992
2019-08-08,0.020656136087484844,0.020656136087484844
2019-08-09,-0.006887755102040871,-0.006887755102040871
2019-08-12,-0.013528555527014263,-0.013528555527014263
2019-08-13,0.017967190348060047,0.017967190348060047
2019-08-14,-0.03112210095497958,-0.03112210095497958
2019-08-15,0.0027281527765554703,0.0027281527765554703
2019-08-16,0.015095664384763952,0.015095664384763952
2019-08-19,0.011153380598305285,0.011153380598305285
2019-08-20,-0.008721675929884598,-0.008721675929884598
2019-08-21,0.010696109721383573,0.010696109721383573
2019-08-22,-0.002389690193735583,-0.002389690193735583
2019-08-23,-0.022841988194028606,-0.022841988194028606
2019-08-26,0.009718087900542738,0.009718087900542738
2019-08-27,-0.006156247290384109,-0.006156247290384109
2019-08-28,0.00846274646658518,0.00846274646658518
2019-08-29,0.012803875767799955,0.012803875767799955
2019-08-30,-0.0006833518407790562,-0.0006833518407790562
2019-09-03,-0.006410804342251497,-0.006410804342251497
2019-09-04,0.011183757742601497,0.011183757742601497
2019-09-05,0.011400374340649888,0.011400374340649888
2019-09-06,0.002944145356662098,0.002944145356662098
2019-09-09,-0.0008387150884844319,-0.0008387150884844319
2019-09-10,8.394191219673885e-05,8.394191219673885e-05
2019-09-11,0.00788987745509484,0.00788987745509484
2019-09-12,0.0032478347768154503,0.0032478347768154503
2019-09-13,-0.0017431725740848503,-0.0017431725740848503
2019-09-16,-0.002494595044071124,-0.002494595044071124
2019-09-17,0.002167389129709818,0.002167389129709818
2019-09-18,0.0002495425054067635,0.0002495425054067635
2019-09-19,-8.316008316011647e-05,-8.316008316011647e-05
2019-09-20,0.0025316391955672035,0.0025316391955672035
2019-09-23,-0.005511697542083471,-0.005511697542083471
2019-09-24,-0.008925592258925641,-0.008925592258925641
2019-09-25,0.005386751956905966,0.005386751956905966
2019-09-26,-0.001925491837588944,-0.001925491837588944
2019-09-27,-0.005619862439188106,-0.005619862439188106
2019-09-30,0.004976803036693456,0.004976803036693456
2019-10-01,-0.01368138324660062,-0.01368138324660062
2019-10-02,-0.0194877031741979,-0.0194877031741979
2019-10-03,0.010848810970317757,0.010848810970317757
2019-10-04,0.013479866059929568,0.013479866059929568
2019-10-07,-0.004574720433751289,-0.004574720433751289
2019-10-08,-0.015319148936170257,-0.015319148936170257
2019-10-09,0.009161624891961928,0.009161624891961928
2019-10-10,0.007536827680712621,0.007536827680712621
2019-10-11,0.01011560693641611,0.01011560693641611
2019-10-14,-0.0017672304973491704,-0.0017672304973491704
2019-10-15,0.010875063227111736,0.010875063227111736
2019-10-16,-0.002084897006087938,-0.002084897006087938
2019-10-17,0.002172822998495638,0.002172822998495638
2019-10-18,-0.003252168112074738,-0.003252168112074738
2019-10-21,0.006107253409185942,0.006107253409185942
2019-10-22,-0.003991352070513932,-0.003991352070513932
2019-10-23,0.0037568876273168517,0.0037568876273168517
2019-10-24,-0.0004990434999584403,-0.0004990434999584403
2019-10-25,0.005325788466339354,0.005325788466339354
2019-10-28,0.005297574704080876,0.005297574704080876
2019-10-29,-0.00016467682173737508,-0.00016467682173737508
2019-10-30,0.003952894671827467,0.003952894671827467
2019-10-31,-0.003937330817816442,-0.003937330817816442
2019-11-01,0.009058716956271029,0.009058716956271029
2019-11-04,0.004080633314290427,0.004080633314290427
2019-11-05,-0.0012192148256522373,-0.0012192148256522373
2019-11-06,0.0011393229166667407,0.0011393229166667407
2019-11-07,0.003414079011542892,0.003414079011542892
2019-11-08,0.0014581983149708488,0.0014581983149708488
2019-11-11,-0.0009707167125060367,-0.0009707167125060367
2019-11-12,0.0014574898785424395,0.0014574898785424395
2019-11-13,0.0011319534282017152,0.0011319534282017152
2019-11-14,0.0004845743821677573,0.0004845743821677573
2019-11-15,0.006861478850500591,0.006861478850500591
2019-11-18,0.0011224244367833425,0.0011224244367833425
2019-11-19,-0.0010410827260350919,-0.0010410827260350919
2019-11-20,-0.0030463363796696674,-0.0030463363796696674
2019-11-21,-0.0016082341588935511,-0.0016082341588935511
2019-11-22,0.0024162371134019978,0.0024162371134019978
2019-11-25,0.006829503454925279,0.006829503454925279
2019-11-26,0.0035112919958502076,0.0035112919958502076
2019-11-27,0.0031809145129224614,0.0031809145129224614
2019-11-29,-0.0031708283789140257,-0.0031708283789140257
2019-12-02,-0.009383697813121317,-0.009383697813121317
2019-12-03,-0.0074656819458939205,-0.0074656819458939205
2019-12-04,0.006470397929472682,0.006470397929472682
2019-12-05,0.002169720347155346,0.002169720347155346
2019-12-06,0.009061021570042405,0.009061021570042405
2019-12-09,-0.003655435473617241,-0.003655435473617241
2019-12-10,0.00047854522252355203,0.00047854522252355203
2019-12-11,0.0022321428571427937,0.0022321428571427937
2019-12-12,0.00795418390073177,0.00795418390073177
2019-12-13,0.0012626262626262985,0.0012626262626262985
2019-12-16,0.0070145018915510615,0.0070145018915510615
2019-12-17,-0.0007043907020427564,-0.0007043907020427564
2019-12-18,0.0008615288220550354,0.0008615288220550354
2019-12-19,0.0038344158384850946,0.0038344158384850946
2019-12-20,0.007489872008497045,0.007489872008497045
2019-12-23,-0.0011668202327625998,-0.0011668202327625998
2019-12-24,-0.0004647920055774746,-0.0004647920055774746
2019-12-26,0.005812601720530219,0.005812601720530219
2019-12-27,-0.0021574973031284195,-0.0021574973031284195
2019-12-30,-0.00432432432432428,-0.00432432432432428
2019-12-31,0.00232666356444855,0.00232666356444855
2020-01-02,0.008666047663262066,0.008666047663262066
2020-01-03,-0.007210800859159261,-0.007210800859159261
2020-01-06,0.002472569927368218,0.002472569927368218
2020-01-07,-0.0025435486357330284,-0.0025435486357330284
2020-01-08,0.007727378100610416,0.007727378100610416
2020-01-09,0.004830917874396157,0.004830917874396157
2020-01-10,-0.003434065934065922,-0.003434065934065922
2020-01-13,0.007657554177195713,0.007657554177195713
2020-01-14,-0.0005319553157534518,-0.0005319553157534518
2020-01-15,0.0017487834549878567,0.0017487834549878567
2020-01-16,0.0069070208728652105,0.0069070208728652105
2020-01-17,0.0025629428614504235,0.0025629428614504235
2020-01-21,-0.0016541353383459079,-0.0016541353383459079
2020-01-22,7.531254707027202e-05,7.531254707027202e-05
2020-01-23,0.0018826718879434434,0.0018826718879434434
2020-01-24,-0.009771497294046916,-0.009771497294046916
2020-01-27,-0.016395931379990847,-0.016395931379990847
2020-01-28,0.011961722488038173,0.011961722488038173
2020-01-29,-0.0017539845954396283,-0.0017539845954396283
2020-01-30,0.005271199388846348,0.005271199388846348
2020-01-31,-0.019986321149023434,-0.019986321149023434
2020-02-03,0.00666873449131522,0.00666873449131522
2020-02-04,0.016638422431058286,0.016638422431058286
2020-02-05,0.010759205940293892,0.010759205940293892
2020-02-06,0.0030734632683657725,0.0030734632683657725
2020-02-07,-0.005903893580449848,-0.005903893580449848
2020-02-10,0.008269433167944706,0.008269433167944706
2020-02-11,0.0013420817178646516,0.0013420817178646516
2020-02-12,0.006850335070737179,0.006850335070737179
2020-02-13,-0.0008874426859931672,-0.0008874426859931672
2020-02-14,0.0010362694300518616,0.0010362694300518616
2020-02-18,-0.0034753031647442034,-0.0034753031647442034
2020-02-19,0.005342435260072609,0.005342435260072609
2020-02-20,-0.005314045316997529,-0.005314045316997529
2020-02-21,-0.008904058766787903,-0.008904058766787903
2020-02-24,-0.033839934116942416,-0.033839934116942416
2020-02-25,-0.0290585044556374,-0.0290585044556374
2020-02-26,-0.007102952913008775,-0.007102952913008775
2020-02-27,-0.04927256651394585,-0.04927256651394585
2020-02-28,-0.00202908353060538,-0.00202908353060538
2020-03-02,0.038630972551677356,0.038630972551677356
2020-03-03,-0.022185970636215302,-0.022185970636215302
2020-03-04,0.03928928928928932,0.03928928928928932
2020-03-05,-0.031864515611204736,-0.031864515611204736
2020-03-06,-0.017078428121372946,-0.017078428121372946
2020-03-09,-0.07295883940620784,-0.07295883940620784
2020-03-10,0.04294422709489587,0.04294422709489587
2020-03-11,-0.043793073366483415,-0.043793073366483415
2020-03-12,-0.0989873186753033,-0.0989873186753033
2020-03-13,0.09194005670311878,0.09194005670311878
2020-03-16,-0.10376483679525228,-0.10376483679525228
2020-03-17,0.03279875840662183,0.03279875840662183
2020-03-18,-0.03265878581446602,-0.03265878581446602
2020-03-19,-0.004453189726594808,-0.004453189726594808
2020-03-20,0.014451255786435135,0.014451255786435135
2020-03-23,-0.0892049902833637,-0.0892049902833637
2020-03-24,0.09795091195676653,0.09795091195676653
2020-03-25,0.01189499589827725,0.01189499589827725
2020-03-26,0.05715443858937985,0.05715443858937985
2020-03-27,-0.03220858895705525,-0.03220858895705525
2020-03-30,0.03456814580031686,0.03456814580031686
2020-03-31,-0.015892771661081828,-0.015892771661081828
2020-04-01,-0.04737814962544995,-0.04737814962544995
2020-04-02,0.02798202614379086,0.02798202614379086
2020-04-03,-0.013411484204251978,-0.013411484204251978
2020-04-06,0.06514953176920746,0.06514953176920746
2020-04-07,-0.0009453582907922309,-0.0009453582907922309
2020-04-08,0.035200605601816815,0.035200605601816815
2020-04-09,0.016361974405850077,0.016361974405850077
2020-04-13,-0.007374763917618488,-0.007374763917618488
2020-04-14,0.030352450847150436,0.030352450847150436
2020-04-15,-0.023918396060499503,-0.023918396060499503
2020-04-16,0.0045045045045044585,0.0045045045045044585
2020-04-17,0.02959641255605372,0.02959641255605372
2020-04-20,-0.022125435540069738,-0.022125435540069738
2020-04-21,-0.0265455193301265,-0.0265455193301265
2020-04-22,0.020680819912152204,0.020680819912152204
2020-04-23,-0.002779272010041245,-0.002779272010041245
2020-04-24,0.01753124157151853,0.01753124157151853
2020-04-27,0.013960063615479745,0.013960063615479745
2020-04-28,-0.0006099686301846985,-0.0006099686301846985
2020-04-29,0.025721510157816763,0.025721510157816763
2020-04-30,-0.01309078544712683,-0.01309078544712683
2020-05-01,-0.02782084409991392,-0.02782084409991392
2020-05-04,0.0012403650217063245,0.0012403650217063245
2020-05-05,0.011680382267055922,0.011680382267055922
2020-05-06,-0.008659144581474654,-0.008659144581474654
2020-05-07,0.016410799364743323,0.016410799364743323
2020-05-08,0.016840277777777857,0.016840277777777857
2020-05-11,-0.0019634625234762337,-0.0019634625234762337
2020-05-12,-0.02403558292703789,-0.02403558292703789
2020-05-13,-0.013847502191060457,-0.013847502191060457
2020-05-14,0.012086740135087037,0.012086740135087037
2020-05-15,-0.00017562346329469403,-0.00017562346329469403
2020-05-18,0.035657825399613596,0.035657825399613596
2020-05-19,-0.009921981004070601,-0.009921981004070601
2020-05-20,0.017044967880085693,0.017044967880085693
2020-05-21,-0.010611419909045017,-0.010611419909045017
2020-05-22,0.005447735784814389,0.005447735784814389
2020-05-26,0.014053504910260806,0.014053504910260806
2020-05-27,0.013691768241776536,0.013691768241776536
2020-05-28,0.0008235875473563414,0.0008235875473563414
2020-05-29,0.0013166556945358732,0.0013166556945358732
2020-06-01,0.0039447731755424265,0.0039447731755424265
2020-06-02,0.007531106745252147,0.007531106745252147
2020-06-03,0.013243418914527183,0.013243418914527183
2020-06-04,-0.0023253949162056475,-0.0023253949162056475
2020-06-05,0.02451374377109783,0.02451374377109783
2020-06-08,0.01278732250725656,0.01278732250725656
2020-06-09,-0.0068164213787761385,-0.0068164213787761385
2020-06-10,-0.006083294337856815,-0.006083294337856815
2020-06-11,-0.05516321406151914,-0.05516321406151914
2020-06-12,0.008138858898762535,0.008138858898762535
2020-06-15,0.012604003624680837,0.012604003624680837
2020-06-16,0.018141880898145057,0.018141880898145057
2020-06-17,-0.003435876947662786,-0.003435876947662786
2020-07-02,0.008378988076055416,0.008378988076055416
2020-07-06,0.013742409715564063,0.013742409715564063
2020-07-07,-0.011191677175283687,-0.011191677175283687
2020-07-08,0.008608321377331363,0.008608321377331363
2020-07-09,-0.007112375533428139,-0.007112375533428139
2020-07-10,0.011938872970391534,0.011938872970391534
2020-07-13,-0.009517067799276413,-0.009517067799276413
2020-07-14,0.011196696577463694,0.011196696577463694
2020-07-15,0.01130830846552544,0.01130830846552544
2020-07-16,-0.007765180928715587,-0.007765180928715587
2020-07-17,0.0061042416653622755,0.0061042416653622755
2020-07-20,0.009723086496577382,0.009723086496577382
2020-07-21,0.0018488560203373527,0.0018488560203373527
2020-07-22,0.0043829296424451325,0.0043829296424451325
2020-07-23,-0.01163680906446185,-0.01163680906446185
2020-07-24,-0.007281177381874504,-0.007281177381874504
2020-07-27,0.008817103620474498,0.008817103620474498
2020-07-28,-0.005955603681645938,-0.005955603681645938
2020-07-29,0.0122938064114535,0.0122938064114535
2020-07-30,-0.0011529592621061235,-0.0011529592621061235
2020-07-31,0.004540207772220084,0.004540207772220084
2020-08-03,0.007660487206986311,0.007660487206986311
2020-08-04,0.003497035122396186,0.003497035122396186
2020-08-05,0.00484848484848488,0.00484848484848488
2020-08-06,0.008519300361881754,0.008519300361881754
2020-08-07,0.00014951035359200837,0.00014951035359200837
2020-08-10,0.002391808057403466,0.002391808057403466
2020-08-11,-0.006785474610394471,-0.006785474610394471
2020-08-12,0.012012012012011963,0.012012012012011963
2020-08-13,-0.0006676557863501964,-0.0006676557863501964
2020-08-14,-0.0018558384678197815,-0.0018558384678197815
2020-08-17,0.005429123903019528,0.005429123903019528
2020-08-18,0.0021451290775944543,0.0021451290775944543
2020-08-19,-0.004207263064659017,-0.004207263064659017
2020-08-20,0.002371951671484629,0.002371951671484629
2020-08-21,0.0034755601567699745,0.0034755601567699745
2020-08-24,0.010316875460574693,0.010316875460574693
2020-08-25,0.004522246535375585,0.004522246535375585
2020-08-26,0.010819053151321478,0.010819053151321478
2020-08-27,0.0014366783995403143,0.0014366783995403143
2020-08-28,0.005523276665949428,0.005523276665949428
2020-08-31,-0.0015694107575974225,-0.0015694107575974225
2020-09-01,0.008002286367533529,0.008002286367533529
2020-09-02,0.014814289764672584,0.014814289764672584
2020-09-03,-0.03289795348187474,-0.03289795348187474
2020-09-04,-0.012711252347248347,-0.012711252347248347
2020-09-08,-0.023994147768836904,-0.023994147768836904
2020-09-09,0.01941238195173134,0.01941238195173134
2020-09-10,-0.01757223733549007,-0.01757223733549007
2020-09-11,-0.00202065559048048,-0.00202065559048048
2020-09-14,0.01462317210348707,0.01462317210348707
2020-09-15,0.00672579453067268,0.00672579453067268
2020-09-16,-0.004625211071140112,-0.004625211071140112
2020-09-17,-0.00826080542852925,-0.00826080542852925
2020-09-18,-0.0023501122545738218,-0.0023501122545738218
2020-09-21,-0.023437528437329713,-0.023437528437329713
2020-09-22,0.007404580152671647,0.007404580152671647
2020-09-23,-0.02061074486625747,-0.02061074486625747
2020-09-24,0.002088974854932202,0.002088974854932202
2020-09-25,0.015210006176652247,0.015210006176652247
2020-09-28,0.017872081527112282,0.017872081527112282
2020-09-29,-0.0036610878661087476,-0.0036610878661087476
2020-09-30,0.005474315710536137,0.005474315710536137
2020-10-01,0.004698687350835229,0.004698687350835229
2020-10-02,-0.008462623413258097,-0.008462623413258097
2020-10-05,0.016096428838811017,0.016096428838811017
2020-10-06,-0.011715296198054781,-0.011715296198054781
2020-10-07,0.015954670841720642,0.015954670841720642
2020-10-08,0.009026197989286056,0.009026197989286056
2020-10-09,0.010399999999999965,0.010399999999999965
2020-10-12,0.017130929244943527,0.017130929244943527
2020-10-13,-0.00792583681268133,-0.00792583681268133
2020-10-14,-0.006776517583279795,-0.006776517583279795
2020-10-15,-0.0015800057454754546,-0.0015800057454754546
2020-10-16,-0.00381240109336789,-0.00381240109336789
2020-10-19,-0.011408765975882695,-0.011408765975882695
2020-10-20,0.0027755459791103387,0.0027755459791103387
2020-10-21,7.283851700790045e-05,7.283851700790045e-05
2020-10-22,0.004879825200291288,0.004879825200291288
2020-10-23,0.0007247952453433015,0.0007247952453433015
2020-10-26,-0.016875497935829653,-0.016875497935829653
2020-10-27,-0.0030941505819950255,-0.0030941505819950255
2020-10-28,-0.0353236772095773,-0.0353236772095773
2020-10-29,0.011873755170828781,0.011873755170828781
2020-10-30,-0.01135589370883483,-0.01135589370883483
2020-11-02,0.010950302473389906,0.010950302473389906
2020-11-03,0.018482048174518928,0.018482048174518928
2020-11-04,0.021865238732708514,0.021865238732708514
2020-11-05,0.020305676855895127,0.020305676855895127
2020-11-06,-0.0011413082245523842,-0.0011413082245523842
2020-11-09,0.012354495465257465,0.012354495465257465
2020-11-10,-0.0008465011286681312,-0.0008465011286681312
2020-11-11,0.0076249646992374576,0.0076249646992374576
2020-11-12,-0.00994955156950672,-0.00994955156950672
2020-11-13,0.014012738853503182,0.014012738853503182
2020-11-16,0.01144611948632046,0.01144611948632046
2020-11-17,-0.004485233232128016,-0.004485233232128016
2020-11-18,-0.011575518125736428,-0.011575518125736428
2020-11-19,0.004207573632538653,0.004207573632538653
2020-11-20,-0.007192737430167573,-0.007192737430167573
2020-11-23,0.006119434479848085,0.006119434479848085
2020-11-24,0.015869686800894955,0.015869686800894955
2020-11-25,-0.0015140045420136694,-0.0015140045420136694
2020-11-27,0.002550141291612018,0.002550141291612018
2020-11-30,-0.00364361336449881,-0.00364361336449881
2020-12-01,0.01028082522597118,0.01028082522597118
2020-12-02,0.0018440103810954955,0.0018440103810954955
2020-12-03,-0.0007498807007976227,-0.0007498807007976227
2020-12-04,0.0091417655887569,0.0091417655887569
2020-12-07,-0.001960519199567301,-0.001960519199567301
2020-12-08,0.0030481609428978373,0.0030481609428978373
2020-12-09,-0.007968665586169599,-0.007968665586169599
2020-12-10,-0.001089176310415274,-0.001089176310415274
2020-12-11,-0.0019762845849802257,-0.0019762845849802257
2020-12-14,-0.004028678729941948,-0.004028678729941948
2020-12-15,0.013163307280954273,0.013163307280954273
2020-12-16,0.0016917038841521848,0.0016917038841521848
2020-12-17,0.0055394176856042865,0.0055394176856042865
2020-12-18,0.0013436345314075115,0.0013436345314075115
2020-12-21,-0.010868835961086898,-0.010868835961086898
2020-12-22,-0.0023061792036899176,-0.0023061792036899176
2020-12-23,0.0011557549799443567,0.0011557549799443567
2020-12-24,0.003666983566481097,0.003666983566481097
2020-12-28,0.008795669824086527,0.008795669824086527
2020-12-29,-0.002012072434607659,-0.002012072434607659
2020-12-30,0.001142473118279641,0.001142473118279641
2020-12-31,0.006578505739410545,0.006578505739410545
2021-01-04,-0.0150716905635212,-0.0150716905635212
2021-01-05,0.007041776694427515,0.007041776694427515
2021-01-06,0.005983997848450162,0.005983997848450162
2021-01-07,0.014703916588691301,0.014703916588691301
2021-01-08,0.0057963377684100426,0.0057963377684100426
2021-01-11,-0.0066797642436149385,-0.0066797642436149385
2021-01-12,0.0006592827004219259,0.0006592827004219259
2021-01-13,0.0024377388325207416,0.0024377388325207416
2021-01-14,-0.0032862306933947316,-0.0032862306933947316
2021-01-15,-0.007649192218925127,-0.007649192218925127
2021-01-19,0.007508804571732419,0.007508804571732419
2021-01-20,0.014378050389130648,0.014378050389130648
2021-01-21,0.0002600780234069955,0.0002600780234069955
2021-01-22,-0.0030551222048882387,-0.0030551222048882387
2021-01-25,0.00371650257547107,0.00371650257547107
2021-01-26,-0.0015590489801221574,-0.0015590489801221574
2021-01-27,-0.025569290826285007,-0.025569290826285007
2021-01-28,0.009347666421846812,0.009347666421846812
2021-01-29,-0.019580604617318254,-0.019580604617318254
2021-02-01,0.01632818298360439,0.01632818298360439
2021-02-02,0.01394144592710611,0.01394144592710611
2021-02-03,0.0013749754468670439,0.0013749754468670439
2021-02-04,0.010723159408918548,0.010723159408918548
2021-02-05,0.004075559580799526,0.004075559580799526
2021-02-08,0.007151601056633039,0.007151601056633039
2021-02-09,-0.0006397134083930833,-0.0006397134083930833
2021-02-10,-0.0006401229035974954,-0.0006401229035974954
2021-02-11,0.002305918524212247,0.002305918524212247
2021-02-12,0.004856850715746486,0.004856850715746486
2021-02-16,-0.0008267616382600096,-0.0008267616382600096
2021-02-17,6.364967220418016e-05,6.364967220418016e-05
2021-02-18,-0.004709775967413399,-0.004709775967413399
2021-02-19,-0.0016626167029031302,-0.0016626167029031302
2021-02-22,-0.007558288496028687,-0.007558288496028687
2021-02-23,0.0011617400283980839,0.0011617400283980839
2021-02-24,0.011474987106756096,0.011474987106756096
2021-02-25,-0.024091778202676828,-0.024091778202676828
2021-02-26,-0.004898119122257016,-0.004898119122257016
2021-03-01,0.02349543873465909,0.02349543873465909
2021-03-02,-0.008015389547932017,-0.008015389547932017
2021-03-03,-0.01312217194570131,-0.01312217194570131
2021-03-04,-0.013427654418025847,-0.013427654418025847
2021-03-05,0.01951932014340718,0.01951932014340718
2021-03-08,-0.0051445688981505144,-0.0051445688981505144
2021-03-09,0.01413890161680964,0.01413890161680964
2021-03-10,0.006002710901697572,0.006002710901697572
2021-03-11,0.010329783138714133,0.010329783138714133
2021-03-12,0.001397091509493853,0.001397091509493853
2021-03-15,0.006404971780074931,0.006404971780074931
2021-03-16,-0.001260239445494693,-0.001260239445494693
2021-03-17,0.0029022082018927975,0.0029022082018927975
2021-03-18,-0.01446904881731248,-0.01446904881731248
2021-03-19,-0.0009906505330014026,-0.0009906505330014026
2021-03-22,0.004442006198392079,0.004442006198392079
2021-03-23,-0.007697201017811683,-0.007697201017811683
2021-03-24,-0.00487210718635811,-0.00487210718635811
2021-03-25,0.005089222444115249,0.005089222444115249
2021-03-26,0.0164722471478016,0.0164722471478016
2021-03-29,-0.0014502805977678612,-0.0014502805977678612
2021-03-30,-0.0028416266734023754,-0.0028416266734023754
2021-03-31,0.005002849724526692,0.005002849724526692
2021-04-01,0.010712035286704502,0.010712035286704502
2021-04-05,0.01440149625935172,0.01440149625935172
2021-04-06,-0.0009218855632721068,-0.0009218855632721068
2021-04-07,0.001476377952756014,0.001476377952756014
2021-04-08,0.004668304668304701,0.004668304668304701
2021-04-09,0.007459036439227296,0.007459036439227296
2021-04-12,0.0001820609297245035,0.0001820609297245035
2021-04-13,0.003033796492931229,0.003033796492931229
2021-04-14,-0.003569052083963409,-0.003569052083963409
2021-04-15,0.010806216610004915,0.010806216610004915
2021-04-16,0.0033033033033031955,0.0033033033033031955
2021-04-19,-0.004968572283747363,-0.004968572283747363
2021-04-20,-0.0069787029238358445,-0.0069787029238358445
2021-04-21,0.009269356597600975,0.009269356597600975
2021-04-22,-0.008884086679872727,-0.008884086679872727
2021-04-23,0.010598994609654078,0.010598994609654078
2021-04-26,0.001917775380558595,0.001917775380558595
2021-04-27,-0.00011963153487259959,-0.00011963153487259959
2021-04-28,-0.0006580521655898952,-0.0006580521655898952
2021-04-29,0.006524992517210393,0.006524992517210393
2021-04-30,-0.006899012727489051,-0.006899012727489051
2021-05-03,0.0026949335249730755,0.0026949335249730755
2021-05-04,-0.006569909813056163,-0.006569909813056163
2021-05-05,0.000420850117236915,0.000420850117236915
2021-05-06,0.008233173076923173,0.008233173076923173
2021-05-07,0.007391071109256631,0.007391071109256631
2021-05-10,-0.009881072125909718,-0.009881072125909718
2021-05-11,-0.008904027727978936,-0.008904027727978936
2021-05-12,-0.021103406692794646,-0.021103406692794646
2021-05-13,0.01188789651986455,0.01188789651986455
2021-05-14,0.015096177258339338,0.015096177258339338
2021-05-17,-0.0026984888462461276,-0.0026984888462461276
2021-05-18,-0.00835788587577413,-0.00835788587577413
2021-05-19,-0.0027892311423720617,-0.0027892311423720617
2021-05-20,0.010397665085735142,0.010397665085735142
2021-05-21,-0.0006017933441656576,-0.0006017933441656576
2021-05-24,0.01011621605347135,0.01011621605347135
2021-05-25,-0.0019672131147541183,-0.0019672131147541183
2021-05-26,0.0017919006092461665,0.0017919006092461665
2021-05-27,0.0014309563558312366,0.0014309563558312366
2021-05-28,0.000833531793284159,0.000833531793284159
2021-06-01,-0.0009518143961927406,-0.0009518143961927406
2021-06-02,0.0018458973442896376,0.0018458973442896376
2021-06-03,-0.0035661218424962726,-0.0035661218424962726
2021-06-04,0.008827915299731481,0.008827915299731481
2021-06-07,-0.0006503872760598162,-0.0006503872760598162
2021-06-08,5.9164595905825124e-05,5.9164595905825124e-05
2021-06-09,-0.0017156717742412564,-0.0017156717742412564
2021-06-10,0.0046224961479199855,0.0046224961479199855
2021-06-11,0.0018286927796129504,0.0018286927796129504
2021-06-14,0.002119766825649183,0.002119766825649183
2021-06-15,-0.0019390093424995758,-0.0019390093424995758
2021-06-16,-0.005533969151065632,-0.005533969151065632
2021-06-17,-0.0001775988633673231,-0.0001775988633673231
2021-06-18,-0.008289419148558186,-0.008289419148558186
2021-06-21,0.006328736043943017,0.006328736043943017
2021-06-22,0.005339661821417874,0.005339661821417874
2021-06-23,-0.0011212747123044986,-0.0011212747123044986
2021-06-24,0.005789909015715411,0.005789909015715411
2021-06-25,0.0035831766917293617,0.0035831766917293617
2021-06-28,0.002165642376353416,0.002165642376353416
2021-06-29,0.0003504263520617279,0.0003504263520617279
2021-06-30,0.001517982251284522,0.001517982251284522
2021-07-01,0.005188294275387584,0.005188294275387584
2021-07-02,0.0074233022095921974,0.0074233022095921974
2021-07-06,-0.0020148523401071206,-0.0020148523401071206
2021-07-07,0.0036340562990309078,0.0036340562990309078
2021-07-08,-0.008448761423070272,-0.008448761423070272
2021-07-09,0.010897287271041112,0.010897287271041112
2021-07-12,0.0037844036697247674,0.0037844036697247674
2021-07-13,-0.0034845195932823314,-0.0034845195932823314
2021-07-14,0.0014903983949556832,0.0014903983949556832
2021-07-15,-0.0036059756167362567,-0.0036059756167362567
2021-07-16,-0.0076976102941176405,-0.0076976102941176405
2021-07-19,-0.01557253676044923,-0.01557253676044923
2021-07-20,0.015113201999412018,0.015113201999412018
2021-07-21,0.008110300081102917,0.008110300081102917
2021-07-22,0.0020687277324444864,0.0020687277324444864
2021-07-23,0.0099782085101503,0.0099782085101503
2021-07-26,0.002555076084487906,0.002555076084487906
2021-07-27,-0.004474146230956544,-0.004474146230956544
2021-07-28,-0.00017066788030495328,-0.00017066788030495328
2021-07-29,0.004096728307254605,0.004096728307254605
2021-07-30,-0.005043350144500525,-0.005043350144500525
2021-08-02,-0.0022212097049777446,-0.0022212097049777446
2021-08-03,0.008048404589303004,0.008048404589303004
2021-08-04,-0.004586636466591187,-0.004586636466591187
2021-08-05,0.006086808123328957,0.006086808123328957
2021-08-06,0.0018093407214745394,0.0018093407214745394
2021-08-09,-0.0008465966813410164,-0.0008465966813410164
2021-08-10,0.0009602892165170296,0.0009602892165170296
2021-08-11,0.002370203160270812,0.002370203160270812
2021-08-12,0.003152798108321031,0.003152798108321031
2021-08-13,0.0017959366932316367,0.0017959366932316367
2021-08-16,0.0025770308123249652,0.0025770308123249652
2021-08-17,-0.0068171658471166685,-0.0068171658471166685
2021-08-18,-0.011027343310453519,-0.011027343310453519
2021-08-19,0.001592900216179416,0.001592900216179416
2021-08-20,0.008065432239009462,0.008065432239009462
2021-08-23,0.008677034032003705,0.008677034032003705
2021-08-24,0.0015640710535136382,0.0015640710535136382
2021-08-25,0.0023424428332403657,0.0023424428332403657
2021-08-26,-0.005898063654573793,-0.005898063654573793
2021-08-27,0.008731669092130412,0.008731669092130412
2021-08-30,0.004383531239596117,0.004383531239596117
2021-08-31,-0.001049665764322416,-0.001049665764322416
2021-09-01,0.00016591085056960608,0.00016591085056960608
2021-09-02,0.0030964888028752746,0.0030964888028752746
2021-09-03,-0.00016537125847526646,-0.00016537125847526646
2021-09-07,-0.0033631050832506615,-0.0033631050832506615
2021-09-08,-0.0014936106654864778,-0.0014936106654864778
2021-09-09,-0.004487534626038792,-0.004487534626038792
2021-09-10,-0.007568590350047311,-0.007568590350047311
2021-09-13,0.0024112600235517423,0.0024112600235517423
2021-09-14,-0.005482210785410557,-0.005482210785410557
2021-09-15,0.008381145235684562,0.008381145235684562
2021-09-16,-0.0016734534501031684,-0.0016734534501031684
2021-09-17,-0.0022171139017712616,-0.0022171139017712616
2021-09-20,-0.026001679108313858,-0.026001679108313858
2021-09-21,-0.0011498878859310668,-0.0011498878859310668
2021-09-22,0.009382374949634453,0.009382374949634453
2021-09-23,0.012317518248175174,0.012317518248175174
2021-09-24,0.0017462821090581393,0.0017462821090581393
2021-09-27,-0.002867907552156601,-0.002867907552156601
2021-09-28,-0.02018948793142339,-0.02018948793142339
2021-09-29,0.0014389317370784305,0.0014389317370784305
2021-09-30,-0.011954710040806948,-0.011954710040806948
2021-10-01,0.010703274969460663,0.010703274969460663
2021-10-04,-0.012086330935251799,-0.012086330935251799
2021-10-05,0.009962132245849187,0.009962132245849187
2021-10-06,0.00461467466543608,0.00461467466543608
2021-10-07,0.0082682590721177,0.0082682590721177
2021-10-08,-0.0017653758542141018,-0.0017653758542141018
2021-10-11,-0.007131039990872279,-0.007131039990872279
2021-10-12,-0.002355780280395292,-0.002355780280395292
2021-10-13,0.0032828428267004384,0.0032828428267004384
2021-10-14,0.016991963260619913,0.016991963260619913
2021-10-15,0.007563784149920982,0.007563784149920982
2021-10-18,0.003361344537815114,0.003361344537815114
2021-10-19,0.007537688442211143,0.007537688442211143
2021-10-20,0.0037129398725408436,0.0037129398725408436
2021-10-21,0.0030366607773850696,0.0030366607773850696
2021-10-22,-0.001155942092805673,-0.001155942092805673
2021-10-25,0.004739336492890933,0.004739336492890933
2021-10-26,0.0015906099166300702,0.0015906099166300702
2021-10-27,-0.004545205629483573,-0.004545205629483573
2021-10-28,0.009461987017273632,0.009461987017273632
2021-10-29,0.002070844686648421,0.002070844686648421
2021-11-01,0.0019034152708288232,0.0019034152708288232
2021-11-02,0.003853878304293623,0.003853878304293623
2021-11-03,0.0062182329404130154,0.0062182329404130154
2021-11-04,0.004513944865387698,0.004513944865387698
2021-11-05,0.0036377253517358987,0.0036377253517358987
2021-11-08,0.0007995309418473706,0.0007995309418473706
2021-11-09,-0.0033553472518108585,-0.0033553472518108585
2021-11-10,-0.0077486239512638555,-0.0077486239512638555
2021-11-11,0.00021542438604060798,0.00021542438604060798
2021-11-12,0.007592074090027934,0.007592074090027934
2021-11-15,0.0001603163576122668,0.0001603163576122668
2021-11-16,0.0036332549690105687,0.0036332549690105687
2021-11-17,-0.00207623509369681,-0.00207623509369681
2021-11-18,0.0032542011202987275,0.0032542011202987275
2021-11-19,-0.0014888865255769934,-0.0014888865255769934
2021-11-22,-0.0031419746511875957,-0.0031419746511875957
2021-11-23,0.0018697579998931957,0.0018697579998931957
2021-11-24,0.0022395222352564748,0.0022395222352564748
2021-11-26,-0.02197276016173655,-0.02197276016173655
2021-11-29,0.012021976826415814,0.012021976826415814
2021-11-30,-0.01822188776607181,-0.01822188776607181
2021-12-01,-0.01264713933753081,-0.01264713933753081
2021-12-02,0.014916269269158233,0.014916269269158233
2021-12-03,-0.008359285363055191,-0.008359285363055191
2021-12-06,0.011570247933884392,0.011570247933884392
2021-12-07,0.020697167755991286,0.020697167755991286
2021-12-08,0.0029882604055495587,0.0029882604055495587
2021-12-09,-0.006809959565865054,-0.006809959565865054
2021-12-10,0.009427898007285274,0.009427898007285274
2021-12-13,-0.008968371895563543,-0.008968371895563543
2021-12-14,-0.006800535475234293,-0.006800535475234293
2021-12-15,0.015635108906620676,0.015635108906620676
2021-12-16,-0.008652723219025327,-0.008652723219025327
2021-12-17,-0.006916206492637245,-0.006916206492637245
2021-12-20,-0.01681454419844408,-0.01681454419844408
2021-12-21,0.01804321597016556,0.01804321597016556
2021-12-22,0.00975057910898025,0.00975057910898025
2021-12-23,0.006348698250106644,0.006348698250106644
2021-12-27,0.014101680538620487,0.014101680538620487
2021-12-28,-0.0007841497203199266,-0.0007841497203199266
2021-12-29,0.0012556241498378196,0.0012556241498378196
2021-12-30,-0.002560351133869765,-0.002560351133869765
2021-12-31,-0.0028812405050029355,-0.0028812405050029355
2022-01-03,0.0057791320794367,0.0057791320794367
2022-01-04,-0.00036564981195152946,-0.00036564981195152946
2022-01-05,-0.019177509536499993,-0.019177509536499993
2022-01-06,-0.0010655301012253426,-0.0010655301012253426
2022-01-07,-0.004213333333333291,-0.004213333333333291
2022-01-10,-0.0011782978951314638,-0.0011782978951314638
2022-01-11,0.009169392460721681,0.009169392460721681
2022-01-12,0.0023910733262486605,0.0023910733262486605
2022-01-13,-0.013623111582295233,-0.013623111582295233
2022-01-14,0.0005911435941530208,0.0005911435941530208
2022-01-18,-0.017938664804769355,-0.017938664804769355
2022-01-19,-0.010281651627016664,-0.010281651627016664
2022-01-20,-0.010941039951373188,-0.010941039951373188
2022-01-21,-0.01893960556455665,-0.01893960556455665
2022-01-24,0.003132118451025123,0.003132118451025123
2022-01-25,-0.012432585864320167,-0.012432585864320167
2022-01-26,-0.0017245343757185116,-0.0017245343757185116
2022-01-27,-0.005470459518599591,-0.005470459518599591
2022-01-28,0.024434022349603346,0.024434022349603346
2022-01-31,0.01831232690894713,0.01831232690894713
2022-02-01,0.006826885719043219,0.006826885719043219
2022-02-02,0.00931642778390307,0.00931642778390307
2022-02-03,-0.02364957124911249,-0.02364957124911249
2022-02-04,0.005258447079883544,0.005258447079883544
2022-02-07,-0.0037284362826933704,-0.0037284362826933704
2022-02-08,0.008210914371892919,0.008210914371892919
2022-02-09,0.014459833795013921,0.014459833795013921
2022-02-10,-0.017530446179891856,-0.017530446179891856
2022-02-11,-0.019566425792106767,-0.019566425792106767
2022-02-14,-0.003515137770722321,-0.003515137770722321
2022-02-15,0.016044606281292673,0.016044606281292673
2022-02-16,0.0012319408668384213,0.0012319408668384213
2022-02-17,-0.021364653243847842,-0.021364653243847842
2022-02-18,-0.007086524174191311,-0.007086524174191311
2022-02-22,-0.010014964890065592,-0.010014964890065592
2022-02-23,-0.018139534883720887,-0.018139534883720887
2022-02-24,0.014684983420180098,0.014684983420180098
2022-02-25,0.022408963585434094,0.022408963585434094
2022-02-28,-0.002739726027397249,-0.002739726027397249
2022-03-01,-0.014709249084249088,-0.014709249084249088
2022-03-02,0.018123729305837832,0.018123729305837832
2022-03-03,-0.005134934672220037,-0.005134934672220037
2022-03-04,-0.007340712278488315,-0.007340712278488315
2022-03-07,-0.02975330752787564,-0.02975330752787564
2022-03-08,-0.007085863999047315,-0.007085863999047315
2022-03-09,0.02554722638680662,0.02554722638680662
2022-03-10,-0.004210280100578889,-0.004210280100578889
2022-03-11,-0.013095308003993167,-0.013095308003993167
2022-03-14,-0.007021301915982381,-0.007021301915982381
2022-03-15,0.02157238734419953,0.02157238734419953
2022-03-16,0.02252463632097612,0.02252463632097612
2022-03-17,0.011989444699403329,0.011989444699403329
2022-03-18,-0.00020404792103623226,-0.00020404792103623226
2022-03-21,0.009729302820965069,0.009729302820965069
2022-03-22,0.011847942051771643,0.011847942051771643
2022-03-23,-0.012763596004439548,-0.012763596004439548
2022-03-24,0.014614952220348476,0.014614952220348476
2022-03-25,0.005318559556786617,0.005318559556786617
2022-03-28,0.006943679047723972,0.006943679047723972
2022-03-29,0.012587565674255785,0.012587565674255785
2022-03-30,-0.006377688898497436,-0.006377688898497436
2022-03-31,-0.01419712793733685,-0.01419712793733685
2022-04-01,0.0018760690834851435,0.0018760690834851435
2022-04-04,0.008481577353086855,0.008481577353086855
2022-04-05,-0.012560755829829073,-0.012560755829829073
2022-04-06,-0.009844588241800789,-0.009844588241800789
2022-04-07,0.004580237948947019,0.004580237948947019
2022-04-08,-0.0028356964136780904,-0.0028356964136780904
2022-04-11,-0.016616482658637244,-0.016616482658637244
2022-04-12,-0.0036289408029031023,-0.0036289408029031023
2022-04-13,0.011211017527885225,0.011211017527885225
2022-04-14,-0.012324835387472532,-0.012324835387472532
2022-04-18,-0.00017094017094021474,-0.00017094017094021474
2022-04-19,0.016527041659542885,0.016527041659542885
2022-04-20,-0.0008409485900094937,-0.0008409485900094937
2022-04-21,-0.014588710582426168,-0.014588710582426168
2022-04-22,-0.02807197357931901,-0.02807197357931901
2022-04-25,0.005975745503544516,0.005975745503544516
2022-04-26,-0.02847824820918987,-0.02847824820918987
2022-04-27,0.002337849178755569,0.002337849178755569
2022-04-28,0.024699479696190352,0.024699479696190352
2022-04-29,-0.036418816388467334,-0.036418816388467334
2022-05-02,0.005693519079345899,0.005693519079345899
2022-05-03,0.0043965309563960275,0.0043965309563960275
2022-05-04,0.030221262817053507,0.030221262817053507
2022-05-05,-0.03538792852569694,-0.03538792852569694
2022-05-06,-0.0057322150485730194,-0.0057322150485730194
2022-05-09,-0.03204272363150873,-0.03204272363150873
2022-05-10,0.002319749216300959,0.002319749216300959
2022-05-11,-0.016638518796522228,-0.016638518796522228
2022-05-12,-0.0007633102219960497,-0.0007633102219960497
2022-05-13,0.02355337704500604,-0.02355337704500604
2022-05-16,-0.003731575346725524,0.003731575346725524
2022-05-17,0.01997627816967351,-0.01997627816967351
2022-05-18,-0.03965970989656653,0.03965970989656653
2022-05-19,-0.006373080109617013,0.006373080109617013
2022-05-20,0.00044897697389512103,-0.00044897697389512103
2022-05-23,0.01852801641236046,-0.01852801641236046
2022-05-24,-0.007868068231887682,0.007868068231887682
2022-05-25,0.0091993401852557,-0.0091993401852557
2022-05-26,0.019865468032941536,-0.019865468032941536
2022-05-27,0.02465635209270789,0.02465635209270789
2022-05-31,-0.005895446068699961,-0.005895446068699961
2022-06-01,-0.007806354009077143,-0.007806354009077143
2022-06-02,0.018602098072700635,0.018602098072700635
2022-06-03,-0.01634632656727142,-0.01634632656727142
2022-06-06,0.0032870708546384186,0.0032870708546384186
2022-06-07,0.009282854022570008,0.009282854022570008
2022-06-08,-0.010760444845205885,-0.010760444845205885
2022-06-09,-0.023760330578512345,-0.023760330578512345
2022-06-10,-0.029193899782135047,-0.029193899782135047
2022-06-13,-0.03808668889458833,0.03808668889458833
2022-06-14,-0.00366617784295431,0.00366617784295431
2022-06-15,0.014049642068642454,-0.014049642068642454
2022-06-16,-0.031932440456554745,0.031932440456554745
2022-06-17,-0.0012240142395897324,0.0012240142395897324
2022-06-21,0.02838340665250816,-0.02838340665250816
2022-06-22,-0.001327051954084002,0.001327051954084002
2022-06-23,0.00983323367218114,-0.00983323367218114
2022-06-24,0.03065991183630512,-0.03065991183630512
2022-06-27,-0.0031918289179699855,0.0031918289179699855
2022-06-28,-0.020044828690361838,-0.020044828690361838
2022-06-29,-0.001110965886812143,-0.001110965886812143
2022-06-30,-0.008308799476611006,-0.008308799476611006
2022-07-01,0.009961736376830732,0.009961736376830732
2022-07-05,0.0017636684303350414,0.0017636684303350414
2022-07-06,0.0037167449139279274,0.0037167449139279274
2022-07-07,0.014746962905216598,0.014746962905216598
2022-07-08,-0.0009603072983355165,-0.0009603072983355165
2022-07-11,-0.011406600448574222,-0.011406600448574222
2022-07-12,-0.00855642704349513,-0.00855642704349513
2022-07-13,-0.005034324942791768,-0.005034324942791768
2022-07-14,-0.0029570245761597613,-0.0029570245761597613
2022-07-15,0.018915178277203015,0.018915178277203015
2022-07-18,-0.008085381630012933,-0.008085381630012933
2022-07-19,0.02706227583958265,0.02706227583958265
2022-07-20,0.006349206349206327,0.006349206349206327
2022-07-21,0.009779179810725624,0.009779179810725624
2022-07-22,-0.009059668853483305,-0.009059668853483305
2022-07-25,0.0012610340479193294,0.0012610340479193294
2022-07-26,-0.011775818639798485,-0.011775818639798485
2022-07-27,0.02580768495507546,0.02580768495507546
2022-07-28,0.01217542551869788,0.01217542551869788
2022-07-29,0.014729348226341088,0.014729348226341088
2022-08-01,-0.003145034474416386,-0.003145034474416386
2022-08-02,-0.006491930590947659,-0.006491930590947659
2022-08-03,0.01526717557251911,0.01526717557251911
2022-08-04,-0.000962406015037609,-0.000962406015037609
2022-08-05,-0.0013245830573784811,-0.0013245830573784811
2022-08-08,-0.0012057635497678687,-0.0012057635497678687
2022-08-09,-0.004164906138709457,-0.004164906138709457
2022-08-10,0.020729785428536873,0.020729785428536873
2022-08-11,-5.9382422802900514e-05,-5.9382422802900514e-05
2022-08-12,0.016924995546053756,0.016924995546053756
2022-08-15,0.004029432375613151,0.004029432375613151
2022-08-16,0.002210201826324587,0.002210201826324587
2022-08-17,-0.007196332191979571,-0.007196332191979571
2022-08-18,0.0022797685158122416,0.0022797685158122416
2022-08-19,-0.012830980986819118,-0.012830980986819118
2022-08-22,-0.02132813423136004,-0.02132813423136004
2022-08-23,-0.0025958345910050973,-0.0025958345910050973
2022-08-24,0.0029657426461686676,0.0029657426461686676
2022-08-25,0.014060708466598237,0.014060708466598237
2022-08-26,-0.033682456557962426,-0.033682456557962426
2022-08-29,-0.006958985096686798,-0.006958985096686798
2022-08-30,-0.010852713178294615,-0.010852713178294615
2022-08-31,-0.007774294670846449,-0.007774294670846449
2022-09-01,0.0030961708580816705,0.0030961708580816705
2022-09-02,-0.011149606299212578,-0.011149606299212578
2022-09-06,-0.003567333418269869,-0.003567333418269869
2022-09-07,0.017772663342283668,0.017772663342283668
2022-09-08,0.006407035175879372,0.006407035175879372
2022-09-09,0.015416302583947106,0.015416302583947106
2022-09-12,0.010695187165775444,0.010695187165775444
2022-09-13,-0.04366599768898616,-0.04366599768898616
2022-09-14,0.004133545310015974,0.004133545310015974
2022-09-15,-0.011526282457251402,-0.011526282457251402
2022-09-16,-0.007883139355618907,-0.007883139355618907
2022-09-19,0.01188508330191107,0.01188508330191107
2022-09-20,-0.011360010211245108,-0.011360010211245108
2022-09-21,-0.017171260732038007,-0.017171260732038007
2022-09-22,-0.008998357963875159,-0.008998357963875159
2022-09-23,-0.016702014846235458,-0.016702014846235458
2022-09-26,-0.010514963602049066,-0.010514963602049066
2022-09-27,-0.0024523160762942586,-0.0024523160762942586
2022-09-28,0.019393608303742038,0.019393608303742038
2022-09-29,-0.02083333333333337,-0.02083333333333337
2022-09-30,-0.014435246630635556,-0.014435246630635556
2022-10-03,0.024642510065250534,0.024642510065250534
2022-10-04,0.030621231623873646,0.030621231623873646
2022-10-05,-0.0024321304147768563,-0.0024321304147768563
2022-10-06,-0.009818133895624692,-0.009818133895624692
2022-10-07,-0.02755040926332597,-0.02755040926332597
2022-10-10,-0.007664408403476375,-0.007664408403476375
2022-10-11,-0.007171919177987762,-0.007171919177987762
2022-10-12,-0.002986733347225101,-0.002986733347225101
2022-10-13,0.025985787933677118,0.025985787933677118
2022-10-14,-0.022883139811231024,-0.022883139811231024
2022-10-17,0.02550382209867963,0.02550382209867963
2022-10-18,0.011791014433828018,0.011791014433828018
2022-10-19,-0.006831424552943499,-0.006831424552943499
2022-10-20,-0.008631735113628691,-0.008631735113628691
2022-10-21,0.024148017141691014,0.024148017141691014
2022-10-24,0.012021785334750179,0.012021785334750179
2022-10-25,0.016013650981164362,0.016013650981164362
2022-10-26,-0.00755765131451458,-0.00755765131451458
2022-10-27,-0.005597500650872167,-0.005597500650872167
2022-10-28,0.02402146877863598,0.02402146877863598
2022-10-31,-0.007222754873761561,-0.007222754873761561
2022-11-01,-0.004378058202420765,-0.004378058202420765
2022-11-02,-0.025155199172271048,-0.025155199172271048
2022-11-03,-0.010878938640132674,-0.010878938640132674
2022-11-04,0.013882368721078508,0.013882368721078508
2022-11-07,0.009458923137981134,0.009458923137981134
2022-11-08,0.005242120437717102,0.005242120437717102
2022-11-09,-0.020793950850661602,-0.020793950850661602
2022-11-10,0.05471974437491678,0.05471974437491678
2022-11-11,0.009909113860136376,0.009909113860136376
2022-11-14,-0.008561964877195183,-0.008561964877195183
2022-11-15,0.00844679778113977,0.00844679778113977
2022-11-16,-0.007750968871108932,-0.007750968871108932
2022-11-17,-0.0033387929948343054,-0.0033387929948343054
2022-11-18,0.004740534732317725,0.004740534732317725
2022-11-21,-0.004026170105686955,-0.004026170105686955
2022-11-22,0.013201111672561883,0.013201111672561883
2022-11-23,0.005672963032229861,0.005672963032229861
2022-11-25,-0.00012397718819734393,-0.00012397718819734393
2022-11-28,-0.015437073775573462,-0.015437073775573462
2022-11-29,-0.0020779547887412875,-0.0020779547887412875
2022-11-30,0.03009843513377075,0.03009843513377075
2022-12-01,0.0001225114854517262,0.0001225114854517262
2022-12-02,-0.0015312059778281872,-0.0015312059778281872
2022-12-05,-0.017727886148938832,-0.017727886148938832
2022-12-06,-0.014550677574470705,-0.014550677574470705
2022-12-07,-0.0020912547528516567,-0.0020912547528516567
2022-12-08,0.007366482504604033,0.007366482504604033
2022-12-09,-0.007438693815797759,-0.007438693815797759
2022-12-12,0.014099714194982571,0.014099714194982571
2022-12-13,0.007640759065572711,0.007640759065572711
2022-12-14,-0.006028963888370931,-0.006028963888370931
2022-12-15,-0.02526263131565787,-0.02526263131565787
2022-12-16,-0.0065512007433602415,-0.0065512007433602415
2022-12-19,-0.006708038781044312,-0.006708038781044312
2022-12-20,0.0009751657781822409,0.0009751657781822409
2022-12-21,0.01467818406183019,0.01467818406183019
2022-12-22,-0.014465851629008486,-0.014465851629008486
2022-12-23,0.005325712801194982,0.005325712801194982
2022-12-27,-0.003811615737450702,-0.003811615737450702
2022-12-28,-0.012321660181582317,-0.012321660181582317
2022-12-29,0.016874589625738734,0.016874589625738734
2022-12-30,-0.00277652224446312,-0.00277652224446312
2023-01-03,-0.0038850038850039015,-0.0038850038850039015
2023-01-04,0.007410296411856532,0.007410296411856532
2023-01-05,-0.011743450767841002,-0.011743450767841002
2023-01-06,0.022590754766257604,0.022590754766257604
2023-01-09,-0.00044694164219127863,-0.00044694164219127863
2023-01-10,0.006898754391568174,0.006898754391568174
2023-01-11,0.012497621011228865,0.012497621011228865
2023-01-12,0.0033834586466165995,0.0033834586466165995
2023-01-13,0.003684276258274055,0.003684276258274055
2023-01-17,-0.002177564860324721,-0.002177564860324721
2023-01-18,-0.015899738121960327,-0.015899738121960327
2023-01-19,-0.007666476588734761,-0.007666476588734761
2023-01-20,0.01864385135997959,0.01864385135997959
2023-01-23,0.012034599473486285,0.012034599473486285
2023-01-24,-0.00092902266815309,-0.00092902266815309
2023-01-25,-0.00018597731076808177,-0.00018597731076808177
2023-01-26,0.010788690476190466,0.010788690476190466
2023-01-27,0.002146975831186282,0.002146975831186282
2023-01-30,-0.012670624961743315,-0.012670624961743315
2023-01-31,0.014259144451332917,0.014259144451332917
2023-02-01,0.010330073349633206,0.010330073349633206
2023-02-02,0.01433843547704039,0.01433843547704039
2023-02-03,-0.010437790767028554,-0.010437790767028554
2023-02-06,-0.005846543306612051,-0.005846543306612051
2023-02-07,0.012671274402813237,0.012671274402813237
2023-02-08,-0.010836376698796668,-0.010836376698796668
2023-02-09,-0.00938143081951337,-0.00938143081951337
2023-02-10,0.0019551536628581445,0.0019551536628581445
2023-02-13,0.01158607232148312,0.01158607232148312
2023-02-14,-0.00042196636325275705,-0.00042196636325275705
2023-02-15,0.003075624170787661,0.003075624170787661
2023-02-16,-0.01406841820477367,-0.01406841820477367
2023-02-17,-0.0029879870723824586,-0.0029879870723824586
2023-02-21,-0.020000000000000018,-0.020000000000000018
2023-02-22,-0.00168507770080506,-0.00168507770080506
2023-02-23,0.004938734683670898,0.004938734683670898
2023-02-24,-0.010699844479004628,-0.010699844479004628
2023-02-27,0.003081179651638122,0.003081179651638122
2023-02-28,-0.0031344032096288776,-0.0031344032096288776
2023-03-01,-0.004779273047415433,-0.004779273047415433
2023-03-02,0.007140149121698469,0.007140149121698469
2023-03-03,0.01631219022523367,0.01631219022523367
2023-03-06,0.0006790542626087248,0.0006790542626087248
2023-03-07,-0.01548426896977173,-0.01548426896977173
2023-03-08,0.001315871921799605,0.001315871921799605
2023-03-09,-0.018773466833541974,-0.018773466833541974
2023-03-10,-0.014604591836734682,-0.014604591836734682
2023-03-13,-0.0015532975211960398,-0.0015532975211960398
2023-03-14,0.016529461334024775,0.016529461334024775
2023-03-15,-0.007078178803723967,-0.007078178803723967
2023-03-16,0.01740414873803875,0.01740414873803875
2023-03-17,-0.0008710898047911142,-0.0008710898047911142
2023-03-20,0.006557903198510129,0.006557903198510129
2023-03-21,0.013243786090886278,0.013243786090886278
2023-03-22,-0.01616799851328754,-0.01616799851328754
2023-03-23,0.0018889308651304226,0.0018889308651304226
2023-03-24,0.005844645550527883,0.005844645550527883
2023-03-27,0.001499531396438547,0.001499531396438547
2023-03-28,-0.001434899245118193,-0.001434899245118193
2023-03-29,0.01399475196801192,0.01399475196801192
2023-03-30,0.005545286506469571,0.005545286506469571
2023-03-31,0.014154411764705888,0.014154411764705888
2023-04-03,0.0038668358407347725,0.0038668358407347725
2023-04-04,-0.005958471260908871,-0.005958471260908871
2023-04-05,-0.0028457253572293784,-0.0028457253572293784
2023-04-06,0.0035824883113728667,0.0035824883113728667
2023-04-10,0.001028557599225488,0.001028557599225488
2023-04-11,6.04412209126437e-05,6.04412209126437e-05
2023-04-12,-0.004230629759458426,-0.004230629759458426
2023-04-13,0.013049283806749301,0.013049283806749301
2023-04-14,-0.0021568509975435912,-0.0021568509975435912
2023-04-17,0.003122185529870869,0.003122185529870869
2023-04-18,0.0007781169569640589,0.0007781169569640589
2023-04-19,-0.0003588516746411141,-0.0003588516746411141
2023-04-20,-0.006222328586813486,-0.006222328586813486
2023-04-21,0.00102347983142681,0.00102347983142681
2023-04-24,0.0006615745474227719,0.0006615745474227719
2023-04-25,-0.015927395119605725,-0.015927395119605725
2023-04-26,-0.004214255176204773,-0.004214255176204773
2023-04-27,0.019075073601570125,0.019075073601570125
2023-04-28,0.008365934396629582,0.008365934396629582
2023-05-01,-0.0006565596275516228,-0.0006565596275516228
2023-05-02,-0.011706384757809274,-0.011706384757809274
2023-05-03,-0.007070768115066128,-0.007070768115066128
2023-05-04,-0.007729762629336556,-0.007729762629336556
2023-05-05,0.01827884438446903,0.01827884438446903
2023-05-08,0.0006023733510029938,0.0006023733510029938
2023-05-09,-0.004515080368430513,-0.004515080368430513
2023-05-10,0.004354136429608024,0.004354136429608024
2023-05-11,-0.0019869942196532042,-0.0019869942196532042
2023-05-12,-0.0013876319758672206,-0.0013876319758672206
2023-05-15,0.002899951667472145,0.002899951667472145
2023-05-16,-0.006506024096385565,-0.006506024096385565
2023-05-17,0.011763279165656115,0.011763279165656115
2023-05-18,0.009708737864077666,0.009708737864077666
2023-05-19,-0.0017212725546058572,-0.0017212725546058572
2023-05-22,5.945656697781132e-05,5.945656697781132e-05
2023-05-23,-0.01099881093935795,-0.01099881093935795
2023-05-24,-0.007874962428614407,-0.007874962428614407
2023-05-25,0.00817983519146881,0.00817983519146881
2023-05-26,0.012861349840735725,0.012861349840735725
2023-05-30,0.0004153563163828977,0.0004153563163828977
2023-05-31,-0.005812574139976268,-0.005812574139976268
2023-06-01,0.008948812790836369,0.008948812790836369
2023-06-02,0.014191106906338735,0.014191106906338735
2023-06-05,-0.0016324626865671377,-0.0016324626865671377
2023-06-06,0.002043914973137051,0.002043914973137051
2023-06-07,-0.003613264176234088,-0.003613264176234088
2023-06-08,0.005615020178978858,0.005615020178978858
2023-06-09,0.0015122433548537817,0.0015122433548537817
2023-06-12,0.008827458040536529,0.008827458040536529
2023-06-13,0.006677796327211993,0.006677796327211993
2023-06-14,0.000571853376794218,0.000571853376794218
2023-06-15,0.011944904840829773,0.011944904840829773
2023-06-16,0.006065762488704385,0.006065762488704385
2023-06-20,-0.00417665291261049,-0.00417665291261049
2023-06-21,-0.005750042279722645,-0.005750042279722645
2023-06-22,0.003288541135113787,0.003288541135113787
2023-06-23,-0.007855326363379489,-0.007855326363379489
2023-06-26,-0.0042720437457279825,-0.0042720437457279825
2023-06-27,0.011097763285853102,0.011097763285853102
2023-06-28,-0.00028288543140031486,-0.00028288543140031486
2023-06-29,0.004131295981890215,0.004131295981890215
2023-06-30,0.011835653497153764,0.011835653497153764
2023-07-03,0.0008912159527656449,0.0008912159527656449
2023-07-05,-0.0018921475875117721,-0.0018921475875117721
2023-07-06,-0.00819626428770559,-0.00819626428770559
2023-07-07,-0.002923319091522325,-0.002923319091522325
2023-07-10,0.0023116824537663394,0.0023116824537663394
2023-07-11,0.006581537942284887,0.006581537942284887
2023-07-12,0.007600312954062716,0.007600312954062716
2023-07-13,0.00798668885191356,0.00798668885191356
2023-07-14,-0.0014856388246946572,-0.0014856388246946572
2023-07-17,0.003747175841736894,0.003747175841736894
2023-07-18,0.007466373867691445,0.007466373867691445
2023-07-19,0.0020162388970628164,0.0020162388970628164
2023-07-20,-0.00685229497498363,-0.00685229497498363
2023-07-21,-0.0001642755448472144,-0.0001642755448472144
2023-07-24,0.0041075633933951305,0.0041075633933951305
2023-07-25,0.002727173557325102,0.002727173557325102
2023-07-26,-0.00016318537859005833,-0.00016318537859005833
2023-07-27,-0.0067460965127033035,-0.0067460965127033035
2023-07-28,0.009256723448540338,0.009256723448540338
2023-07-31,0.0017366764354715958,0.0017366764354715958
2023-08-01,-0.0028713836818723415,-0.0028713836818723415
2023-08-02,-0.013909263787014403,-0.013909263787014403
2023-08-03,-0.0034161661799547716,-0.0034161661799547716
2023-08-04,-0.0052523912202133705,-0.0052523912202133705
2023-08-07,0.008837261004891017,0.008837261004891017
2023-08-08,-0.004242190512919408,-0.004242190512919408
2023-08-09,-0.007247980524510367,-0.007247980524510367
2023-08-10,0.0,0.0
2023-08-11,-0.001114640806999967,-0.001114640806999967
2023-08-14,0.005635217318529229,0.005635217318529229
2023-08-15,-0.011540168664003536,-0.011540168664003536
2023-08-16,-0.007633587786259555,-0.007633587786259555
2023-08-17,-0.008031674208144768,-0.008031674208144768
2023-08-18,-0.0003991333105257677,-0.0003991333105257677
2023-08-21,0.0067879755861046664,0.0067879755861046664
2023-08-22,-0.0030028328611898525,-0.0030028328611898525
2023-08-23,0.0108541228618515,0.0108541228618515
2023-08-24,-0.013717112660220354,-0.013717112660220354
2023-08-25,0.006440948472412167,0.006440948472412167
2023-08-28,0.006343093390723142,0.006343093390723142
2023-08-29,0.01451966908661162,0.01451966908661162
2023-08-30,0.0038830642924501113,0.0038830642924501113
2023-08-31,-0.001823506658562235,-0.001823506658562235
2023-09-01,0.001217891939769622,0.001217891939769622
2023-09-05,-0.004202145305761351,-0.004202145305761351
2023-09-06,-0.006885063853414808,-0.006885063853414808
2023-09-07,-0.0034104886503411036,-0.0034104886503411036
2023-09-08,0.0012342215988778715,0.0012342215988778715
2023-09-11,0.00638762817280214,0.00638762817280214
2023-09-12,-0.0056232949167640545,-0.0056232949167640545
2023-09-13,0.0008398656215005129,0.0008398656215005129
2023-09-14,0.008335664335664239,0.008335664335664239
2023-09-15,-0.0031690601767088156,-0.0031690601767088156
2023-09-18,0.002177291703060913,0.002177291703060913
2023-09-19,-0.0025547039875597477,-0.0025547039875597477
2023-09-20,-0.009576837416481077,-0.009576837416481077
2023-09-21,-0.016865302451090636,-0.016865302451090636
2023-09-22,-0.0025160109789570395,-0.0025160109789570395
2023-09-25,0.004070167392799862,0.004070167392799862
2023-09-26,-0.014616043391378786,-0.014616043391378786
2023-09-27,-0.0002897039225910891,-0.0002897039225910891
2023-09-28,0.005563927205285646,0.005563927205285646
2023-09-29,-0.0027665706051873684,-0.0027665706051873684
2023-10-02,-0.0002889839324933252,-0.0002889839324933252
2023-10-03,-0.013759611493322499,-0.013759611493322499
2023-10-04,0.007737850987748374,0.007737850987748374
2023-10-05,-0.0016287592344831348,-0.0016287592344831348
2023-10-06,0.011827769038047053,0.011827769038047053
2023-10-09,0.006276632500287871,0.006276632500287871
2023-10-10,0.005207439198855468,0.005207439198855468
2023-10-11,0.00415575543663893,0.00415575543663893
2023-10-12,-0.006633029083281339,-0.006633029083281339
2023-10-13,-0.005307613286154589,-0.005307613286154589
2023-10-16,0.01004073670319583,0.01004073670319583
2023-10-17,0.00017041581458765442,0.00017041581458765442
2023-10-18,-0.013517351053558224,-0.013517351053558224
2023-10-19,-0.00903909263630609,-0.00903909263630609
2023-10-20,-0.012665582151986987,-0.012665582151986987
2023-10-23,-0.0015887960456631989,-0.0015887960456631989
2023-10-24,0.00695467672540806,0.00695467672540806
2023-10-25,-0.014398595258999114,-0.014398595258999114
2023-10-26,-0.012649207197577006,-0.012649207197577006
2023-10-27,-0.004511006856730448,-0.004511006856730448
