date,GC=F Long Only,GC=F Using TFT
2017-07-05,0.0020527136463461826,0.0020527136463461826
2017-07-06,0.0014748662092798348,0.0014748662092798348
2017-07-07,-0.0111274555140487,-0.0111274555140487
2017-07-10,0.00289591268467726,0.00289591268467726
2017-07-11,0.0012375216815549983,0.0012375216815549983
2017-07-12,0.0037079763435454716,0.0037079763435454716
2017-07-13,-0.0014776510909514373,-0.0014776510909514373
2017-07-14,0.008468244959569216,0.008468244959569216
2017-07-17,0.005054682345991157,0.005054682345991157
2017-07-18,0.006732581464206078,0.006732581464206078
2017-07-19,8.055401490958403e-05,8.055401490958403e-05
2017-07-20,0.002900497742407193,0.002900497742407193
2017-07-21,0.00763174777261888,0.00763174777261888
2017-07-24,-0.00031892242564790507,-0.00031892242564790507
2017-07-25,-0.0017545842566001335,-0.0017545842566001335
2017-07-26,-0.0021570274644072684,-0.0021570274644072684
2017-07-27,0.008486769884657797,0.008486769884657797
2017-07-28,0.0069863837715871124,0.0069863837715871124
2017-07-31,-0.0014191491591594163,-0.0014191491591594163
2017-08-01,0.004737091517173164,0.004737091517173164
2017-08-02,-0.0006285767508711348,-0.0006285767508711348
2017-08-03,-0.003145148487520233,-0.003145148487520233
2017-08-04,-0.00749329518387476,-0.00749329518387476
2017-08-07,-7.954991048697568e-05,-7.954991048697568e-05
2017-08-08,-0.0014305570081576402,-0.0014305570081576402
2017-08-09,0.013212333065401705,0.013212333065401705
2017-08-10,0.008405303355754068,0.008405303355754068
2017-08-11,0.003115992951739477,0.003115992951739477
2017-08-14,-0.002718024487626036,-0.002718024487626036
2017-08-15,-0.008176296837901553,-0.008176296837901553
2017-08-16,0.0025124231489868087,0.0025124231489868087
2017-08-17,0.007439893349801885,0.007439893349801885
2017-08-18,-0.0005442111543074724,-0.0005442111543074724
2017-08-21,0.003966786847585668,0.003966786847585668
2017-08-22,-0.004415922704188335,-0.004415922704188335
2017-08-23,0.002957006381073546,0.002957006381073546
2017-08-24,-0.001862071819847766,-0.001862071819847766
2017-08-25,0.004663816556548683,0.004663816556548683
2017-08-28,0.013307505742263137,0.013307505742263137
2017-08-29,0.002596033092175265,0.002596033092175265
2017-08-30,-0.003807783179471058,-0.003807783179471058
2017-08-31,0.006192168593466496,0.006192168593466496
2017-09-01,0.006306069849596252,0.006306069849596252
2017-09-05,0.011098490880992795,0.011098490880992795
2017-09-06,-0.003957532072170977,-0.003957532072170977
2017-09-07,0.008396394757391734,0.008396394757391734
2017-09-08,0.0006691133970695429,0.0006691133970695429
2017-09-11,-0.011144130757800852,-0.011144130757800852
2017-09-12,-0.002253944402704766,-0.002253944402704766
2017-09-13,-0.0034638370376035565,-0.0034638370376035565
2017-09-14,0.0009822629090459056,0.0009822629090459056
2017-09-15,-0.003245962796336377,-0.003245962796336377
2017-09-18,-0.010678563560459264,-0.010678563560459264
2017-09-19,-7.662684873954717e-05,-7.662684873954717e-05
2017-09-20,0.004440398901348397,0.004440398901348397
2017-09-21,-0.01631099421803539,-0.01631099421803539
2017-09-22,0.0020921069992749786,0.0020921069992749786
2017-09-25,0.010438412967070265,0.010438412967070265
2017-09-26,-0.0074992718564046434,-0.0074992718564046434
2017-09-27,-0.010485717491085178,-0.010485717491085178
2017-09-28,0.0016362595807930536,0.0016362595807930536
2017-09-29,-0.003111629716063824,-0.003111629716063824
2017-10-02,-0.00686699089202103,-0.00686699089202103
2017-10-03,-0.0009428390177670387,-0.0009428390177670387
2017-10-04,0.0017302014721785053,0.0017302014721785053
2017-10-05,-0.0029833767005458256,-0.0029833767005458256
2017-10-06,0.0013386496095701972,0.0013386496095701972
2017-10-09,0.008021448126787956,0.008021448126787956
2017-10-10,0.00686528820611132,0.00686528820611132
2017-10-11,-0.003719143691780502,-0.003719143691780502
2017-10-12,0.005832944248863159,0.005832944248863159
2017-10-13,0.006340331603099436,0.006340331603099436
2017-10-16,-0.00122933199073183,-0.00122933199073183
2017-10-17,-0.013001018614243298,-0.013001018614243298
2017-10-18,-0.0024161929742303467,-0.0024161929742303467
2017-10-19,0.005469177175150497,0.005469177175150497
2017-10-20,-0.007382080829725246,-0.007382080829725246
2017-10-23,0.00023479470180065576,0.00023479470180065576
2017-10-24,-0.0021131339712415764,-0.0021131339712415764
2017-10-25,0.0003137446384804399,0.0003137446384804399
2017-10-26,-0.00713499718656363,-0.00713499718656363
2017-10-27,0.0017373063942554001,0.0017373063942554001
2017-10-30,0.004414643741377677,0.004414643741377677
2017-10-31,-0.005572541968437261,-0.005572541968437261
2017-11-01,0.005603769207527698,0.005603769207527698
2017-11-02,0.0006279325354803245,0.0006279325354803245
2017-11-03,-0.0065887710825977,-0.0065887710825977
2017-11-06,0.010185570007155587,0.010185570007155587
2017-11-07,-0.004455270543548773,-0.004455270543548773
2017-11-08,0.006202421855158402,0.006202421855158402
2017-11-09,0.0031210986861724965,0.0031210986861724965
2017-11-10,-0.010267541554563886,-0.010267541554563886
2017-11-13,0.003851009368157632,0.003851009368157632
2017-11-14,0.003288147664073371,0.003288147664073371
2017-11-15,-0.003901677721420249,-0.003901677721420249
2017-11-16,0.0007050720047492298,0.0007050720047492298
2017-11-17,0.014404277487392703,0.014404277487392703
2017-11-20,-0.016360605373768933,-0.016360605373768933
2017-11-21,0.0050996392001434465,0.0050996392001434465
2017-11-22,0.008196081648661036,0.008196081648661036
2017-11-24,-0.003793763167144415,-0.003793763167144415
2017-11-27,0.005518067867946508,0.005518067867946508
2017-11-28,0.0006955497834191249,0.0006955497834191249
2017-11-29,-0.009731965753557725,-0.009731965753557725
2017-11-30,-0.00694175538845565,-0.00694175538845565
2017-12-01,0.004398443191185875,0.004398443191185875
2017-12-04,-0.0035189238568795744,-0.0035189238568795744
2017-12-05,-0.009966313078200728,-0.009966313078200728
2017-12-06,0.0009512311869142032,0.0009512311869142032
2017-12-07,-0.010294583067259166,-0.010294583067259166
2017-12-08,-0.0036806668879260096,-0.0036806668879260096
2017-12-11,-0.0012046258101667817,-0.0012046258101667817
2017-12-12,-0.004181033509710552,-0.004181033509710552
2017-12-13,0.005571275263675846,0.005571275263675846
2017-12-14,0.0067448404122318895,0.0067448404122318895
2017-12-15,0.00039878766990586456,0.00039878766990586456
2017-12-18,0.006298255629608507,0.006298255629608507
2017-12-19,-0.001188401250219795,-0.001188401250219795
2017-12-20,0.004283354186730204,0.004283354186730204
2017-12-21,0.0009478503003936822,0.0009478503003936822
2017-12-22,0.006391521560681346,0.006391521560681346
2017-12-26,0.006821350952907368,0.006821350952907368
2017-12-27,0.0022584101465614737,0.0022584101465614737
2017-12-28,0.005516686546960026,0.005516686546960026
2017-12-29,0.009427458057607696,0.009427458057607696
2018-01-02,0.005664779964134947,0.005664779964134947
2018-01-03,0.0019030220696665268,0.0019030220696665268
2018-01-04,0.002431297189563253,0.002431297189563253
2018-01-05,0.0006821467313995466,0.0006821467313995466
2018-01-08,-0.0012876415809394137,-0.0012876415809394137
2018-01-09,-0.005232841302758584,-0.005232841302758584
2018-01-10,0.004345561831495814,0.004345561831495814
2018-01-11,0.0024289897620870526,0.0024289897620870526
2018-01-12,0.00969260113945225,0.00969260113945225
2018-01-16,0.001499924976286815,0.001499924976286815
2018-01-17,0.0019469638598204053,0.0019469638598204053
2018-01-18,-0.008968609865470878,-0.008968609865470878
2018-01-19,0.004449490508342757,0.004449490508342757
2018-01-22,-0.000750807103888973,-0.000750807103888973
2018-01-23,0.0036065269139398115,0.0036065269139398115
2018-01-24,0.015123211784551671,0.015123211784551671
2018-01-25,0.0047938637679492135,0.0047938637679492135
2018-01-26,-0.007927223014231655,-0.007927223014231655
2018-01-30,-0.011985758704125549,-0.011985758704125549
2018-01-31,0.0026958031452164466,0.0026958031452164466
2018-02-01,0.003958214210698197,0.003958214210698197
2018-02-02,-0.007885217043241521,-0.007885217043241521
2018-02-05,-0.0005248190728807112,-0.0005248190728807112
2018-02-06,-0.005176312388644022,-0.005176312388644022
2018-02-07,-0.010934318880138072,-0.010934318880138072
2018-02-08,0.0040409034208446215,0.0040409034208446215
2018-02-09,-0.0028856016080763824,-0.0028856016080763824
2018-02-12,0.008453260065734547,0.008453260065734547
2018-02-13,0.002945192990387202,0.002945192990387202
2018-02-14,0.02063099534504098,0.02063099534504098
2018-02-15,-0.0025083175315843143,-0.0025083175315843143
2018-02-16,0.0008135312519776949,0.0008135312519776949
2018-02-20,-0.018031261619999017,-0.018031261619999017
2018-02-21,0.0009030336602811051,0.0009030336602811051
2018-02-22,0.0004511094631109991,0.0004511094631109991
2018-02-23,-0.001803715961294583,-0.001803715961294583
2018-02-26,0.0018822467187973313,0.0018822467187973313
2018-02-27,-0.011422523280690933,-0.011422523280690933
2018-02-28,0.0,0.0
2018-03-01,-0.00957808862480991,-0.00957808862480991
2018-03-02,0.013968801006093878,0.013968801006093878
2018-03-05,-0.00227083495226732,-0.00227083495226732
2018-03-06,0.01175935079818946,0.01175935079818946
2018-03-07,-0.005698842025396944,-0.005698842025396944
2018-03-08,-0.004600283247313319,-0.004600283247313319
2018-03-09,0.0018940828500324525,0.0018940828500324525
2018-03-12,-0.0022686024989519993,-0.0022686024989519993
2018-03-13,0.004926481642962388,0.004926481642962388
2018-03-14,-0.0011313070158988081,-0.0011313070158988081
2018-03-15,-0.0057384290590751785,-0.0057384290590751785
2018-03-16,-0.004176792068693147,-0.004176792068693147
2018-03-19,0.004194310832913661,0.004194310832913661
2018-03-20,-0.004328731037988809,-0.004328731037988809
2018-03-21,0.007322077465257593,0.007322077465257593
2018-03-22,0.00446734658302006,0.00446734658302006
2018-03-23,0.017111468159164644,0.017111468159164644
2018-03-26,0.0037797194110877896,0.0037797194110877896
2018-03-27,-0.00967216136281801,-0.00967216136281801
2018-03-28,-0.012748898109106954,-0.012748898109106954
2018-03-29,-0.001057168400067643,-0.001057168400067643
2018-04-02,0.014590207170698477,0.014590207170698477
2018-04-03,-0.006929384492203927,-0.006929384492203927
2018-04-04,0.002250900277680712,0.002250900277680712
2018-04-05,-0.00860907289986157,-0.00860907289986157
2018-04-06,0.0057388622711769255,0.0057388622711769255
2018-04-09,0.003303569587363109,0.003303569587363109
2018-04-10,0.00426547254628451,0.00426547254628451
2018-04-11,0.0108047690014903,0.0108047690014903
2018-04-12,-0.013343144552847352,-0.013343144552847352
2018-04-13,0.004781847203614964,0.004781847203614964
2018-04-16,0.0020076971102340746,0.0020076971102340746
2018-04-17,-0.00022267074443416135,-0.00022267074443416135
2018-04-18,0.002969121247755835,0.002969121247755835
2018-04-19,-0.0032562925568003775,-0.0032562925568003775
2018-04-20,-0.007499329737208016,-0.007499329737208016
2018-04-23,-0.01062314033858236,-0.01062314033858236
2018-04-24,0.006729697099480125,0.006729697099480125
2018-04-25,-0.007661163478404176,-0.007661163478404176
2018-04-26,-0.0037086758438069634,-0.0037086758438069634
2018-04-27,0.003038820824751154,0.003038820824751154
2018-04-30,-0.003105428693946588,-0.003105428693946588
2018-05-01,-0.009420986782980645,-0.009420986782980645
2018-05-02,-0.0009204427038226326,-0.0009204427038226326
2018-05-03,0.006218313939622133,0.006218313939622133
2018-05-04,0.001525902246514832,0.001525902246514832
2018-05-07,-0.0003808943540781762,-0.0003808943540781762
2018-05-08,-0.00015237858505967594,-0.00015237858505967594
2018-05-09,-0.0005334993688071998,-0.0005334993688071998
2018-05-10,0.007244718711396203,0.007244718711396203
2018-05-11,-0.001362847336144557,-0.001362847336144557
2018-05-14,-0.0018953752843062777,-0.0018953752843062777
2018-05-15,-0.020964660528627,-0.020964660528627
2018-05-16,0.0010085551502752033,0.0010085551502752033
2018-05-17,-0.0015501473226560147,-0.0015501473226560147
2018-05-18,0.0015525540100980173,0.0015525540100980173
2018-05-21,0.0,0.0
2018-05-22,0.0011626104919919555,0.0011626104919919555
2018-05-23,-0.001857941034659527,-0.001857941034659527
2018-05-24,0.01116877514806447,0.01116877514806447
2018-05-25,-0.00030674415795639565,-0.00030674415795639565
2018-05-29,-0.00352957683104993,-0.00352957683104993
2018-05-30,0.0021560398347582055,0.0021560398347582055
2018-05-31,-0.0010757006638973943,-0.0010757006638973943
2018-06-01,-0.004076553232318814,-0.004076553232318814
2018-06-04,-0.0013130006009237638,-0.0013130006009237638
2018-06-05,0.0034026946849710082,0.0034026946849710082
2018-06-06,-0.00030830398000958326,-0.00030830398000958326
2018-06-07,0.0012335021324896278,0.0012335021324896278
2018-06-08,-0.000461981680523027,-0.000461981680523027
2018-06-11,0.0006163229667759396,0.0006163229667759396
2018-06-12,-0.0029255899273996633,-0.0029255899273996633
2018-06-13,0.0013898917937285038,0.0013898917937285038
2018-06-14,0.005474574332855919,0.005474574332855919
2018-06-15,-0.022546030992379174,-0.022546030992379174
2018-06-18,0.0012552766488183043,0.0012552766488183043
2018-06-19,-0.0004701266328889231,-0.0004701266328889231
2018-06-20,-0.00344937637055176,-0.00344937637055176
2018-06-21,-0.0031466332234457717,-0.0031466332234457717
2018-06-22,0.00015788608735545218,0.00015788608735545218
2018-06-25,-0.0014202688917867023,-0.0014202688917867023
2018-06-26,-0.007111251717457745,-0.007111251717457745
2018-06-27,-0.003023974877956359,-0.003023974877956359
2018-06-28,-0.0039910598699904876,-0.0039910598699904876
2018-06-29,0.0028049365788109792,0.0028049365788109792
2018-07-02,-0.009190441581753306,-0.009190441581753306
2018-07-03,0.009517604688728643,0.009517604688728643
2018-07-05,0.004554229269235099,0.004554229269235099
2018-07-06,-0.0023860652855268727,-0.0023860652855268727
2018-07-09,0.003029519740003872,0.003029519740003872
2018-07-10,-0.003417794166802879,-0.003417794166802879
2018-07-11,-0.008773328737928576,-0.008773328737928576
2018-07-12,0.0017701569725150357,0.0017701569725150357
2018-07-13,-0.004337369007279102,-0.004337369007279102
2018-07-16,-0.0012100677876272226,-0.0012100677876272226
2018-07-17,-0.01001536601129005,-0.01001536601129005
2018-07-18,0.0004895958881911966,-0.0004895958881911966
2018-07-19,-0.0031803182408656205,0.0031803182408656205
2018-07-20,0.005808225985058257,-0.005808225985058257
2018-07-23,-0.004473363155754417,0.004473363155754417
2018-07-24,-8.167940027570264e-05,8.167940027570264e-05
2018-07-25,0.006127951507796325,-0.006127951507796325
2018-07-26,-0.004953691298520191,0.004953691298520191
2018-07-27,-0.0022036016768054445,0.0022036016768054445
2018-07-30,-0.0010632478192137418,0.0010632478192137418
2018-07-31,0.001965039095882082,-0.001965039095882082
2018-08-01,-0.004739664124574161,0.004739664124574161
2018-08-02,-0.005993963939393998,0.005993963939393998
2018-08-03,0.0029737119267618795,-0.0029737119267618795
2018-08-06,-0.004612070343548269,0.004612070343548269
2018-08-07,0.0008274036241935345,-0.0008274036241935345
2018-08-08,0.0024801587802172342,-0.0024801587802172342
2018-08-09,-0.0005772317218930567,0.0005772317218930567
2018-08-10,-0.0006601607492431327,0.0006601607492431327
2018-08-13,-0.016348713695773287,0.016348713695773287
2018-08-14,0.0014269714615955387,-0.0014269714615955387
2018-08-15,-0.012992455993294239,-0.012992455993294239
2018-08-16,-0.0011040754378981443,-0.0011040754378981443
2018-08-17,0.00025510018753704955,0.00025510018753704955
2018-08-20,0.008754822633340487,0.008754822633340487
2018-08-21,0.004887029422976141,0.004887029422976141
2018-08-22,0.00310252667946731,0.00310252667946731
2018-08-23,-0.007774010238681517,-0.007774010238681517
2018-08-24,0.016259518810551876,0.016259518810551876
2018-08-27,0.002238208623549287,0.002238208623549287
2018-08-28,-0.0013233875814205875,-0.0013233875814205875
2018-08-29,-0.0024018753978987117,0.0024018753978987117
2018-08-30,-0.005645536594541256,0.005645536594541256
2018-08-31,0.0021709090442110224,-0.0021709090442110224
2018-09-04,-0.0063318314980242985,0.0063318314980242985
2018-09-05,0.0018446158566753912,-0.0018446158566753912
2018-09-06,0.002510670297685369,-0.002510670297685369
2018-09-07,-0.003589655848139972,0.003589655848139972
2018-09-10,-0.0005026605212881119,0.0005026605212881119
2018-09-11,0.0020117555859702207,-0.0020117555859702207
2018-09-12,0.007779761224591786,-0.007779761224591786
2018-09-13,-0.002241181440447937,-0.002241181440447937
2018-09-14,-0.005823627287853572,-0.005823627287853572
2018-09-17,0.003933013532949836,0.003933013532949836
2018-09-18,-0.0024171896822345884,-0.0024171896822345884
2018-09-19,0.004511950303676349,0.004511950303676349
2018-09-20,0.003327233540561192,0.003327233540561192
2018-09-21,-0.008290499423652453,-0.008290499423652453
2018-09-24,0.0025916216207941822,0.0025916216207941822
2018-09-25,0.0005836330721065153,0.0005836330721065153
2018-09-26,-0.0050000000000000044,-0.0050000000000000044
2018-09-27,-0.009798954080297295,0.009798954080297295
2018-09-28,0.0077814013295471884,-0.0077814013295471884
2018-10-01,-0.003692844661403738,0.003692844661403738
2018-10-02,0.012888593330627529,-0.012888593330627529
2018-10-03,-0.0034098265990434307,0.0034098265990434307
2018-10-04,-0.0009180485783387704,0.0009180485783387704
2018-10-05,0.003341129437972823,-0.003341129437972823
2018-10-08,-0.01398595358035326,0.01398595358035326
2018-10-09,0.002364004306059986,-0.002364004306059986
2018-10-10,0.0017689502549060876,-0.0017689502549060876
2018-10-11,0.028756369097582946,0.028756369097582946
2018-10-12,-0.004413587588118051,-0.004413587588118051
2018-10-15,0.00681393070723324,0.00681393070723324
2018-10-16,0.0007338750783967285,0.0007338750783967285
2018-10-17,-0.0029333476028844396,-0.0029333476028844396
2018-10-18,0.00228818251193319,0.00228818251193319
2018-10-19,-0.000978353992560077,-0.000978353992560077
2018-10-22,-0.0033461988842417023,-0.0033461988842417023
2018-10-23,0.009990233974772167,0.009990233974772167
2018-10-24,-0.004540275235196178,-0.004540275235196178
2018-10-25,0.0010587446702361447,0.0010587446702361447
2018-10-26,0.0027662716472203197,0.0027662716472203197
2018-10-29,-0.006490872210953347,-0.006490872210953347
2018-10-30,-0.001551673674203724,-0.001551673674203724
2018-10-31,-0.0084246090000748,-0.0084246090000748
2018-11-01,0.01954957536691082,0.01954957536691082
2018-11-02,-0.00412619383975521,-0.00412619383975521
2018-11-05,-0.0008936351971079448,-0.0008936351971079448
2018-11-06,-0.004878841894434327,-0.004878841894434327
2018-11-07,0.0019610248798798136,0.0019610248798798136
2018-11-08,-0.0026911816092136664,-0.0026911816092136664
2018-11-09,-0.013492517516226044,-0.013492517516226044
2018-11-12,-0.004227433258230051,-0.004227433258230051
2018-11-13,-0.0017481874393484587,-0.0017481874393484587
2018-11-14,0.0072548979289781546,0.0072548979289781546
2018-11-15,0.004056647334235608,0.004056647334235608
2018-11-16,0.006596305803030056,0.006596305803030056
2018-11-19,0.0018839504143370878,0.0018839504143370878
2018-11-20,-0.0033521181160790503,-0.0033521181160790503
2018-11-21,0.005578382959905648,0.005578382959905648
2018-11-23,-0.003915849760908308,-0.003915849760908308
2018-11-26,-0.0006552406454750637,-0.0006552406454750637
2018-11-27,-0.0073758403213805,-0.0073758403213805
2018-11-28,0.00842146107446462,0.00842146107446462
2018-11-29,0.0022105380038535127,0.0022105380038535127
2018-11-30,-0.003186034222568912,-0.003186034222568912
2018-12-03,0.011227728069510334,0.011227728069510334
2018-12-04,0.005835117132195533,0.005835117132195533
2018-12-06,-0.002417210586587615,-0.002417210586587615
2018-12-07,0.007026955345888153,0.007026955345888153
2018-12-10,-0.0024864433227795857,-0.0024864433227795857
2018-12-11,-0.0014472355298531525,-0.0014472355298531525
2018-12-12,0.0020130444889712162,0.0020130444889712162
2018-12-13,-0.0013661790492072168,-0.0013661790492072168
2018-12-14,-0.004586747723374307,-0.004586747723374307
2018-12-17,0.00840745708493329,0.00840745708493329
2018-12-18,0.0014429426988811223,0.0014429426988811223
2018-12-19,0.0023215053853804513,0.0023215053853804513
2018-12-20,0.00918457010161533,0.00918457010161533
2018-12-21,-0.007755561053464088,-0.007755561053464088
2018-12-24,0.010926743211311596,0.010926743211311596
2018-12-26,0.0013411843565089843,0.0013411843565089843
2018-12-27,0.006382050084993374,0.006382050084993374
2018-12-28,0.0020355245334273686,0.0020355245334273686
2018-12-31,-0.0012500785650582102,-0.0012500785650582102
2019-01-02,0.0021121419609975156,0.0021121419609975156
2019-01-03,0.008430951466139813,0.008430951466139813
2019-01-04,-0.0070445094536923936,-0.0070445094536923936
2019-01-07,0.0031964588854191955,0.0031964588854191955
2019-01-08,-0.002797713335128127,-0.002797713335128127
2019-01-09,0.004753816932956623,0.004753816932956623
2019-01-10,-0.003567903111794002,-0.003567903111794002
2019-01-11,0.0018681594965994641,0.0018681594965994641
2019-01-14,0.0015538808468158471,0.0015538808468158471
2019-01-15,-0.0022496505073195117,-0.0022496505073195117
2019-01-16,0.004198433073444363,0.004198433073444363
2019-01-17,-0.00046452121189100026,-0.00046452121189100026
2019-01-18,-0.007513517561483329,-0.007513517561483329
2019-01-22,0.0009365106736494155,0.0009365106736494155
2019-01-23,0.0004678172210039744,0.0004678172210039744
2019-01-24,-0.0031174499852775206,-0.0031174499852775206
2019-01-25,0.014306973010254298,0.014306973010254298
2019-01-28,0.0038538614967715823,0.0038538614967715823
2019-01-29,0.004453260633515255,0.004453260633515255
2019-01-30,0.0012995515254869971,0.0012995515254869971
2019-01-31,0.007481431082647871,0.007481431082647871
2019-02-01,-0.0021216389038479777,-0.0021216389038479777
2019-02-04,-0.001974315086746503,-0.001974315086746503
2019-02-05,-7.616042952995894e-05,-7.616042952995894e-05
2019-02-06,-0.003576283173412076,-0.003576283173412076
2019-02-07,-7.634638101372548e-05,-7.634638101372548e-05
2019-02-08,0.003283890848968518,0.003283890848968518
2019-02-11,-0.0051000619783067025,-0.0051000619783067025
2019-02-12,0.0016832067114576077,0.0016832067114576077
2019-02-13,0.001222195016748806,0.001222195016748806
2019-02-14,-0.0007628928614200614,-0.0007628928614200614
2019-02-15,0.0063367891650625285,0.0063367891650625285
2019-02-19,0.016690691455494733,0.016690691455494733
2019-02-20,0.002387936199154339,0.002387936199154339
2019-02-21,-0.014739855660243828,-0.014739855660243828
2019-02-22,0.004306725479316098,0.004306725479316098
2019-02-25,-0.0024826413474535736,-0.0024826413474535736
2019-02-26,-0.0006034005682129528,-0.0006034005682129528
2019-02-27,-0.005584502717080109,-0.005584502717080109
2019-02-28,-0.003718526618591955,-0.003718526618591955
2019-03-01,-0.012492400825778516,-0.012492400825778516
2019-03-04,-0.008947836599417225,-0.008947836599417225
2019-03-05,-0.0021793654434236753,-0.0021793654434236753
2019-03-06,0.0022621095273498426,0.0022621095273498426
2019-03-07,-0.0008560787337824616,-0.0008560787337824616
2019-03-08,0.01028193696045121,0.01028193696045121
2019-03-11,-0.006322244542694699,-0.006322244542694699
2019-03-12,0.005819366632410894,0.005819366632410894
2019-03-13,0.008639937321609947,0.008639937321609947
2019-03-14,-0.010783920142208414,-0.010783920142208414
2019-03-15,0.006494529345526967,0.006494529345526967
2019-03-18,-0.0011522506865400128,-0.0011522506865400128
2019-03-19,0.0036145128011881855,0.0036145128011881855
2019-03-20,-0.0034482758620689724,-0.0034482758620689724
2019-03-21,0.004306017367118331,0.004306017367118331
2019-03-22,0.004211009955445988,0.004211009955445988
2019-03-25,0.007853041338708122,0.007853041338708122
2019-03-26,-0.005749281674539808,-0.005749281674539808
2019-03-27,-0.003347808149277376,-0.003347808149277376
2019-03-28,-0.015344663876106557,-0.015344663876106557
2019-03-29,0.0024809668558956055,0.0024809668558956055
2019-04-01,-0.0035575990610499097,-0.0035575990610499097
2019-04-02,0.0012418313843676199,0.0012418313843676199
2019-04-03,-7.750045421506258e-05,-7.750045421506258e-05
2019-04-04,-0.0006977474199765243,-0.0006977474199765243
2019-04-05,0.0010861322064099621,0.0010861322064099621
2019-04-08,0.005192150530931139,0.005192150530931139
2019-04-09,0.004934102640138827,0.004934102640138827
2019-04-10,0.004296107085490997,0.004296107085490997
2019-04-11,-0.015659613766950464,-0.015659613766950464
2019-04-12,0.0015520720455473036,0.0015520720455473036
2019-04-15,-0.0029443102663064824,-0.0029443102663064824
2019-04-16,-0.011035182393037135,-0.011035182393037135
2019-04-17,-0.00031433633642674597,-0.00031433633642674597
2019-04-18,-0.00023575441701295663,-0.00023575441701295663
2019-04-22,0.001257941312387878,0.001257941312387878
2019-04-23,-0.0032979593026108978,-0.0032979593026108978
2019-04-24,0.004884543396653118,0.004884543396653118
2019-04-25,0.00023524016317133523,0.00023524016317133523
2019-04-26,0.007132760023246698,0.007132760023246698
2019-04-29,-0.004903143208358163,-0.004903143208358163
2019-04-30,0.003284900142644487,0.003284900142644487
2019-05-01,-0.0010913816345279326,-0.0010913816345279326
2019-05-02,-0.009130695348267603,-0.009130695348267603
2019-05-03,0.007482082669399093,0.007482082669399093
2019-05-06,0.0019543465411406835,0.0019543465411406835
2019-05-07,0.001404422951314821,0.001404422951314821
2019-05-08,-0.0031943713174424904,-0.0031943713174424904
2019-05-09,0.0032046080254024556,0.0032046080254024556
2019-05-10,0.001714025065738145,0.001714025065738145
2019-05-13,0.011200143860110812,0.011200143860110812
2019-05-14,-0.004153545508397416,-0.004153545508397416
2019-05-15,0.0012358829972933805,0.0012358829972933805
2019-05-16,-0.00871715529004291,-0.00871715529004291
2019-05-17,-0.008171206225680905,-0.008171206225680905
2019-05-20,0.0012553751164672278,0.0012553751164672278
2019-05-21,-0.003212895278095207,-0.003212895278095207
2019-05-22,0.001257842441774848,0.001257842441774848
2019-05-23,0.008794027525820924,0.008794027525820924
2019-05-24,-0.0014010342152204203,-0.0014010342152204203
2019-05-28,-0.005066250974279041,-0.005066250974279041
2019-05-29,0.0032118884339502607,0.0032118884339502607
2019-05-30,0.005075745840949164,0.005075745840949164
2019-05-31,0.014528842822543409,0.014528842822543409
2019-06-03,0.012942182349370057,0.012942182349370057
2019-06-04,0.0005292759265373981,0.0005292759265373981
2019-06-05,0.0037026026323612182,0.0037026026323612182
2019-06-06,0.007001375002596122,0.007001375002596122
2019-06-07,0.0026913693567918173,0.0026913693567918173
2019-06-10,-0.012302416194977517,-0.012302416194977517
2019-06-11,0.0012833647654955094,0.0012833647654955094
2019-06-12,0.0041465620467171505,0.0041465620467171505
2019-06-13,0.005480836867634897,0.005480836867634897
2019-06-14,0.0006720612655899405,0.0006720612655899405
2019-06-17,-0.0010447163939767412,-0.0010447163939767412
2019-06-18,0.005901265931284261,0.005901265931284261
2019-06-19,-0.0014852220676223604,-0.0014852220676223604
2019-06-20,0.0359215005987763,0.0359215005987763
2019-06-21,0.0023691052480243613,0.0023691052480243613
2019-06-24,0.012963829171500851,0.012963829171500851
2019-06-25,0.00042422086206861387,0.00042422086206861387
2019-06-26,-0.002332354775024914,-0.002332354775024914
2019-06-27,-0.002266896590549128,-0.002266896590549128
2019-06-28,0.0009229812093713985,0.0009229812093713985
2019-07-01,-0.0170958192670031,-0.0170958192670031
2019-07-02,0.013712471373251489,0.013712471373251489
2019-07-03,0.009326481427904598,0.009326481427904598
2019-07-05,-0.014812725346178723,-0.014812725346178723
2019-07-08,0.0002148269768844635,0.0002148269768844635
2019-07-09,0.0003579098067287845,0.0003579098067287845
2019-07-10,0.00901608270907861,0.00901608270907861
2019-07-11,-0.004113131592249353,-0.004113131592249353
2019-07-12,0.00398773438098976,0.00398773438098976
2019-07-15,0.0010639052230836388,0.0010639052230836388
2019-07-16,-0.001558787873126799,-0.001558787873126799
2019-07-17,0.008586501614755049,0.008586501614755049
2019-07-18,0.00337713824872532,0.00337713824872532
2019-07-19,-0.0007012131106650665,-0.0007012131106650665
2019-07-22,0.00014039242552454922,0.00014039242552454922
2019-07-23,-0.003648405994557402,-0.003648405994557402
2019-07-24,0.0019013261661902092,0.0019013261661902092
2019-07-25,-0.006255288240531676,-0.006255288240531676
2019-07-26,0.003253395223501654,0.003253395223501654
2019-07-29,0.0007754498314680447,0.0007754498314680447
2019-07-30,0.007114663116113862,0.007114663116113862
2019-07-31,-0.0025179937811333764,-0.0025179937811333764
2019-08-01,-0.0036462739365369368,-0.0036462739365369368
2019-08-02,0.017383313918979404,0.017383313918979404
2019-08-05,0.013143331710626871,0.013143331710626871
2019-08-06,0.0053257196218403635,0.0053257196218403635
2019-08-07,0.023702814340790912,0.023702814340790912
2019-08-08,-0.006369068762197561,-0.006369068762197561
2019-08-09,-0.0007344432274815071,-0.0007344432274815071
2019-08-12,0.005813225567360636,0.005813225567360636
2019-08-13,-0.0020594549629248116,-0.0020594549629248116
2019-08-14,0.009120006448875229,0.009120006448875229
2019-08-15,0.0024407619976820616,0.0024407619976820616
2019-08-16,-0.004672266188474938,-0.004672266188474938
2019-08-19,-0.007999983858471116,-0.007999983858471116
2019-08-20,0.0027992209434382076,0.0027992209434382076
2019-08-21,0.0,0.0
2019-08-22,-0.0048517392504739965,-0.0048517392504739965
2019-08-23,0.019568507181138672,0.019568507181138672
2019-08-26,-0.00019646715748000698,-0.00019646715748000698
2019-08-27,0.009631101815898768,0.009631101815898768
2019-08-28,-0.002076541967472423,-0.002076541967472423
2019-08-29,-0.007348191227290024,-0.007348191227290024
2019-08-30,-0.004847706789428474,-0.004847706789428474
2019-09-03,0.017642057309485315,0.017642057309485315
2019-09-04,0.002846254184988517,0.002846254184988517
2019-09-05,-0.022511786954043878,-0.022511786954043878
2019-09-06,-0.006071052589394554,-0.006071052589394554
2019-09-09,-0.002655689901521985,-0.002655689901521985
2019-09-10,-0.007921650066934682,-0.007921650066934682
2019-09-11,0.0027511074626627163,0.0027511074626627163
2019-09-12,0.0028773599354687818,0.0028773599354687818
2019-09-13,-0.005204461874915967,-0.005204461874915967
2019-09-16,0.008182943840697732,0.008182943840697732
2019-09-17,0.001330583482459513,0.001330583482459513
2019-09-18,0.0015945946800830502,0.0015945946800830502
2019-09-19,-0.006036468050373167,-0.006036468050373167
2019-09-20,0.005939685176889142,0.005939685176889142
2019-09-23,0.010880316998928219,0.010880316998928219
2019-09-24,0.0055129124389627915,0.0055129124389627915
2019-09-25,-0.01794922031082391,-0.01794922031082391
2019-09-26,0.001927438828339234,0.001927438828339234
2019-09-27,-0.005572155498548947,-0.005572155498548947
2019-09-30,-0.022280051336141082,-0.022280051336141082
2019-10-01,0.01112099977563119,0.01112099977563119
2019-10-02,0.012820512820512775,0.012820512820512775
2019-10-03,0.004063941096560608,0.004063941096560608
2019-10-04,-0.0005971895883765121,-0.0005971895883765121
2019-10-07,-0.005643341040734162,-0.005643341040734162
2019-10-08,-0.0003338452402357195,-0.0003338452402357195
2019-10-09,0.005944446102269962,0.005944446102269962
2019-10-10,-0.007502773349037706,-0.007502773349037706
2019-10-11,-0.00809479345798525,-0.00809479345798525
2019-10-14,0.006070007618794726,0.006070007618794726
2019-10-15,-0.009452286684638267,-0.009452286684638267
2019-10-16,0.007038457353749195,0.007038457353749195
2019-10-17,0.0028898177608367437,0.0028898177608367437
2019-10-18,-0.0027475021926520737,-0.0027475021926520737
2019-10-21,-0.0038972765408609167,-0.0038972765408609167
2019-10-22,-0.00047225663158245723,-0.00047225663158245723
2019-10-23,0.005534233321464299,0.005534233321464299
2019-10-24,0.006040673771744887,0.006040673771744887
2019-10-25,0.000400277254096304,0.000400277254096304
2019-10-28,-0.006335445148382801,-0.006335445148382801
2019-10-29,-0.00201342281879191,-0.00201342281879191
2019-10-30,0.004169435892316775,0.004169435892316775
2019-10-31,0.012188637715869088,0.012188637715869088
2019-11-01,-0.002249586052098018,-0.002249586052098018
2019-11-04,0.0,0.0
2019-11-05,-0.018037102899121304,-0.018037102899121304
2019-11-06,0.006347853885599886,0.006347853885599886
2019-11-07,-0.01744732307872776,-0.01744732307872776
2019-11-08,-0.0019805371127277205,-0.0019805371127277205
2019-11-11,-0.0039691019190591925,-0.0039691019190591925
2019-11-12,-0.00233598379530231,-0.00233598379530231
2019-11-13,0.006611098235205004,0.006611098235205004
2019-11-14,0.006909829646058796,0.006909829646058796
2019-11-15,-0.003057480534521595,-0.003057480534521595
2019-11-18,0.0024534692742719244,0.0024534692742719244
2019-11-19,0.0016316706602941267,0.0016316706602941267
2019-11-20,0.0,0.0
2019-11-21,-0.0069232830408855195,-0.0069232830408855195
2019-11-22,0.0,0.0
2019-11-25,-0.004442621904492183,-0.004442621904492183
2019-11-26,0.0021969472029548243,0.0021969472029548243
2019-11-27,-0.00438417879160935,-0.00438417879160935
2019-11-29,0.008394076625114488,0.008394076625114488
2019-12-02,-0.0022515876178922367,-0.0022515876178922367
2019-12-03,0.010873214670608755,0.010873214670608755
2019-12-04,-0.002841260526727396,-0.002841260526727396
2019-12-05,0.001967452112661139,0.001967452112661139
2019-12-06,-0.012052304512072065,-0.012052304512072065
2019-12-09,0.0001371209961862352,0.0001371209961862352
2019-12-10,0.002261307919822597,0.002261307919822597
2019-12-11,0.004649288213888214,0.004649288213888214
2019-12-12,-0.001837534502059257,-0.001837534502059257
2019-12-13,0.006068060755679117,0.006068060755679117
2019-12-16,-0.0004065977201573867,-0.0004065977201573867
2019-12-17,-0.00027120299258476255,-0.00027120299258476255
2019-12-18,-0.0013563000360183874,-0.0013563000360183874
2019-12-19,0.003802781256810217,0.003802781256810217
2019-12-20,-0.0023677446323991935,-0.0023677446323991935
2019-12-23,0.00528924465070113,0.00528924465070113
2019-12-24,0.011197285386804312,0.011197285386804312
2019-12-26,0.00680413141771985,0.00680413141771985
2019-12-27,0.0029815145129650222,0.0029815145129650222
2019-12-30,0.0004623802016765488,0.0004623802016765488
2019-12-31,0.003301419610432399,0.003301419610432399
2020-01-02,0.0032905561039815456,0.0032905561039815456
2020-01-03,0.01620200142464734,0.01620200142464734
2020-01-06,0.010973405974574524,0.010973405974574524
2020-01-07,0.003575595601353454,0.003575595601353454
2020-01-08,-0.009161486173001832,-0.009161486173001832
2020-01-09,-0.0036599930350791343,-0.0036599930350791343
2020-01-10,0.0037378675070167677,0.0037378675070167677
2020-01-13,-0.005842680954052937,-0.005842680954052937
2020-01-14,-0.0038749676475047234,-0.0038749676475047234
2020-01-15,0.0062888686581550335,0.0062888686581550335
2020-01-16,-0.001997278290509108,-0.001997278290509108
2020-01-17,0.006326693885167822,0.006326693885167822
2020-01-21,-0.001539661495306488,-0.001539661495306488
2020-01-22,-0.000706743490544226,-0.000706743490544226
2020-01-23,0.005979506504111276,0.005979506504111276
2020-01-24,0.004154416529097649,0.004154416529097649
2020-01-27,0.0036280779904294125,0.0036280779904294125
2020-01-28,-0.004819950165462217,-0.004819950165462217
2020-01-29,0.000382422683483874,0.000382422683483874
2020-01-30,0.008727195022131706,0.008727195022131706
2020-01-31,-0.00037889206563779254,-0.00037889206563779254
2020-02-03,-0.003601031748229011,-0.003601031748229011
2020-02-04,-0.01699209205395924,-0.01699209205395924
2020-02-05,0.004772977488090024,0.004772977488090024
2020-02-06,0.004686048612788207,0.004686048612788207
2020-02-07,0.0022362788669072486,0.0022362788669072486
2020-02-10,0.003888802550604975,0.003888802550604975
2020-02-11,-0.005778863191787997,-0.005778863191787997
2020-02-12,0.001149750163640162,0.001149750163640162
2020-02-13,0.004912562876061788,0.004912562876061788
2020-02-14,0.004825075045227001,0.004825075045227001
2020-02-18,0.0109307192530812,0.0109307192530812
2020-02-19,0.004687499999999956,0.004687499999999956
2020-02-20,0.0056609490425738596,0.0056609490425738596
2020-02-21,0.017320302129691267,0.017320302129691267
2020-02-24,0.01690383633759951,0.01690383633759951
2020-02-25,-0.015247548210802098,-0.015247548210802098
2020-02-26,-0.004189704482223999,-0.004189704482223999
2020-02-27,0.0,0.0
2020-02-28,-0.046280502691501524,-0.046280502691501524
2020-03-02,0.01802958486181372,0.01802958486181372
2020-03-03,0.03127546645147916,0.03127546645147916
2020-03-04,-0.0006089763198755538,-0.0006089763198755538
2020-03-05,0.015416518922981348,0.015416518922981348
2020-03-06,0.0026404370796919707,0.0026404370796919707
2020-03-09,0.0022144787309947844,0.0022144787309947844
2020-03-10,-0.009196789736675148,-0.009196789736675148
2020-03-11,-0.010668405420007354,-0.010668405420007354
2020-03-12,-0.031741181193497225,-0.031741181193497225
2020-03-13,-0.04630975611591981,-0.04630975611591981
2020-03-16,-0.019660835071461547,-0.019660835071461547
2020-03-17,0.026246718728858642,0.026246718728858642
2020-03-18,-0.031215145139910194,-0.031215145139910194
2020-03-19,0.0008799341466505517,0.0008799341466505517
2020-03-20,0.003652119912907814,0.003652119912907814
2020-03-23,0.055929919137466255,0.055929919137466255
2020-03-24,0.059476675923340716,0.059476675923340716
2020-03-25,-0.016805145864542737,-0.016805145864542737
2020-03-26,0.010904812978834055,0.010904812978834055
2020-03-27,-0.01587779623023844,-0.01587779623023844
2020-03-30,-0.0011700378012791113,-0.0011700378012791113
2020-03-31,-0.023797765466052723,-0.023797765466052723
2020-04-01,-0.0032841184552284686,-0.0032841184552284686
2020-04-02,0.03009758045216593,0.03009758045216593
2020-04-03,0.004920957273962578,0.004920957273962578
2020-04-06,0.026504284827250757,0.026504284827250757
2020-04-07,-0.007274866530635027,-0.007274866530635027
2020-04-08,0.0003603889766581325,0.0003603889766581325
2020-04-09,0.04251226475316172,0.04251226475316172
2020-04-13,0.004953402775092375,0.004953402775092375
2020-04-14,0.006820209772313124,0.006820209772313124
2020-04-15,-0.016792850697309403,-0.016792850697309403
2020-04-16,-0.0039369655801569925,-0.0039369655801569925
2020-04-17,-0.018135359683463026,-0.018135359683463026
2020-04-20,0.007340767684405947,0.007340767684405947
2020-04-21,-0.013751777591560432,-0.013751777591560432
2020-04-22,0.030091765861830932,0.030091765861830932
2020-04-23,0.002661015668526945,0.002661015668526945
2020-04-24,-0.005653982895085452,-0.005653982895085452
2020-04-27,-0.006730476116006634,-0.006730476116006634
2020-04-28,-0.0008178190280367925,-0.0008178190280367925
2020-04-29,-0.004150818816683666,-0.004150818816683666
2020-04-30,-0.011271617334156159,-0.011271617334156159
2020-05-01,0.006115692392080874,0.006115692392080874
2020-05-04,0.007317807267077203,0.007317807267077203
2020-05-05,-0.0014646434848216705,-0.0014646434848216705
2020-05-06,-0.01185172081250807,-0.01185172081250807
2020-05-07,0.022325198163132498,0.022325198163132498
2020-05-08,-0.006911385803573311,-0.006911385803573311
2020-05-11,-0.008538496624058811,-0.008538496624058811
2020-05-12,0.005367766957965925,0.005367766957965925
2020-05-13,0.005573808885191767,0.005573808885191767
2020-05-14,0.01411981494086767,0.01411981494086767
2020-05-15,0.00880274382546209,0.00880274382546209
2020-05-18,-0.01231890913949063,-0.01231890913949063
2020-05-19,0.007160123567464316,0.007160123567464316
2020-05-20,0.0036693180789062474,0.0036693180789062474
2020-05-21,-0.017194091172006765,-0.017194091172006765
2020-05-22,0.008195277876162477,0.008195277876162477
2020-05-26,-0.017179711274783238,-0.017179711274783238
2020-05-27,0.003226184797320286,0.003226184797320286
2020-05-28,0.0017540781818112805,0.0017540781818112805
2020-05-29,0.013774572411924924,0.013774572411924924
2020-06-01,0.0005181785948595863,0.0005181785948595863
2020-06-02,-0.007250602659809369,-0.007250602659809369
2020-06-03,-0.015882160398357326,-0.015882160398357326
2020-06-04,0.012427833065796756,0.012427833065796756
2020-06-05,-0.02484151063802742,-0.02484151063802742
2020-06-08,0.013184642823070858,0.013184642823070858
2020-06-09,0.009656657759072873,0.009656657759072873
2020-06-10,-0.0008164124241055726,-0.0008164124241055726
2020-06-11,0.010914580423122988,0.010914580423122988
2020-06-12,-0.0015588632632073107,-0.0015588632632073107
2020-06-15,-0.005204417825639296,-0.005204417825639296
2020-06-16,0.005405991102626295,0.005405991102626295
2020-06-17,-0.00023128146375406278,-0.00023128146375406278
2020-07-02,0.0060907112144839015,0.0060907112144839015
2020-07-06,0.002522421524663754,0.002522421524663754
2020-07-07,0.008778278541724971,0.008778278541724971
2020-07-08,0.006263190962168652,0.006263190962168652
2020-07-09,-0.008978269803428862,-0.008978269803428862
2020-07-10,-0.0005558025940077815,-0.0005558025940077815
2020-07-13,0.007118256687629998,0.007118256687629998
2020-07-14,-0.00022088592714664124,-0.00022088592714664124
2020-07-15,0.00044186945703783564,0.00044186945703783564
2020-07-16,-0.007011191934976124,-0.007011191934976124
2020-07-17,0.005337242406658893,0.005337242406658893
2020-07-20,0.004202828834110051,0.004202828834110051
2020-07-21,0.014593314413633873,0.014593314413633873
2020-07-22,0.011778088842989476,0.011778088842989476
2020-07-23,0.0134112978528107,0.0134112978528107
2020-07-24,0.004340730161538575,0.004340730161538575
2020-07-27,0.017762056767294032,0.017762056767294032
2020-07-28,0.007094744263011377,0.007094744263011377
2020-07-29,0.004525144777641543,0.004525144777641543
2020-07-30,-0.005733274211351391,-0.005733274211351391
2020-07-31,0.010554496980200723,0.010554496980200723
2020-08-03,0.0016302991095733521,0.0016302991095733521
2020-08-04,0.01790434952791209,0.01790434952791209
2020-08-05,0.014941047943037189,0.014941047943037189
2020-08-06,0.010043830761298445,0.010043830761298445
2020-08-07,-0.02018036773778331,-0.02018036773778331
2020-08-10,0.007114098304466854,0.007114098304466854
2020-08-11,-0.045346792986082574,-0.045346792986082574
2020-08-12,0.0011901318727005616,0.0011901318727005616
2020-08-13,0.011266694135483313,0.011266694135483313
2020-08-14,-0.010067946881726408,-0.010067946881726408
2020-08-17,0.0247805885389778,0.0247805885389778
2020-08-18,0.007254420359729119,0.007254420359729119
2020-08-19,-0.020356143215570333,-0.020356143215570333
2020-08-20,-0.012712463860966805,-0.012712463860966805
2020-08-21,0.00041365536126503066,0.00041365536126503066
2020-08-24,-0.00356664142517249,-0.00356664142517249
2020-08-25,-0.008248120945422155,-0.008248120945422155
2020-08-26,0.015116592533547024,0.015116592533547024
2020-08-27,-0.00984179732390067,-0.00984179732390067
2020-08-28,0.022377185962904944,0.022377185962904944
2020-08-31,0.0015270284217046015,0.0015270284217046015
2020-09-01,0.0003049276242030885,0.0003049276242030885
2020-09-02,-0.017173014732414726,-0.017173014732414726
2020-09-03,-0.003515327100031884,-0.003515327100031884
2020-09-04,-0.0019194600636733838,-0.0019194600636733838
2020-09-08,0.004729962820551936,0.004729962820551936
2020-09-09,0.006052742458290128,0.006052742458290128
2020-09-10,0.004885072370303334,0.004885072370303334
2020-09-11,-0.008392131180801399,-0.008392131180801399
2020-09-14,0.00789551366100194,0.00789551366100194
2020-09-15,0.0016384584927493506,0.0016384584927493506
2020-09-16,0.0019935093014418204,0.0019935093014418204
2020-09-17,-0.010305046258060946,-0.010305046258060946
2020-09-18,0.006237100817493513,0.006237100817493513
2020-09-21,-0.026074496721810836,-0.026074496721810836
2020-09-22,-0.0013675445259373475,-0.0013675445259373475
2020-09-23,-0.020383414973937142,-0.020383414973937142
2020-09-24,0.004516384915210114,0.004516384915210114
2020-09-25,-0.005673659144257326,-0.005673659144257326
2020-09-28,0.00812838351356171,0.00812838351356171
2020-09-29,0.01148013639440748,0.01148013639440748
2020-09-30,-0.003589742201786761,-0.003589742201786761
2020-10-01,0.011072860616721858,0.011072860616721858
2020-10-02,-0.004296831449006722,-0.004296831449006722
2020-10-05,0.006473028704447437,0.006473028704447437
2020-10-06,-0.005960797079248348,-0.005960797079248348
2020-10-07,-0.009205197109429464,-0.009205197109429464
2020-10-08,0.0026544914338537673,0.0026544914338537673
2020-10-09,0.01636133898840897,0.01636133898840897
2020-10-12,0.0015629070070330986,0.0015629070070330986
2020-10-13,-0.01768530559167747,-0.01768530559167747
2020-10-14,0.00677789188674871,0.00677789188674871
2020-10-15,0.0009992648687517924,0.0009992648687517924
2020-10-16,-0.001260982768664043,-0.001260982768664043
2020-10-19,0.0029461150263490055,0.0029461150263490055
2020-10-20,0.002098195524955271,0.002098195524955271
2020-10-21,0.007432972670857296,0.007432972670857296
2020-10-22,-0.012210329573991374,-0.012210329573991374
2020-10-23,0.0004734229791283351,0.0004734229791283351
2020-10-26,0.0003680079768006994,0.0003680079768006994
2020-10-27,0.00320602187039154,0.00320602187039154
2020-10-28,-0.017078843683110856,-0.017078843683110856
2020-10-29,-0.005649704648652554,-0.005649704648652554
2020-10-30,0.006325069137299355,0.006325069137299355
2020-11-02,0.0069244699216712835,0.0069244699216712835
2020-11-03,0.009574680148212389,0.009574680148212389
2020-11-04,-0.007283219499115812,-0.007283219499115812
2020-11-05,0.02676030502244031,0.02676030502244031
2020-11-06,0.0025702975759509528,0.0025702975759509528
2020-11-09,-0.04978726104970077,-0.04978726104970077
2020-11-10,0.01197931892246662,0.01197931892246662
2020-11-11,-0.007838366775525851,-0.007838366775525851
2020-11-12,0.006395455864105282,0.006395455864105282
2020-11-13,0.006995608115309526,0.006995608115309526
2020-11-16,0.0008485430862188448,0.0008485430862188448
2020-11-17,-0.0014836267449171991,-0.0014836267449171991
2020-11-18,-0.005837092066861227,-0.005837092066861227
2020-11-19,-0.00661864126718037,-0.00661864126718037
2020-11-20,0.006179141449066616,0.006179141449066616
2020-11-23,-0.018583748377398956,-0.018583748377398956
2020-11-24,-0.0179562515634073,-0.0179562515634073
2020-11-25,0.0004986160900950498,0.0004986160900950498
2020-11-27,-0.013180443817571552,-0.013180443817571552
2020-11-30,-0.0034794731226440723,-0.0034794731226440723
2020-12-01,0.02162528888324866,0.02162528888324866
2020-12-02,0.006394341955817895,0.006394341955817895
2020-12-03,0.006079913432174289,0.006079913432174289
2020-12-04,-0.0004899958569996032,-0.0004899958569996032
2020-12-07,0.014107535306737917,0.014107535306737917
2020-12-08,0.004834031455560828,0.004834031455560828
2020-12-09,-0.019350049335771224,-0.019350049335771224
2020-12-10,-0.000545077953399975,-0.000545077953399975
2020-12-11,0.0033813663420267925,0.0033813663420267925
2020-12-14,-0.006033317404964933,-0.006033317404964933
2020-12-15,0.012905396339692787,0.012905396339692787
2020-12-16,0.0020514639408537594,0.0020514639408537594
2020-12-17,0.01675554980604943,0.01675554980604943
2020-12-18,-0.0007948283376483234,-0.0007948283376483234
2020-12-21,-0.0034469958998304406,-0.0034469958998304406
2020-12-22,-0.006704968025398328,-0.006704968025398328
2020-12-23,0.00433942767163864,0.00433942767163864
2020-12-24,0.0027738162786727916,0.0027738162786727916
2020-12-28,-0.0014362855508920358,-0.0014362855508920358
2020-12-29,0.0013317707569933113,0.0013317707569933113
2020-12-30,0.006011623728074289,0.006011623728074289
2020-12-31,0.0011105106218600724,0.0011105106218600724
2021-01-04,0.027256867704499754,0.027256867704499754
2021-01-05,0.004113745153939696,0.004113745153939696
2021-01-06,-0.023454666821867143,-0.023454666821867143
2021-01-07,0.002831834047367865,0.002831834047367865
2021-01-08,-0.040893202554750374,-0.040893202554750374
2021-01-11,0.008451011507727868,0.008451011507727868
2021-01-12,-0.00362237849281577,-0.00362237849281577
2021-01-13,0.005806039953402786,0.005806039953402786
2021-01-14,-0.001780279888474512,-0.001780279888474512
2021-01-15,-0.011349510590620282,-0.011349510590620282
2021-01-19,0.0055758765099303,0.0055758765099303
2021-01-20,0.01435173928462219,0.01435173928462219
2021-01-21,-0.0003215475524342981,-0.0003215475524342981
2021-01-22,-0.005146677427195323,-0.005146677427195323
2021-01-25,-0.00043106470812126485,-0.00043106470812126485
2021-01-26,-0.002264312462616047,-0.002264312462616047
2021-01-27,-0.0031339098237614937,-0.0031339098237614937
2021-01-28,-0.0037942435402282815,-0.0037942435402282815
2021-01-29,0.005114546106532281,0.005114546106532281
2021-02-01,0.0073079627798224855,0.0073079627798224855
2021-02-02,-0.016283344815692047,-0.016283344815692047
2021-02-03,0.0009286813285305229,0.0009286813285305229
2021-02-04,-0.023632751834819055,-0.023632751834819055
2021-02-05,0.012298060092657215,0.012298060092657215
2021-02-08,0.011596443600907724,0.011596443600907724
2021-02-09,0.0018560098088049592,0.0018560098088049592
2021-02-10,0.002887771272711781,0.002887771272711781
2021-02-11,-0.008529800815017974,-0.008529800815017974
2021-02-12,-0.0018083449964250153,-0.0018083449964250153
2021-02-16,-0.013394831324706202,-0.013394831324706202
2021-02-17,-0.014522577506703604,-0.014522577506703604
2021-02-18,0.0012986555585965398,0.0012986555585965398
2021-02-19,0.0013533463296615533,0.0013533463296615533
2021-02-22,0.01740055270532359,0.01740055270532359
2021-02-23,-0.0012729987380144525,-0.0012729987380144525
2021-02-24,-0.004433606679094204,-0.004433606679094204
2021-02-25,-0.012246715487089666,-0.012246715487089666
2021-02-26,-0.026093354480996478,-0.026093354480996478
2021-03-01,-0.003240539126816877,-0.003240539126816877
2021-03-02,0.006153831980225011,0.006153831980225011
2021-03-03,-0.010270571235681092,-0.010270571235681092
2021-03-04,-0.00880318149968351,-0.00880318149968351
2021-03-05,-0.0012939367339462882,-0.0012939367339462882
2021-03-08,-0.011955270216799208,-0.011955270216799208
2021-03-09,0.02318652056161219,0.02318652056161219
2021-03-10,0.002854494048556644,0.002854494048556644
2021-03-11,0.00046473937155089295,0.00046473937155089295
2021-03-12,-0.0016257613358544587,-0.0016257613358544587
2021-03-15,0.005466719635977002,0.005466719635977002
2021-03-16,0.0009832559129330232,0.0009832559129330232
2021-03-17,-0.0021957279622206727,-0.0021957279622206727
2021-03-18,0.003127115005246095,0.003127115005246095
2021-03-19,0.0053112074249646035,0.0053112074249646035
2021-03-22,-0.002067288121894273,-0.002067288121894273
2021-03-23,-0.00753832275760602,-0.00753832275760602
2021-03-24,0.00475449265051342,0.00475449265051342
2021-03-25,-0.004616538685031757,-0.004616538685031757
2021-03-26,0.004232086877204555,0.004232086877204555
2021-03-29,-0.011603727140356623,-0.011603727140356623
2021-03-30,-0.016470972241106496,-0.016470972241106496
2021-03-31,0.017756413077116395,0.017756413077116395
2021-04-01,0.007410404253727965,0.007410404253727965
2021-04-05,0.0002896032435564244,0.0002896032435564244
2021-04-06,0.008396062536189852,0.008396062536189852
2021-04-07,-0.0008039186988587632,-0.0008039186988587632
2021-04-08,0.009597191814547434,0.009597191814547434
2021-04-09,-0.007684426015928891,-0.007684426015928891
2021-04-12,-0.006940915113484825,-0.006940915113484825
2021-04-13,0.008664510410739235,0.008664510410739235
2021-04-14,-0.006471152831168725,-0.006471152831168725
2021-04-15,0.017580263744765956,0.017580263744765956
2021-04-16,0.007703622633885132,0.007703622633885132
2021-04-19,-0.005396276327114924,-0.005396276327114924
2021-04-20,0.004464804060731575,0.004464804060731575
2021-04-21,0.00843976795583301,0.00843976795583301
2021-04-22,-0.0061932139451247314,-0.0061932139451247314
2021-04-23,-0.0023579335768069143,-0.0023579335768069143
2021-04-26,0.0012380141653769439,0.0012380141653769439
2021-04-27,-0.0006744330062985471,-0.0006744330062985471
2021-04-28,-0.0026996900045697103,-0.0026996900045697103
2021-04-29,-0.0028761424127984325,-0.0028761424127984325
2021-04-30,-0.00045242167799219857,-0.00045242167799219857
2021-05-03,0.013636606642951188,0.013636606642951188
2021-05-04,-0.008708259112053973,-0.008708259112053973
2021-05-05,0.004673908395987247,0.004673908395987247
2021-05-06,0.017599924244015464,0.017599924244015464
2021-05-07,0.008592660746867153,0.008592660746867153
2021-05-10,0.0034951802192091375,0.0034951802192091375
2021-05-11,-0.0008707350127551416,-0.0008707350127551416
2021-05-12,-0.007244429789890039,-0.007244429789890039
2021-05-13,0.0006584402821587787,0.0006584402821587787
2021-05-14,0.007731097274066512,0.007731097274066512
2021-05-17,0.016105324115969877,0.016105324115969877
2021-05-18,0.0001606687165327525,0.0001606687165327525
2021-05-19,0.007227754388629659,0.007227754388629659
2021-05-20,0.0002657736602469374,0.0002657736602469374
2021-05-21,-0.00271022293756773,-0.00271022293756773
2021-05-24,0.004209529823416602,0.004209529823416602
2021-05-25,0.007163323875032379,0.007163323875032379
2021-05-26,0.0016859350315305832,0.0016859350315305832
2021-05-27,-0.0029454044666445967,-0.0029454044666445967
2021-05-28,0.0035870913136444305,0.0035870913136444305
2021-06-01,0.00021026250410649538,0.00021026250410649538
2021-06-02,0.0024173501113669005,0.0024173501113669005
2021-06-03,-0.019030169765727356,-0.019030169765727356
2021-06-04,0.009940197809753748,0.009940197809753748
2021-06-07,0.0037040955757943195,0.0037040955757943195
2021-06-08,-0.002425188495272401,-0.002425188495272401
2021-06-09,0.0005284853745930462,0.0005284853745930462
2021-06-10,0.0005282062253282316,0.0005282062253282316
2021-06-11,-0.00886914116295856,-0.00886914116295856
2021-06-14,-0.007137543538833557,-0.007137543538833557
2021-06-15,-0.005096566523605128,-0.005096566523605128
2021-06-16,0.0026961445133459883,0.0026961445133459883
2021-06-17,-0.04608763171383434,-0.04608763171383434
2021-06-18,-0.0033262060275397465,-0.0033262060275397465
2021-06-21,0.007862449359187895,0.007862449359187895
2021-06-22,-0.0030867661069026164,-0.0030867661069026164
2021-06-23,0.003377807709884495,0.003377807709884495
2021-06-24,-0.0037592285578361695,-0.0037592285578361695
2021-06-25,0.0005631899153806241,0.0005631899153806241
2021-06-28,0.0016886187331002223,0.0016886187331002223
2021-06-29,-0.009440282641204889,-0.009440282641204889
2021-06-30,0.0045382345010247516,0.0045382345010247516
2021-07-01,0.0028800403463464797,0.0028800403463464797
2021-07-02,0.0037727074045654785,0.0037727074045654785
2021-07-06,0.006114677753476183,0.006114677753476183
2021-07-07,0.004460551993309192,0.004460551993309192
2021-07-08,-0.0010546902104149325,-0.0010546902104149325
2021-07-09,0.005779075658564725,0.005779075658564725
2021-07-12,-0.0024861878453038555,-0.0024861878453038555
2021-07-13,0.002160079985634278,0.002160079985634278
2021-07-14,0.00823478734001215,0.00823478734001215
2021-07-15,0.0022474239303842403,0.0022474239303842403
2021-07-16,-0.007602288464482521,-0.007602288464482521
2021-07-19,-0.003196499767497918,-0.003196499767497918
2021-07-20,0.001216383757163264,0.001216383757163264
2021-07-21,-0.004417692800345763,-0.004417692800345763
2021-07-22,0.0011647765031341795,0.0011647765031341795
2021-07-23,-0.0019944463079986097,-0.0019944463079986097
2021-07-26,-0.0014988748782024386,-0.0014988748782024386
2021-07-27,0.0004447928225070896,0.0004447928225070896
2021-07-28,0.0,0.0
2021-07-29,0.01761597731140596,0.01761597731140596
2021-07-30,-0.010157260857305284,-0.010157260857305284
2021-08-02,0.00303431538898824,0.00303431538898824
2021-08-03,-0.00440019806799774,-0.00440019806799774
2021-08-04,0.0002209957568410914,0.0002209957568410914
2021-08-05,-0.0029826149760080467,-0.0029826149760080467
2021-08-06,-0.024984752199831983,-0.024984752199831983
2021-08-09,-0.020795440673828103,-0.020795440673828103
2021-08-10,0.0031333551918095726,0.0031333551918095726
2021-08-11,0.012494201166051155,0.012494201166051155
2021-08-12,-0.0007998311211925291,-0.0007998311211925291
2021-08-13,0.014979960647155455,0.014979960647155455
2021-08-16,0.006590848109512271,0.006590848109512271
2021-08-17,-0.001063307621077203,-0.001063307621077203
2021-08-18,-0.0019047755821078871,-0.0019047755821078871
2021-08-19,-0.0007858242216253197,-0.0007858242216253197
2021-08-20,0.0004494151500220589,0.0004494151500220589
2021-08-23,0.012464879939289686,0.012464879939289686
2021-08-24,0.0013309807448158573,0.0013309807448158573
2021-08-25,-0.009636699517796554,-0.009636699517796554
2021-08-26,0.002236886315413855,0.002236886315413855
2021-08-27,0.013614565940651913,0.013614565940651913
2021-08-30,-0.004183626383395755,-0.004183626383395755
2021-08-31,0.0033167495854062867,0.0033167495854062867
2021-09-01,-0.0010468454071970168,-0.0010468454071970168
2021-09-02,-0.002426796356136185,-0.002426796356136185
2021-09-03,0.012274049782443841,0.012274049782443841
2021-09-07,-0.0191162813552318,-0.0191162813552318
2021-09-08,-0.0028955249019967377,-0.0028955249019967377
2021-09-09,0.0037415945858505495,0.0037415945858505495
2021-09-10,-0.0043396287538539635,-0.0043396287538539635
2021-09-13,0.0013410954664752062,0.0013410954664752062
2021-09-14,0.007087026323590928,0.007087026323590928
2021-09-15,-0.006815496808666444,-0.006815496808666444
2021-09-16,-0.021089069578919428,-0.021089069578919428
2021-09-17,-0.0029636106487113123,-0.0029636106487113123
2021-09-20,0.0070881583634456735,0.0070881583634456735
2021-09-21,0.00805991076076995,0.00805991076076995
2021-09-22,0.000394116650830556,0.000394116650830556
2021-09-23,-0.01632239590082285,-0.01632239590082285
2021-09-24,0.0011443611923540598,0.0011443611923540598
2021-09-27,0.00017148587557769268,0.00017148587557769268
2021-09-28,-0.00811425781249997,-0.00811425781249997
2021-09-29,-0.008238304197409896,-0.008238304197409896
2021-09-30,0.019634068445033348,0.019634068445033348
2021-10-01,0.0009684675694106026,0.0009684675694106026
2021-10-04,0.0052361702742600436,0.0052361702742600436
2021-10-05,-0.003736822425772557,-0.003736822425772557
2021-10-06,0.0005114937636678807,0.0005114937636678807
2021-10-07,-0.0014768392990273105,-0.0014768392990273105
2021-10-08,-0.0009101630147998474,-0.0009101630147998474
2021-10-11,-0.0009679856487631033,-0.0009679856487631033
2021-10-12,0.002108784505683081,0.002108784505683081
2021-10-13,0.020133026992374514,0.020133026992374514
2021-10-14,0.0016725205339054305,0.0016725205339054305
2021-10-15,-0.0164189908174478,-0.0164189908174478
2021-10-18,-0.0013580253565299572,-0.0013580253565299572
2021-10-19,0.002776463173266297,0.002776463173266297
2021-10-20,0.00813698638830096,0.00813698638830096
2021-10-21,-0.0016254831308486484,-0.0016254831308486484
2021-10-22,0.008028323164233742,0.008028323164233742
2021-10-25,0.005847953216374213,0.005847953216374213
2021-10-26,-0.007364368121885345,-0.007364368121885345
2021-10-27,0.0029006935816493495,0.0029006935816493495
2021-10-28,0.002057929318445284,0.002057929318445284
2021-10-29,-0.01032414289408956,-0.01032414289408956
2021-11-01,0.0067863015064146825,0.0067863015064146825
2021-11-02,-0.0035652746371263033,-0.0035652746371263033
2021-11-03,-0.014032524331145213,-0.014032524331145213
2021-11-04,0.0166704608874213,0.0166704608874213
2021-11-05,0.013050766544373982,0.013050766544373982
2021-11-08,0.006055934734722435,0.006055934734722435
2021-11-09,0.001532191485392076,0.001532191485392076
2021-11-10,0.009507171280887183,0.009507171280887183
2021-11-11,0.008443372911925984,0.008443372911925984
2021-11-12,0.002522581239459143,0.002522581239459143
2021-11-15,-0.0009636751456704173,-0.0009636751456704173
2021-11-16,-0.006698462120752757,-0.006698462120752757
2021-11-17,0.008685787547471291,0.008685787547471291
2021-11-18,-0.004653126918264139,-0.004653126918264139
2021-11-19,-0.005266012266590514,-0.005266012266590514
2021-11-22,-0.024416568908864678,-0.024416568908864678
2021-11-23,-0.012458471760797396,-0.012458471760797396
2021-11-24,0.0003364034684258943,0.0003364034684258943
2021-11-26,0.000672649099607403,0.000672649099607403
2021-11-29,-0.0016803898044864818,-0.0016803898044864818
2021-11-30,-0.004881374069370614,-0.004881374069370614
2021-12-01,0.004510599971877527,0.004510599971877527
2021-12-02,-0.011731042153381721,-0.011731042153381721
2021-12-03,0.01209748930472121,0.01209748930472121
2021-12-06,-0.002525252525252486,-0.002525252525252486
2021-12-07,0.002869184577179995,0.002869184577179995
2021-12-08,0.00044881007465624734,0.00044881007465624734
2021-12-09,-0.004934422287571905,-0.004934422287571905
2021-12-10,0.004677137914072427,0.004677137914072427
2021-12-13,0.0019070191079164633,0.0019070191079164633
2021-12-14,-0.008901093869696508,-0.008901093869696508
2021-12-15,-0.004405811523136682,-0.004405811523136682
2021-12-16,0.01928968595877656,0.01928968595877656
2021-12-17,0.004007610675737183,0.004007610675737183
2021-12-20,-0.005599344374567328,-0.005599344374567328
2021-12-21,-0.0032334988658628827,-0.0032334988658628827
2021-12-22,0.007662593536998719,0.007662593536998719
2021-12-23,0.005328583323728875,0.005328583323728875
2021-12-27,-0.0017115590048087936,-0.0017115590048087936
2021-12-28,0.0011614266989063982,0.0011614266989063982
2021-12-29,-0.0028173548356554834,-0.0028173548356554834
2021-12-30,0.004210279590453503,0.004210279590453503
2021-12-31,0.008164643474810607,0.008164643474810607
2022-01-03,-0.015376183631156004,-0.015376183631156004
2022-01-04,0.008113802038371976,0.008113802038371976
2022-01-05,0.0058434264531077584,0.0058434264531077584
2022-01-06,-0.01967555896877282,-0.01967555896877282
2022-01-07,0.004640268940963033,0.004640268940963033
2022-01-10,0.0007790898241861743,0.0007790898241861743
2022-01-11,0.011232179102341977,0.011232179102341977
2022-01-12,0.004728898988996644,0.004728898988996644
2022-01-13,-0.003283712872338862,-0.003283712872338862
2022-01-14,-0.0025806892696492723,-0.0025806892696492723
2022-01-18,-0.0023121118479906277,-0.0023121118479906277
2022-01-19,0.01699493788444606,0.01699493788444606
2022-01-20,-0.0003255252530437458,-0.0003255252530437458
2022-01-21,-0.005807300500339174,-0.005807300500339174
2022-01-24,0.005404466688426757,0.005404466688426757
2022-01-25,0.005972742733147518,0.005972742733147518
2022-01-26,-0.012306324477091457,-0.012306324477091457
2022-01-27,-0.020001079347303108,-0.020001079347303108
2022-01-28,-0.004684115421483281,-0.004684115421483281
2022-01-31,0.005658566557111833,0.005658566557111833
2022-02-01,0.0029526734418523493,0.0029526734418523493
2022-02-02,0.004943566129181232,0.004943566129181232
2022-02-03,-0.0034269021330998184,-0.0034269021330998184
2022-02-04,0.001996658672178242,0.001996658672178242
2022-02-07,0.007749363549869104,0.007749363549869104
2022-02-08,0.003295616873810525,0.003295616873810525
2022-02-09,0.004708187726313096,0.004708187726313096
2022-02-10,0.0005448997529460264,0.0005448997529460264
2022-02-11,0.0025052269788561343,0.0025052269788561343
2022-02-14,0.014776157350273156,0.014776157350273156
2022-02-15,-0.007066355017063652,-0.007066355017063652
2022-02-16,0.008302729101975048,0.008302729101975048
2022-02-17,0.016308416637958123,0.016308416637958123
2022-02-18,-0.001104843289253865,-0.001104843289253865
2022-02-22,0.003950279203856821,0.003950279203856821
2022-02-23,0.0016263446963136197,0.0016263446963136197
2022-02-24,0.008328108537978496,0.008328108537978496
2022-02-25,-0.020050894018732168,-0.020050894018732168
2022-02-28,0.006838072840743337,0.006838072840743337
2022-03-01,0.022638727728386154,0.022638727728386154
2022-03-02,-0.011068780750497331,-0.011068780750497331
2022-03-03,0.007027955556467846,0.007027955556467846
2022-03-04,0.015870528734703848,0.015870528734703848
2022-03-07,0.014655767740029413,0.014655767740029413
2022-03-08,0.02317064577269945,0.02317064577269945
2022-03-09,-0.026567301514872188,-0.026567301514872188
2022-03-10,0.0061432856749545905,0.0061432856749545905
2022-03-11,-0.007707334268670207,-0.007707334268670207
2022-03-14,-0.011650767213810753,-0.011650767213810753
2022-03-15,-0.01587057357287336,-0.01587057357287336
2022-03-16,-0.010630023334197602,-0.010630023334197602
2022-03-17,0.01787210460478894,0.01787210460478894
2022-03-18,-0.007157213628957937,-0.007157213628957937
2022-03-21,0.0002074600270678406,0.0002074600270678406
2022-03-22,-0.00409624832213451,-0.00409624832213451
2022-03-23,0.00827824481609496,0.00827824481609496
2022-03-24,0.012909222511187979,0.012909222511187979
2022-03-25,-0.003976308551636554,-0.003976308551636554
2022-03-28,-0.00726792552324107,-0.00726792552324107
2022-03-29,-0.014229725682276206,-0.014229725682276206
2022-03-30,0.01124476987447709,0.01124476987447709
2022-03-31,0.008119964402314439,0.008119964402314439
2022-04-01,-0.015442220572518095,-0.015442220572518095
2022-04-04,0.0052628709887059255,0.0052628709887059255
2022-04-05,-0.003265564439800861,-0.003265564439800861
2022-04-06,-0.0023402152700950918,-0.0023402152700950918
2022-04-07,0.008027535559882004,0.008027535559882004
2022-04-08,0.004033471176370762,0.004033471176370762
2022-04-11,0.0013906434261119482,0.0013906434261119482
2022-04-12,0.014298166980229343,0.014298166980229343
2022-04-13,0.00451296816806579,0.00451296816806579
2022-04-14,-0.005098422809660552,-0.005098422809660552
2022-04-18,0.006088588894085367,0.006088588894085367
2022-04-19,-0.01371731953567601,-0.01371731953567601
2022-04-20,-0.001738458060354664,-0.001738458060354664
2022-04-21,-0.0037904134758919295,-0.0037904134758919295
2022-04-22,-0.007146909475848284,-0.007146909475848284
2022-04-25,-0.019575374846258375,-0.019575374846258375
2022-04-26,0.0043313297346705415,0.0043313297346705415
2022-04-27,-0.00815188797779498,-0.00815188797779498
2022-04-28,0.0014846634082219534,0.0014846634082219534
2022-04-29,0.010907025037761198,0.010907025037761198
2022-05-02,-0.024878226986457253,-0.024878226986457253
2022-05-03,0.00375980224321415,0.00375980224321415
2022-05-04,-0.0009632110344034439,-0.0009632110344034439
2022-05-05,0.003749330476700674,0.003749330476700674
2022-05-06,0.003842023037286646,0.003842023037286646
2022-05-09,-0.012810959074778139,-0.012810959074778139
2022-05-10,-0.009261726023365169,-0.009261726023365169
2022-05-11,0.006902522421520896,0.006902522421520896
2022-05-12,-0.015545680199366085,-0.015545680199366085
2022-05-13,-0.008992227204183023,-0.008992227204183023
2022-05-16,0.0033750002785990496,0.0033750002785990496
2022-05-17,0.0025916466346154188,0.0025916466346154188
2022-05-18,-0.001264947101296654,-0.001264947101296654
2022-05-19,0.013932444747874362,0.013932444747874362
2022-05-20,0.00032592747782111964,0.00032592747782111964
2022-05-23,0.003257682615340096,0.003257682615340096
2022-05-24,0.009362445232526273,0.009362445232526273
2022-05-25,-0.010133518128498609,-0.010133518128498609
2022-05-26,0.0006500234394577475,0.0006500234394577475
2022-05-27,0.0021110882118231533,0.0021110882118231533
2022-05-31,-0.004645436952099624,-0.004645436952099624
2022-06-01,0.00032566216538310044,0.00032566216538310044
2022-06-02,0.012586095891780724,0.012586095891780724
2022-06-03,-0.011304567686009959,-0.011304567686009959
2022-06-06,-0.0033597448575715116,-0.0033597448575715116
2022-06-07,0.004512858334319025,0.004512858334319025
2022-06-08,0.002381609967016196,0.002381609967016196
2022-06-09,-0.0016739432718125835,-0.0016739432718125835
2022-06-10,0.012278207795517693,0.012278207795517693
2022-06-13,-0.023243387656959658,-0.023243387656959658
2022-06-14,-0.010120350109409149,-0.010120350109409149
2022-06-15,0.0032053323172838155,0.0032053323172838155
2022-06-16,0.01674648902443132,0.01674648902443132
2022-06-17,-0.005472165494464498,-0.005472165494464498
2022-06-21,-0.0005447810052845448,-0.0005447810052845448
2022-06-22,-0.00016348346331829244,-0.00016348346331829244
2022-06-23,-0.004688490120111077,-0.004688490120111077
2022-06-24,0.0004382148488373261,0.0004382148488373261
2022-06-27,-0.0030659598061524296,-0.0030659598061524296
2022-06-28,-0.0018672219059124862,-0.0018672219059124862
2022-06-29,-0.0020908109095598704,-0.0020908109095598704
2022-06-30,-0.00529303404332937,-0.00529303404332937
2022-07-01,-0.0028822965701699177,-0.0028822965701699177
2022-07-05,-0.020623700640629905,-0.020623700640629905
2022-07-06,-0.015268488857152263,-0.015268488857152263
2022-07-07,0.0017292062699769684,0.0017292062699769684
2022-07-08,0.00155357105353926,0.00155357105353926
2022-07-11,-0.006089840132491808,-0.006089840132491808
2022-07-12,-0.0038728041455924345,-0.0038728041455924345
2022-07-13,0.006325017138577804,0.006325017138577804
2022-07-14,-0.017126024684642305,-0.017126024684642305
2022-07-15,-0.0012320185309108167,-0.0012320185309108167
2022-07-18,0.0039943178220718245,0.0039943178220718245
2022-07-19,0.00046808381171348223,0.00046808381171348223
2022-07-20,-0.0061403508771930015,-0.0061403508771930015
2022-07-21,0.007766961560385477,0.007766961560385477
2022-07-22,0.008407791688327837,0.008407791688327837
2022-07-25,-0.004689928608903826,-0.004689928608903826
2022-07-26,-0.0007562820407940318,-0.0007562820407940318
2022-07-27,0.0008150576083485461,-0.0008150576083485461
2022-07-28,0.01814907433266244,-0.01814907433266244
2022-07-29,0.007198751776515966,-0.007198751776515966
2022-08-01,0.00346019371572992,-0.00346019371572992
2022-08-02,0.0011870975612988666,-0.0011870975612988666
2022-08-03,-0.0073965195452072585,0.0073965195452072585
2022-08-04,0.017349260523321863,-0.017349260523321863
2022-08-05,-0.00872237941623566,0.00872237941623566
2022-08-08,0.007840275380816442,-0.007840275380816442
2022-08-09,0.00402952259632916,-0.00402952259632916
2022-08-10,0.000891848152696495,0.000891848152696495
2022-08-11,-0.0032858233984645047,-0.0032858233984645047
2022-08-12,0.004972914263217554,0.004972914263217554
2022-08-15,-0.009562966421297614,-0.009562966421297614
2022-08-16,-0.004603162192548305,-0.004603162192548305
2022-08-17,-0.007274928208307663,-0.007274928208307663
2022-08-18,-0.002840424848779999,-0.002840424848779999
2022-08-19,-0.004386756126012914,-0.004386756126012914
2022-08-22,-0.007782087305979513,-0.007782087305979513
2022-08-23,0.007381804399149372,0.007381804399149372
2022-08-24,0.0005724753675562244,-0.0005724753675562244
2022-08-25,0.0056642076136728114,-0.0056642076136728114
2022-08-26,-0.012288772933933712,0.012288772933933712
2022-08-29,0.00028800184726174294,-0.00028800184726174294
2022-08-30,-0.007716241277465952,0.007716241277465952
2022-08-31,-0.006035226693615781,0.006035226693615781
2022-09-01,-0.009458239596192963,0.009458239596192963
2022-09-02,0.0077803096971216235,-0.0077803096971216235
2022-09-06,-0.0054977331533621054,0.0054977331533621054
2022-09-07,0.008762658315767169,-0.008762658315767169
2022-09-08,-0.004255843654357938,-0.004255843654357938
2022-09-09,0.004800908180254693,0.004800908180254693
2022-09-12,0.006933938208037338,0.006933938208037338
2022-09-13,-0.013367268047154046,-0.013367268047154046
2022-09-14,-0.004985337243401777,-0.004985337243401777
2022-09-15,-0.01833184532032861,-0.01833184532032861
2022-09-16,0.0037828309507974556,0.0037828309507974556
2022-09-19,-0.003290064102798196,-0.003290064102798196
2022-09-20,-0.0039010924201674513,-0.0039010924201674513
2022-09-21,0.002952355581262056,0.002952355581262056
2022-09-22,0.0037246625814739698,-0.0037246625814739698
2022-09-23,-0.01526214942229942,0.01526214942229942
2022-09-26,-0.013371421228407288,0.013371421228407288
2022-09-27,0.002094438638256868,-0.002094438638256868
2022-09-28,0.020716834237260562,-0.020716834237260562
2022-09-29,-0.0011443172645898558,0.0011443172645898558
2022-09-30,0.0023515371806226426,-0.0023515371806226426
2022-10-03,0.018346967969246952,-0.018346967969246952
2022-10-04,0.016657777048373124,-0.016657777048373124
2022-10-05,-0.0056359022192029595,0.0056359022192029595
2022-10-06,0.00017525228090087275,0.00017525228090087275
2022-10-07,-0.006543174324569634,-0.006543174324569634
2022-10-10,-0.019523640794986807,-0.019523640794986807
2022-10-11,0.006837343015591246,0.006837343015591246
2022-10-12,-0.005003814015653085,-0.005003814015653085
2022-10-13,-0.00017963768146656012,-0.00017963768146656012
2022-10-14,-0.016946137022829322,-0.016946137022829322
2022-10-17,0.00931963774330602,0.00931963774330602
2022-10-18,-0.004828002414001165,-0.004828002414001165
2022-10-19,-0.013038204972710687,-0.013038204972710687
2022-10-20,0.0020276797715053085,-0.0020276797715053085
2022-10-21,0.012386528432097199,-0.012386528432097199
2022-10-24,-0.001393124668761403,0.001393124668761403
2022-10-25,0.0024868670938793525,-0.0024868670938793525
2022-10-26,0.006776349734389342,-0.006776349734389342
2022-10-27,-0.0019832024207482313,0.0019832024207482313
2022-10-28,-0.012705471311086791,0.012705471311086791
2022-10-31,-0.0022566182160088655,0.0022566182160088655
2022-11-01,0.005562672198869079,-0.005562672198869079
2022-11-02,0.0004255022321428825,-0.0004255022321428825
2022-11-03,-0.011180593601310962,-0.011180593601310962
2022-11-04,0.027776039953065323,0.027776039953065323
2022-11-07,0.0023916292974588416,0.0023916292974588416
2022-11-08,0.02123470061791677,0.02123470061791677
2022-11-09,-0.001168156082307914,-0.001168156082307914
2022-11-10,0.023507440393017776,0.023507440393017776
2022-11-11,0.008969862728614109,0.008969862728614109
2022-11-14,0.004303496934279449,0.004303496934279449
2022-11-15,0.0001128062950730424,0.0001128062950730424
2022-11-16,-0.0004510366479320016,-0.0004510366479320016
2022-11-17,-0.006880965127961103,-0.006880965127961103
2022-11-18,-0.005054534397580079,-0.005054534397580079
2022-11-21,-0.00827672800840884,-0.00827672800840884
2022-11-22,0.0005180294701365717,0.0005180294701365717
2022-11-23,0.0037967988267542108,0.0037967988267542108
2022-11-25,0.004814043381587529,0.004814043381587529
2022-11-28,-0.007528701804925042,-0.007528701804925042
2022-11-29,0.00476986894119702,0.00476986894119702
2022-11-30,-0.0013726975409227293,-0.0013726975409227293
2022-12-01,0.03155783252344646,0.03155783252344646
2022-12-02,-0.002887097463972421,-0.002887097463972421
2022-12-05,-0.015869480267588165,-0.015869480267588165
2022-12-06,0.001075039259825994,0.001075039259825994
2022-12-07,0.009156135604362126,0.009156135604362126
2022-12-08,0.0017921877187763169,0.0017921877187763169
2022-12-09,0.005255227075901647,0.005255227075901647
2022-12-12,-0.009788096226519438,-0.009788096226519438
2022-12-13,0.018758789336738246,0.018758789336738246
2022-12-14,-0.0035283225800329943,-0.0035283225800329943
2022-12-15,-0.016763512491355437,-0.016763512491355437
2022-12-16,0.00720236843338018,0.00720236843338018
2022-12-19,-0.0012849434793994474,-0.0012849434793994474
2022-12-20,0.015774500202733632,0.015774500202733632
2022-12-21,0.0,0.0
2022-12-22,-0.015914986522117425,-0.015914986522117425
2022-12-23,0.004980427763884965,0.004980427763884965
2022-12-27,0.010523984719154278,0.010523984719154278
2022-12-28,-0.003802085204107186,-0.003802085204107186
2022-12-29,0.006416270495763099,0.006416270495763099
2022-12-30,0.00010989347176426634,0.00010989347176426634
2023-01-03,0.010990822957993807,0.010990822957993807
2023-01-04,0.00712077947705847,0.00712077947705847
2023-01-05,-0.00971502565070892,-0.00971502565070892
2023-01-06,0.016023491149636415,0.016023491149636415
2023-01-09,0.004559596729233117,0.004559596729233117
2023-01-10,-0.0005873741734490068,-0.0005873741734490068
2023-01-11,0.0016029066248843815,0.0016029066248843815
2023-01-12,0.011149058298440373,0.011149058298440373
2023-01-13,0.012081257934087208,0.012081257934087208
2023-01-17,-0.005838236603238345,-0.005838236603238345
2023-01-18,-0.001468082439962326,-0.001468082439962326
2023-01-19,0.0092942401517353,0.0092942401517353
2023-01-20,0.002237161897270301,0.002237161897270301
2023-01-23,0.0003633467415926628,0.0003633467415926628
2023-01-24,0.0035286435131927085,0.0035286435131927085
2023-01-25,0.003774717754618351,0.003774717754618351
2023-01-26,-0.006233245358693185,-0.006233245358693185
2023-01-27,-0.00025918822576742606,-0.00025918822576742606
2023-01-30,-0.0029554864896974564,-0.0029554864896974564
2023-01-31,0.0034323030329923565,0.0034323030329923565
2023-02-01,-0.0008810319626199048,-0.0008810319626199048
2023-02-02,-0.005965348951511129,-0.005965348951511129
2023-02-03,-0.027866212520694877,-0.027866212520694877
2023-02-06,0.0017713922994071485,0.0017713922994071485
2023-02-07,0.0029471654398802727,0.0029471654398802727
2023-02-08,0.003045399044124819,0.003045399044124819
2023-02-09,-0.00596573617584939,-0.00596573617584939
2023-02-10,-0.001821831761176007,-0.001821831761176007
2023-02-13,-0.005851419437593264,-0.005851419437593264
2023-02-14,0.0011339573185662477,0.0011339573185662477
2023-02-15,-0.010679637987122459,-0.010679637987122459
2023-02-16,0.0042525618993400904,0.0042525618993400904
2023-02-17,-0.0008686078099552352,-0.0008686078099552352
2023-02-21,-0.004020878241630332,-0.004020878241630332
2023-02-22,-0.0005455537370431252,-0.0005455537370431252
2023-02-23,-0.007641921397379958,-0.007641921397379958
2023-02-24,-0.005060479192450451,-0.005060479192450451
2023-02-27,0.004533365187151306,0.004533365187151306
2023-02-28,0.006549270453529266,0.006549270453529266
2023-03-01,0.004811595297906868,0.004811595297906868
2023-03-02,-0.002285439018049007,-0.002285439018049007
2023-03-03,0.007744723846127677,0.007744723846127677
2023-03-06,0.0001082823226037366,0.0001082823226037366
2023-03-07,-0.018399263786351705,-0.018399263786351705
2023-03-08,-0.0006615983384062885,-0.0006615983384062885
2023-03-09,0.009157664314779934,0.009157664314779934
2023-03-10,0.01787566298531673,0.01787566298531673
2023-03-13,0.026691703099825492,0.026691703099825492
2023-03-14,-0.0028770205264839754,-0.0028770205264839754
2023-03-15,0.010701933132209573,0.010701933132209573
2023-03-16,-0.003944760553433624,-0.003944760553433624
2023-03-17,0.026472146340867697,0.026472146340867697
2023-03-20,0.004772008381938253,0.004772008381938253
2023-03-21,-0.020816467354640267,-0.020816467354640267
2023-03-22,0.004540788869001444,0.004540788869001444
2023-03-23,0.02414218143681035,0.02414218143681035
2023-03-24,-0.0058682279845786445,-0.0058682279845786445
2023-03-27,-0.014984083314513619,-0.014984083314513619
2023-03-28,0.010243802371392663,0.010243802371392663
2023-03-29,-0.003194102996422643,-0.003194102996422643
2023-03-30,0.007222457361536483,0.007222457361536483
2023-03-31,-0.005706230646619459,-0.005706230646619459
2023-04-03,0.007567305441372518,0.007567305441372518
2023-04-04,0.019305371382877246,0.019305371382877246
2023-04-05,-0.0006428280037585887,-0.0006428280037585887
2023-04-06,-0.004453461275309434,-0.004453461275309434
2023-04-10,-0.011332595333490847,-0.011332595333490847
2023-04-11,0.007893053860986932,0.007893053860986932
2023-04-12,0.003042685274026846,0.003042685274026846
2023-04-13,0.015117620988104763,0.015117620988104763
2023-04-14,-0.019154507774933327,-0.019154507774933327
2023-04-17,-0.0039956049321235865,-0.0039956049321235865
2023-04-18,0.0066192325571117205,0.0066192325571117205
2023-04-19,-0.00607754961333562,-0.00607754961333562
2023-04-20,0.00621492818641034,0.00621492818641034
2023-04-21,-0.013996800123359354,-0.013996800123359354
2023-04-24,0.00484969718915762,0.00484969718915762
2023-04-25,0.0024634379740611223,0.0024634379740611223
2023-04-26,-0.00416251194991224,-0.00416251194991224
2023-04-27,0.002115160067214017,0.002115160067214017
2023-04-28,0.00010048302398191211,0.00010048302398191211
2023-05-01,-0.003366640497496798,-0.003366640497496798
2023-05-02,0.015579320375974648,0.015579320375974648
2023-05-03,0.007099203897717121,0.007099203897717121
2023-05-04,0.009563257738115283,0.009563257738115283
2023-05-05,-0.014941394329071045,-0.014941394329071045
2023-05-08,0.004411630963793378,0.004411630963793378
2023-05-09,0.004885704044411021,0.004885704044411021
2023-05-10,-0.0027993081762891503,-0.0027993081762891503
2023-05-11,-0.0077813586939793344,-0.0077813586939793344
2023-05-12,-9.924612931011545e-05,-9.924612931011545e-05
2023-05-15,0.0017374038222883748,0.0017374038222883748
2023-05-16,-0.014667976008888806,-0.014667976008888806
2023-05-17,-0.0038724970567511896,-0.0038724970567511896
2023-05-18,-0.012217878410890615,-0.012217878410890615
2023-05-19,0.011346767785266998,0.011346767785266998
2023-05-22,-0.0019709417496271975,-0.0019709417496271975
2023-05-23,-0.001215325275835788,-0.001215325275835788
2023-05-24,-0.004867154465174606,-0.004867154465174606
2023-05-25,-0.010036719356079749,-0.010036719356079749
2023-05-26,0.0005146415586252395,0.0005146415586252395
2023-05-30,0.007149850619113884,0.007149850619113884
2023-05-31,0.0030132913248530624,0.0030132913248530624
2023-06-01,0.007179579108230971,0.007179579108230971
2023-06-02,-0.012942353683487062,-0.012942353683487062
2023-06-05,0.0028682521593483834,0.0028682521593483834
2023-06-06,0.003830439223697635,0.003830439223697635
2023-06-07,-0.011600126597875904,-0.011600126597875904
2023-06-08,0.010758235929050786,0.010758235929050786
2023-06-09,-0.0007129886084077386,-0.0007129886084077386
2023-06-12,-0.003516411433824196,-0.003516411433824196
2023-06-13,-0.005472343361623944,-0.005472343361623944
2023-06-14,0.0055024546829809395,0.0055024546829809395
2023-06-15,0.0012785761456397537,0.0012785761456397537
2023-06-16,0.0003064539641302044,0.0003064539641302044
2023-06-20,-0.011693231274807592,-0.011693231274807592
2023-06-21,-0.0011366319668689728,-0.0011366319668689728
2023-06-22,-0.010655406370437381,-0.010655406370437381
2023-06-23,0.00334606816408467,0.00334606816408467
2023-06-26,0.0023969442157556475,0.0023969442157556475
2023-06-27,-0.005042341018913099,-0.005042341018913099
2023-06-28,-0.0008881667564655249,-0.0008881667564655249
2023-06-29,-0.0016211355839005348,-0.0016211355839005348
2023-06-30,0.0062329901102071705,0.0062329901102071705
2023-07-03,0.00031230836164808373,0.00031230836164808373
2023-07-05,-0.0010927697555785931,-0.0010927697555785931
2023-07-06,-0.005678279096005601,-0.005678279096005601
2023-07-07,0.009168544269755774,0.009168544269755774
2023-07-10,-0.0006229629333885933,-0.0006229629333885933
2023-07-11,0.0032727526379869865,0.0032727526379869865
2023-07-12,0.012892819196508976,0.012892819196508976
2023-07-13,0.0015335855612319538,0.0015335855612319538
2023-07-14,0.0004593836445965227,0.0004593836445965227
2023-07-17,-0.00392834613937143,-0.00392834613937143
2023-07-18,0.012702277426602349,0.012702277426602349
2023-07-19,0.00015175441813419788,0.00015175441813419788
2023-07-20,-0.0046523141197850615,-0.0046523141197850615
2023-07-21,-0.002032210486598074,-0.002032210486598074
2023-07-24,-0.0020363487759348375,-0.0020363487759348375
2023-07-25,0.0009181894164052018,0.0009181894164052018
2023-07-26,0.003465699461157268,0.003465699461157268
2023-07-27,-0.011935598409570591,-0.011935598409570591
2023-07-28,0.007710496459214289,0.007710496459214289
2023-07-31,0.005151997276145792,0.005151997276145792
2023-08-01,-0.01512308999143619,-0.01512308999143619
2023-08-02,-0.0017003796778681801,-0.0017003796778681801
2023-08-03,-0.0027872531981079085,-0.0027872531981079085
2023-08-04,0.003933734775329878,0.003933734775329878
2023-08-07,-0.0031449657984733426,-0.0031449657984733426
2023-08-08,-0.004861662484645701,-0.004861662484645701
2023-08-09,-0.004521569191967556,-0.004521569191967556
2023-08-10,-0.000522084153312008,-0.000522084153312008
2023-08-11,-0.0007835353013323498,-0.0007835353013323498
2023-08-14,-0.0012023884148516517,-0.0012023884148516517
2023-08-15,-0.004239493190328014,-0.004239493190328014
2023-08-16,-0.0033640075763797794,-0.0033640075763797794
2023-08-17,-0.006328780209119422,-0.006328780209119422
2023-08-18,0.0010615147953483284,0.0010615147953483284
2023-08-21,0.0038174398681865007,0.0038174398681865007
2023-08-22,0.0016373398330900013,0.0016373398330900013
2023-08-23,0.01165364654156531,0.01165364654156531
2023-08-24,-0.00015639761695329657,-0.00015639761695329657
2023-08-25,-0.003701374083343034,-0.003701374083343034
2023-08-28,0.0035581858170659064,0.0035581858170659064
2023-08-29,0.009698094451831452,0.009698094451831452
2023-08-30,0.004027910574812887,0.004027910574812887
2023-08-31,-0.003137426067507776,-0.003137426067507776
2023-09-01,0.0008255586093077749,0.0008255586093077749
2023-09-05,-0.0070110822321435284,-0.0070110822321435284
2023-09-06,-0.004205158234486306,-0.004205158234486306
2023-09-07,-0.00031279682684648424,-0.00031279682684648424
2023-09-08,0.0004693738795631397,0.0004693738795631397
2023-09-11,0.0025542245369596372,0.0025542245369596372
2023-09-12,-0.006239276085554968,-0.006239276085554968
2023-09-13,-0.0011510873154303436,-0.0011510873154303436
2023-09-14,0.00047143912082781014,0.00047143912082781014
2023-09-15,0.0071727493046465085,0.0071727493046465085
2023-09-18,0.0040547117669642585,0.0040547117669642585
2023-09-19,0.00025886616619197333,0.00025886616619197333
2023-09-20,0.0070393248374418516,0.0070393248374418516
2023-09-21,-0.0135690916659843,-0.0135690916659843
2023-09-22,0.0032305509586958436,0.0032305509586958436
2023-09-25,-0.004570504163571409,-0.004570504163571409
2023-09-26,-0.008452442543166794,-0.008452442543166794
2023-09-27,-0.01515472977169885,-0.01515472977169885
2023-09-28,-0.005984158643926429,-0.005984158643926429
2023-09-29,-0.006611507561121943,-0.006611507561121943
2023-10-02,-0.009793829243571639,-0.009793829243571639
2023-10-03,-0.0029508330131489124,-0.0029508330131489124
2023-10-04,-0.003343185173494634,-0.003343185173494634
2023-10-05,-0.0010448305823824722,-0.0010448305823824722
2023-10-06,0.00748649992772954,0.00748649992772954
2023-10-09,0.01054532255656948,0.01054532255656948
2023-10-10,0.00621789672884554,0.00621789672884554
2023-10-11,0.00634070329292058,0.00634070329292058
2023-10-12,-0.0018688594130430447,-0.0018688594130430447
2023-10-13,0.03108113950051017,0.03108113950051017
2023-10-16,-0.003268677362417427,-0.003268677362417427
2023-10-17,0.0008328434783564376,0.0008328434783564376
2023-10-18,0.016955374465152717,0.016955374465152717
2023-10-19,0.006699726517057414,0.006699726517057414
2023-10-20,0.007163165723966358,0.007163165723966358
2023-10-23,-0.0031273398092686033,-0.0031273398092686033
2023-10-24,-0.0006578195597859438,-0.0006578195597859438
2023-10-25,0.004607582575158142,0.004607582575158142
2023-10-26,0.0015624089632992888,0.0015624089632992888
2023-10-27,0.0007045211596532486,0.0007045211596532486
