date,JPY=X Long Only,JPY=X Using TFT
2017-06-27,0.005564624859348166,0.005564624859348166
2017-06-28,0.0029501852886058,0.0029501852886058
2017-06-29,0.0014795943557117663,0.0014795943557117663
2017-06-30,-0.0030705947517744026,-0.0030705947517744026
2017-07-03,0.0022587322981622027,0.0022587322981622027
2017-07-04,0.010012297473122489,0.010012297473122489
2017-07-05,-0.0037394704385020905,-0.0037394704385020905
2017-07-06,0.0019918067857589428,0.0019918067857589428
2017-07-07,-0.00033567800148370797,-0.00033567800148370797
2017-07-10,0.00738847466459025,0.00738847466459025
2017-07-12,-0.0020792166552590086,-0.0020792166552590086
2017-07-13,-0.0036308507417377456,-0.0036308507417377456
2017-07-14,0.0007323437929673826,0.0007323437929673826
2017-07-17,-0.009002064049298264,-0.009002064049298264
2017-07-18,0.0016370374895635642,0.0016370374895635642
2017-07-19,-0.005205128116508417,-0.005205128116508417
2017-07-20,-0.0010536527730782286,-0.0010536527730782286
2017-07-21,7.153601671361365e-05,7.153601671361365e-05
2017-07-24,-0.008401505326529057,-0.008401505326529057
2017-07-25,0.002586890479661319,0.002586890479661319
2017-07-26,0.006931423314304963,0.006931423314304963
2017-07-27,-0.007812290857157955,-0.007812290857157955
2017-07-28,-0.00027894167482678256,-0.00027894167482678256
2017-07-31,-0.005283652890670898,-0.005283652890670898
2017-08-01,-0.0013664009921595666,-0.0013664009921595666
2017-08-02,0.0006614598366052604,0.0006614598366052604
2017-08-03,0.0029430290130749714,0.0029430290130749714
2017-08-04,-0.007737680047491424,-0.007737680047491424
2017-08-07,0.00806188875898628,0.00806188875898628
2017-08-08,-0.0003249788942770726,-0.0003249788942770726
2017-08-09,-0.00585103949897714,0.00585103949897714
2017-08-10,-0.00048131528652772815,0.00048131528652772815
2017-08-11,-0.008568917142361299,0.008568917142361299
2017-08-14,0.0011365144549841943,-0.0011365144549841943
2017-08-15,0.006426767628262775,-0.006426767628262775
2017-08-16,0.006040110883421823,-0.006040110883421823
2017-08-17,-0.00539802631601638,0.00539802631601638
2017-08-18,-0.0061000337846530694,0.0061000337846530694
2017-08-21,-7.320388783127463e-05,7.320388783127463e-05
2017-08-22,-0.0034394388193672576,0.0034394388193672576
2017-08-23,0.007223918359091863,0.007223918359091863
2017-08-24,-0.007481925112333143,-0.007481925112333143
2017-08-25,0.005545829185070517,0.005545829185070517
2017-08-28,-0.001534043753965264,-0.001534043753965264
2017-08-29,-0.005569487278260676,-0.005569487278260676
2017-08-30,0.00968392919187644,0.00968392919187644
2017-08-31,0.006102542702962621,0.006102542702962621
2017-09-01,-0.002996571469144671,-0.002996571469144671
2017-09-04,-0.0030328037161232446,-0.0030328037161232446
2017-09-05,0.0001366126863571182,0.0001366126863571182
2017-09-06,-0.01100082150954329,-0.01100082150954329
2017-09-07,0.00489866966460295,0.00489866966460295
2017-09-08,-0.007916928007946078,-0.007916928007946078
2017-09-11,-0.00036015365898434126,-0.00036015365898434126
2017-09-12,0.010754717273739445,0.010754717273739445
2017-09-13,0.007596337193095382,0.007596337193095382
2017-09-14,0.002621899282244655,0.002621899282244655
2017-09-15,-0.005392939190863699,-0.005392939190863699
2017-09-18,0.011626742354207353,0.011626742354207353
2017-09-19,0.0026889538822898462,0.0026889538822898462
2017-09-20,0.0007354589474588558,0.0007354589474588558
2017-09-21,0.008675497540060917,0.008675497540060917
2017-09-22,-0.0008351620014305228,-0.0008351620014305228
2017-09-25,-7.117022921498961e-05,-7.117022921498961e-05
2017-09-26,-0.006074122725477804,-0.006074122725477804
2017-09-27,0.005511737598146604,0.005511737598146604
2017-09-28,0.004298047765168622,0.004298047765168622
2017-09-29,-0.0034821702957104073,-0.0034821702957104073
2017-10-02,0.001520424793649111,0.001520424793649111
2017-10-03,0.0011718616649172287,0.0011718616649172287
2017-10-04,0.0006916993172785268,0.0006916993172785268
2017-10-05,-0.0002215504570179938,-0.0002215504570179938
2017-10-06,-0.0004342729100260678,-0.0004342729100260678
2017-10-09,-0.0019774023148102504,-0.0019774023148102504
2017-10-10,0.0009506323935579708,0.0009506323935579708
2017-10-11,-0.0027782839977139595,-0.0027782839977139595
2017-10-12,0.000792174874182372,0.000792174874182372
2017-10-13,-0.001734348134067587,-0.001734348134067587
2017-10-16,-0.003180664777427511,-0.003180664777427511
2017-10-17,0.0027975536731386086,0.0027975536731386086
2017-10-18,0.00016041482907591664,0.00016041482907591664
2017-10-19,0.007129326103336275,0.007129326103336275
2017-10-20,-0.002946565277151425,-0.002946565277151425
2017-10-23,0.01214054146357224,0.01214054146357224
2017-10-24,-0.006207914252795543,-0.006207914252795543
2017-10-25,0.005346769253552486,0.005346769253552486
2017-10-26,-0.0034051260350596024,-0.0034051260350596024
2017-10-27,0.004984253850742082,0.004984253850742082
2017-10-30,-0.0033735422380685165,-0.0033735422380685165
2017-10-31,-0.006532466666550385,-0.006532466666550385
2017-11-01,0.005787809443660974,-0.005787809443660974
2017-11-02,0.004417060225493152,-0.004417060225493152
2017-11-03,-0.0011914078282030394,0.0011914078282030394
2017-11-06,0.0014208757115168336,-0.0014208757115168336
2017-11-07,-0.0035645892874289764,0.0035645892874289764
2017-11-08,-8.79146346884907e-05,8.79146346884907e-05
2017-11-09,0.001459202748703925,-0.001459202748703925
2017-11-10,-0.004845224956873007,0.004845224956873007
2017-11-13,0.002743082772016292,-0.002743082772016292
2017-11-14,-0.000888393711289237,0.000888393711289237
2017-11-15,-0.001611116421196268,-0.001611116421196268
2017-11-17,-0.003298006630459316,-0.003298006630459316
2017-11-20,-0.008758872711529309,-0.008758872711529309
2017-11-21,0.004578807896060244,0.004578807896060244
2017-11-22,-0.0018658126520738616,-0.0018658126520738616
2017-11-23,-0.009150709417335201,-0.009150709417335201
2017-11-24,-0.0005300884481430623,-0.0005300884481430623
2017-11-27,0.0037481782689186005,0.0037481782689186005
2017-11-28,-0.004486388241914718,-0.004486388241914718
2017-11-29,0.004299761297467786,0.004299761297467786
2017-11-30,0.0031706458560303297,-0.0031706458560303297
2017-12-01,0.004946347921701566,-0.004946347921701566
2017-12-04,0.0027364037269859143,-0.0027364037269859143
2017-12-05,-0.003233961838155275,0.003233961838155275
2017-12-06,-0.00031114642742124943,0.00031114642742124943
2017-12-07,-0.0015382391323829347,0.0015382391323829347
2017-12-08,0.007854557817712271,-0.007854557817712271
2017-12-11,0.003269355393566764,-0.003269355393566764
2017-12-12,-2.640719436797223e-05,2.640719436797223e-05
2017-12-13,4.4013152877164785e-05,-4.4013152877164785e-05
2017-12-14,-0.0067198071300856865,-0.0067198071300856865
2017-12-15,-0.0034224784580643153,-0.0034224784580643153
2017-12-18,0.0028470735989194473,0.0028470735989194473
2017-12-19,-0.0013130577737298088,-0.0013130577737298088
2017-12-20,0.003686668614545363,0.003686668614545363
2017-12-21,0.002283490450477599,0.002283490450477599
2017-12-22,0.0007241258410517482,0.0007241258410517482
2017-12-25,-0.00013235962608604268,-0.00013235962608604268
2017-12-26,-4.4103271412354594e-05,-4.4103271412354594e-05
2017-12-27,-0.0008825756853934053,-0.0008825756853934053
2017-12-28,0.00012367109177779945,0.00012367109177779945
2017-12-29,-0.003020773028668766,-0.003020773028668766
2018-01-01,-0.0018516025141888104,-0.0018516025141888104
2018-01-02,0.0009230493362455405,0.0009230493362455405
2018-01-03,-0.004664302233091444,-0.004664302233091444
2018-01-04,0.003234016533118611,0.003234016533118611
2018-01-05,0.0015629123368650077,0.0015629123368650077
2018-01-08,0.0032895224165176984,0.0032895224165176984
2018-01-09,-0.0001148919910775037,-0.0001148919910775037
2018-01-10,-0.0034116862222403066,-0.0034116862222403066
2018-01-11,-0.011626952607083685,0.011626952607083685
2018-01-12,-0.0013459811703662172,0.0013459811703662172
2018-01-15,-0.0017431330204221718,0.0017431330204221718
2018-01-16,-0.004671441939791743,0.004671441939791743
2018-01-17,-0.0017453341100186481,0.0017453341100186481
2018-01-18,0.00895023877624479,-0.00895023877624479
2018-01-19,-0.0031424945755577083,0.0031424945755577083
2018-01-22,-0.003080385365987759,0.003080385365987759
2018-01-23,0.0025478417375532914,-0.0025478417375532914
2018-01-24,-0.007741120101734444,0.007741120101734444
2018-01-25,-0.007093153417643938,-0.007093153417643938
2018-01-26,0.0034576038078444338,0.0034576038078444338
2018-01-29,-0.0097079634133459,-0.0097079634133459
2018-01-30,0.0026418004918842275,0.0026418004918842275
2018-01-31,-0.0017810278508685329,-0.0017810278508685329
2018-02-01,0.004313303635399501,0.004313303635399501
2018-02-02,0.0018772890158051947,0.0018772890158051947
2018-02-05,0.005749277391598584,0.005749277391598584
2018-02-06,-0.008542758305282283,-0.008542758305282283
2018-02-07,0.004876462484177502,0.004876462484177502
2018-02-08,-0.003931511034495738,-0.003931511034495738
2018-02-09,-0.006108280725612758,-0.006108280725612758
2018-02-12,0.0024970627649847366,0.0024970627649847366
2018-02-13,-0.0010110349932548335,-0.0010110349932548335
2018-02-14,-0.008519665853725655,-0.008519665853725655
2018-02-15,-0.010922032903303736,-0.010922032903303736
2018-02-16,-0.004465816035722492,-0.004465816035722492
2018-02-19,0.0014136284248817965,0.0014136284248817965
2018-02-20,0.0042160156612920385,0.0042160156612920385
2018-02-21,0.006297473246105856,0.006297473246105856
2018-02-22,0.0016204319797263889,0.0016204319797263889
2018-02-23,-0.006889473407564739,-0.006889473407564739
2018-02-26,0.002434086351566833,0.002434086351566833
2018-02-27,-4.667102690436575e-05,-4.667102690436575e-05
2018-02-28,0.0033343195274704307,0.0033343195274704307
2018-03-01,-0.007316693300349786,-0.007316693300349786
2018-03-02,-0.004472968662962873,-0.004472968662962873
2018-03-05,-0.005717644064170524,-0.005717644064170524
2018-03-06,0.006574711487227436,0.006574711487227436
2018-03-07,-0.00671056410845583,-0.00671056410845583
2018-03-08,0.0061494492930138644,0.0061494492930138644
2018-03-09,0.002071847766178747,0.002071847766178747
2018-03-12,0.004558019457731266,0.004558019457731266
2018-03-13,-0.005903179041708784,-0.005903179041708784
2018-03-14,0.0023339082782518616,0.0023339082782518616
2018-03-15,-0.0033143467612286592,-0.0033143467612286592
2018-03-16,0.0014507025611998348,0.0014507025611998348
2018-03-19,-0.003198189654139205,-0.003198189654139205
2018-03-20,0.00025479552317286824,0.00025479552317286824
2018-03-21,0.0044624284213439225,0.0044624284213439225
2018-03-22,-0.005071907377264484,-0.005071907377264484
2018-03-23,-0.009072100439013076,-0.009072100439013076
2018-03-26,-0.0010384227313039451,-0.0010384227313039451
2018-03-27,0.006112959624286152,0.006112959624286152
2018-03-28,-6.63865799022112e-05,-6.63865799022112e-05
2018-03-29,0.012503202027196014,0.012503202027196014
2018-03-30,-0.003117629050499948,-0.003117629050499948
2018-04-02,-0.0015683827114627569,-0.0015683827114627569
2018-04-03,-0.0048253525092996075,-0.0048253525092996075
2018-04-04,0.006020788348867434,0.006020788348867434
2018-04-05,0.003175664957490998,-0.003175664957490998
2018-04-06,0.0026036289033533055,-0.0026036289033533055
2018-04-09,-0.0007846619610705208,0.0007846619610705208
2018-04-10,-0.0020473577637333262,0.0020473577637333262
2018-04-11,0.003409853124739737,-0.003409853124739737
2018-04-12,-0.0026513736407560717,0.0026513736407560717
2018-04-13,0.00367875514085525,-0.00367875514085525
2018-04-16,0.002574107704093276,-0.002574107704093276
2018-04-17,-0.004204761710770555,0.004204761710770555
2018-04-18,-0.00028024195172127175,0.00028024195172127175
2018-04-19,0.0030836681863526394,0.0030836681863526394
2018-04-20,0.0008011340396323341,0.0008011340396323341
2018-04-23,0.004067727423700873,0.004067727423700873
2018-04-24,0.008269273505464358,0.008269273505464358
2018-04-25,0.000386166146704392,0.000386166146704392
2018-04-26,0.0051560802738821465,0.0051560802738821465
2018-04-27,-0.0005851593052258464,-0.0005851593052258464
2018-04-30,-0.0018481562064389667,-0.0018481562064389667
2018-05-01,0.002062351967975884,0.002062351967975884
2018-05-02,0.005021849115762533,0.005021849115762533
2018-05-03,-0.00040955082523652653,-0.00040955082523652653
2018-05-04,-0.00665594784944612,-0.00665594784944612
2018-05-07,0.0004583399157631618,0.0004583399157631618
2018-05-08,-0.0018599208652881893,-0.0018599208652881893
2018-05-09,0.0007435198328329395,0.0007435198328329395
2018-05-10,0.007548778536925926,0.007548778536925926
2018-05-11,-0.0037415961504294604,-0.0037415961504294604
2018-05-14,-0.0008954966869411107,-0.0008954966869411107
2018-05-15,0.003594407985402448,0.003594407985402448
2018-05-16,0.005158015950037731,0.005158015950037731
2018-05-17,0.0005621557340853567,0.0005621557340853567
2018-05-18,0.0042497826646779036,0.0042497826646779036
2018-05-21,0.00046914428083177917,0.00046914428083177917
2018-05-22,0.0008838345525021829,0.0008838345525021829
2018-05-23,-0.0022707104883312734,-0.0022707104883312734
2018-05-24,-0.007739777874824383,-0.007739777874824383
2018-05-25,-0.005069735951252485,-0.005069735951252485
2018-05-28,0.0028451098575057454,0.0028451098575057454
2018-05-29,-0.0021345991016741284,-0.0021345991016741284
2018-05-30,-0.009096003685354126,-0.009096003685354126
2018-05-31,0.002933749116130757,0.002933749116130757
2018-06-01,0.00034037239828288435,0.00034037239828288435
2018-06-04,0.007806959320536322,0.007806959320536322
2018-06-05,0.0033303332651362094,0.0033303332651362094
2018-06-06,-0.0009457388328787397,-0.0009457388328787397
2018-06-07,0.0024212748843897014,0.0024212748843897014
2018-06-08,-0.003913732175794604,-0.003913732175794604
2018-06-11,-0.002288178479451508,-0.002288178479451508
2018-06-12,0.008616364560733114,0.008616364560733114
2018-06-13,0.0005979190399234557,0.0005979190399234557
2018-06-14,-0.001901339108865585,-0.001901339108865585
2018-06-15,0.003655593056684614,0.003655593056684614
2018-06-18,-0.0002530604978010498,-0.0002530604978010498
2018-06-19,-0.004330223119982879,-0.004330223119982879
2018-06-20,-0.0006083399233361986,-0.0006083399233361986
2018-06-21,0.002552881614247937,0.002552881614247937
2018-06-22,-0.0036247091670061904,-0.0036247091670061904
2018-06-25,-0.00013648699949186938,-0.00013648699949186938
2018-06-26,-0.002674247320998968,-0.002674247320998968
2018-06-27,0.00414073301279716,0.00414073301279716
2018-06-28,0.0010717477832227207,0.0010717477832227207
2018-06-29,0.002458864330165289,0.002458864330165289
2018-07-02,0.002027397347299731,0.002027397347299731
2018-07-03,0.0014542779705934983,0.0014542779705934983
2018-07-04,-0.004176069997943843,-0.004176069997943843
2018-07-05,0.0008514036343554299,0.0008514036343554299
2018-07-06,0.000696851457615999,0.000696851457615999
2018-07-09,-0.001419847409352859,-0.001419847409352859
2018-07-10,0.004808877519547838,0.004808877519547838
2018-07-11,-0.0010995795041846002,-0.0010995795041846002
2018-07-12,0.010168625098877282,0.010168625098877282
2018-07-13,0.006314874607134646,0.006314874607134646
2018-07-16,-0.002360971359077757,-0.002360971359077757
2018-07-17,-0.0002224354791173777,-0.0002224354791173777
2018-07-18,0.005677474194764942,0.005677474194764942
2018-07-19,-0.0019555504668322676,-0.0019555504668322676
2018-07-20,-0.003794641437871449,-0.003794641437871449
2018-07-23,-0.01165862045949917,-0.01165862045949917
2018-07-24,0.003664895820187253,0.003664895820187253
2018-07-25,-0.001964846328892933,-0.001964846328892933
2018-07-26,-0.0035598035194759348,-0.0035598035194759348
2018-07-27,0.002715526177333727,0.002715526177333727
2018-07-30,-0.0019074515334124298,-0.0019074515334124298
2018-07-31,0.0005409089099079889,0.0005409089099079889
2018-08-01,0.007333687741292616,0.007333687741292616
2018-08-02,-0.0016814173663985965,-0.0016814173663985965
2018-08-03,0.0006271250053913047,0.0006271250053913047
2018-08-06,-0.004082740368615445,-0.004082740368615445
2018-08-07,0.0009529026836903043,0.0009529026836903043
2018-08-08,4.495134701909542e-05,4.495134701909542e-05
2018-08-09,-0.004068462209538937,-0.004068462209538937
2018-08-10,0.0017945850919818263,0.0017945850919818263
2018-08-13,-0.0041588031525480185,-0.0041588031525480185
2018-08-14,0.0002893030823225562,0.0002893030823225562
2018-08-15,0.0052864068462887825,0.0052864068462887825
2018-08-16,-0.0060227404590392775,-0.0060227404590392775
2018-08-17,0.0038706538285622205,0.0038706538285622205
2018-08-20,-0.004765588078668781,-0.004765588078668781
2018-08-21,-0.00477031395813543,-0.00477031395813543
2018-08-22,0.001691751027540933,0.001691751027540933
2018-08-23,0.004122203315108708,0.004122203315108708
2018-08-24,0.007044158015976576,0.007044158015976576
2018-08-27,-0.000763234054447115,-0.000763234054447115
2018-08-28,-0.0013029658533133537,-0.0013029658533133537
2018-08-29,0.00022496131482308002,0.00022496131482308002
2018-08-30,0.004947692643888946,0.004947692643888946
2018-08-31,-0.006382460696959469,-0.006382460696959469
2018-09-03,0.001306287825555641,0.001306287825555641
2018-09-04,-0.0005038486762577454,-0.0005038486762577454
2018-09-05,0.0033577083685025766,0.0033577083685025766
2018-09-06,-0.00010767028606750717,-0.00010767028606750717
2018-09-07,-0.008559922228079775,-0.008559922228079775
2018-09-10,0.0038462863640811307,0.0038462863640811307
2018-09-11,0.002055575724218217,0.002055575724218217
2018-09-12,0.004129625570867823,0.004129625570867823
2018-09-13,-0.0034675336651547317,-0.0034675336651547317
2018-09-14,0.007121019674535933,0.007121019674535933
2018-09-17,-0.0005267123822773057,-0.0005267123822773057
2018-09-18,-0.0023492044107689125,-0.0023492044107689125
2018-09-19,0.005255600080658951,0.005255600080658951
2018-09-20,0.00035626989833303924,0.00035626989833303924
2018-09-21,0.0015848126435049625,0.0015848126435049625
2018-09-24,0.0002577832606360797,0.0002577832606360797
2018-09-25,0.002328401343409059,0.002328401343409059
2018-09-26,0.0016225298545560207,0.0016225298545560207
2018-09-27,-0.00234577083532983,-0.00234577083532983
2018-09-28,0.005793936897873886,0.005793936897873886
2018-10-01,0.003872679698496251,0.003872679698496251
2018-10-02,0.001318161701787668,0.001318161701787668
2018-10-03,-0.0032383380660228056,-0.0032383380660228056
2018-10-04,0.008003350627218131,0.008003350627218131
2018-10-05,-0.005170962985314609,-0.005170962985314609
2018-10-08,-0.0015716443263452673,-0.0015716443263452673
2018-10-09,-0.005434606126917596,-0.005434606126917596
2018-10-10,-0.000875346148267786,-0.000875346148267786
2018-10-11,-0.008017825281613988,-0.008017825281613988
2018-10-12,-0.00010706417309469529,-0.00010706417309469529
2018-10-15,0.0009992818512580826,0.0009992818512580826
2018-10-16,-0.0031285467823353175,-0.0031285467823353175
2018-10-17,0.004479568632009379,0.004479568632009379
2018-10-18,0.0025457573845537596,0.0025457573845537596
2018-10-19,-0.003933309656026229,-0.003933309656026229
2018-10-22,0.002629636803136437,0.002629636803136437
2018-10-23,0.002462663753370231,0.002462663753370231
2018-10-24,-0.0027759121787074292,-0.0027759121787074292
2018-10-25,-0.0038419053538205628,-0.0038419053538205628
2018-10-26,0.0030175109219769958,0.0030175109219769958
2018-10-29,-0.003934146406555095,-0.003934146406555095
2018-10-30,0.0037173426106686946,0.0037173426106686946
2018-10-31,0.0064812904791982096,0.0064812904791982096
2018-11-01,-0.0017779784952738353,-0.0017779784952738353
2018-11-02,-0.001205142970952533,-0.001205142970952533
2018-11-05,0.003761731933195067,0.003761731933195067
2018-11-06,0.0009457592727397657,0.0009457592727397657
2018-11-07,0.0010331204887297218,0.0010331204887297218
2018-11-08,0.0016230878645966396,0.0016230878645966396
2018-11-09,0.003575663556505848,0.003575663556505848
2018-11-12,-0.0009390034097372935,-0.0009390034097372935
2018-11-13,-0.001317582743304957,-0.001317582743304957
2018-11-14,0.0008179911345598256,0.0008179911345598256
2018-11-15,-0.0019773305963196597,0.0019773305963196597
2018-11-16,-7.927411248098704e-05,7.927411248098704e-05
2018-11-19,-0.007265174990313317,0.007265174990313317
2018-11-20,-0.0025459288115856626,0.0025459288115856626
2018-11-21,0.0023123016496870985,-0.0023123016496870985
2018-11-22,0.002821582257709787,-0.002821582257709787
2018-11-23,-0.00038052127972609817,0.00038052127972609817
2018-11-26,-0.0005222088332910158,0.0005222088332910158
2018-11-27,0.005180696703946719,-0.005180696703946719
2018-11-28,0.0023171033036064603,-0.0023171033036064603
2018-11-29,-0.0018634400926844652,-0.0018634400926844652
2018-11-30,-0.0012680832371610995,-0.0012680832371610995
2018-12-03,0.00310373214085935,0.00310373214085935
2018-12-04,-0.0015470979289047282,-0.0015470979289047282
2018-12-05,-0.007817800487974425,-0.007817800487974425
2018-12-06,0.0031234084836506693,0.0031234084836506693
2018-12-07,-0.0032020902398537388,-0.0032020902398537388
2018-12-10,-0.0016594706172958773,-0.0016594706172958773
2018-12-11,0.006035455912987597,0.006035455912987597
2018-12-12,0.0017936131517251042,0.0017936131517251042
2018-12-13,-0.0008731304336826451,0.0008731304336826451
2018-12-14,0.0024274518920843757,-0.0024274518920843757
2018-12-17,-0.0014969898960908168,0.0014969898960908168
2018-12-18,-0.004947499887971274,0.004947499887971274
2018-12-19,-0.002703208383847633,0.002703208383847633
2018-12-20,-0.00101310308008562,0.00101310308008562
2018-12-21,-0.011022204449034345,0.011022204449034345
2018-12-24,-0.0010524036632020284,0.0010524036632020284
2018-12-25,-0.006690473458838775,0.006690473458838775
2018-12-26,0.0008249714029970878,-0.0008249714029970878
2018-12-27,0.007282484478367879,-0.007282484478367879
2018-12-28,-0.0031562858187431653,0.0031562858187431653
2018-12-31,-0.00473592990826488,0.00473592990826488
2019-01-01,-0.006344643941079697,0.006344643941079697
2019-01-02,0.00034663883163577047,-0.00034663883163577047
2019-01-03,-0.0203067201951469,0.0203067201951469
2019-01-04,0.003415798053570951,-0.003415798053570951
2019-01-07,0.006622927106473053,-0.006622927106473053
2019-01-08,0.0008661297974239535,-0.0008661297974239535
2019-01-09,0.001473113225173961,-0.001473113225173961
2019-01-10,-0.005396392407975403,0.005396392407975403
2019-01-11,0.0010074363129382036,-0.0010074363129382036
2019-01-14,0.0014774388008031991,-0.0014774388008031991
2019-01-15,-0.0019177947477762025,0.0019177947477762025
2019-01-16,0.003639696927323799,-0.003639696927323799
2019-01-17,0.0036173684810016926,-0.0036173684810016926
2019-01-18,0.0010638344023221613,-0.0010638344023221613
2019-01-21,0.004654047396144945,-0.004654047396144945
2019-01-22,8.20260247218485e-05,-8.20260247218485e-05
2019-01-23,-0.0028722058655136218,0.0028722058655136218
2019-01-24,0.001252740194757962,0.001252740194757962
2019-01-25,0.0009590048591299194,0.0009590048591299194
2019-01-28,-0.001797481646139798,-0.001797481646139798
2019-01-29,-0.0013345861161618844,-0.0013345861161618844
2019-01-30,0.0014919546875937773,0.0014919546875937773
2019-01-31,-0.003984728241561819,-0.003984728241561819
2019-02-01,-0.0012571093499617048,-0.0012571093499617048
2019-02-04,0.005457367979492478,0.005457367979492478
2019-02-05,0.0047789157166582275,0.0047789157166582275
2019-02-06,-0.00018185214151189566,-0.00018185214151189566
2019-02-07,0.00030013489762481527,0.00030013489762481527
2019-02-08,-0.001982307829776042,-0.001982307829776042
2019-02-11,0.0004920082374886281,0.0004920082374886281
2019-02-12,0.00537295310447794,0.00537295310447794
2019-02-13,0.001041647302356008,0.001041647302356008
2019-02-14,0.003691780605356243,0.003691780605356243
2019-02-15,-0.003470826779937042,-0.003470826779937042
2019-02-18,0.000235222060184892,0.000235222060184892
2019-02-19,0.0002442063105145831,0.0002442063105145831
2019-02-20,-0.00017184781030976648,-0.00017184781030976648
2019-02-21,0.0017454762137552038,0.0017454762137552038
2019-02-22,-0.0005145958277168461,-0.0005145958277168461
2019-02-25,0.0005781243506954858,0.0005781243506954858
2019-02-26,0.0024734990606860574,0.0024734990606860574
2019-02-27,-0.004412566632504333,-0.004412566632504333
2019-02-28,0.0027678258668468736,0.0027678258668468736
2019-03-01,0.00446503534811038,0.00446503534811038
2019-03-04,0.005217465179159664,0.005217465179159664
2019-03-05,-0.0014383239623831923,-0.0014383239623831923
2019-03-06,0.0007962003530856965,0.0007962003530856965
2019-03-07,-0.0021722080136402644,-0.0021722080136402644
2019-03-08,9.856021434462292e-05,9.856021434462292e-05
2019-03-11,-0.0049626533239403026,-0.0049626533239403026
2019-03-12,0.0023586697270328028,0.0023586697270328028
2019-03-13,-0.00032335607286893,-0.00032335607286893
2019-03-14,-0.0009882720661316124,-0.0009882720661316124
2019-03-15,0.0050091658946658235,0.0050091658946658235
2019-03-18,-0.0017180867234415365,-0.0017180867234415365
2019-03-19,-0.0016851401088581186,-0.0016851401088581186
2019-03-20,0.00025140633415166036,0.00025140633415166036
2019-03-21,-0.00665162169062572,-0.00665162169062572
2019-03-22,0.0013193212445192781,0.0013193212445192781
2019-03-25,-0.006542953231038928,-0.006542953231038928
2019-03-26,-0.00011809929170225608,-0.00011809929170225608
2019-03-27,0.004415452788564256,0.004415452788564256
2019-03-28,-0.000578929665393968,-0.000578929665393968
2019-03-29,0.0013304658943824599,0.0013304658943824599
2019-04-01,0.0032358226057005446,0.0032358226057005446
2019-04-02,0.004108235876031818,0.004108235876031818
2019-04-03,-0.0013099577255228922,-0.0013099577255228922
2019-04-04,0.0008085561083857051,0.0008085561083857051
2019-04-05,0.0023609721819370932,0.0023609721819370932
2019-04-08,0.00047467628983399734,0.00047467628983399734
2019-04-09,-0.002282651276612868,-0.002282651276612868
2019-04-10,-0.003149206151021322,-0.003149206151021322
2019-04-11,-0.0010800840912313925,-0.0010800840912313925
2019-04-12,0.005730518389119643,0.005730518389119643
2019-04-15,0.0036462464290079044,0.0036462464290079044
2019-04-16,-0.0007587307152254752,-0.0007587307152254752
2019-04-17,0.00044661499163778373,0.00044661499163778373
2019-04-18,0.00038401416540168043,0.00038401416540168043
2019-04-19,-0.00041954995181070487,-0.00041954995181070487
2019-04-22,-0.0007053795649210048,-0.0007053795649210048
2019-04-23,0.00016975419320131024,0.00016975419320131024
2019-04-24,-0.00046459767109507943,-0.00046459767109507943
2019-04-25,0.0022613973786858033,0.0022613973786858033
2019-04-26,-0.005270630545353039,-0.005270630545353039
2019-04-29,0.00048414324839729517,0.00048414324839729517
2019-04-30,0.0007527320893176981,0.0007527320893176981
2019-05-01,-0.0025251869689066897,-0.0025251869689066897
2019-05-02,0.0005117540074099924,0.0005117540074099924
2019-05-03,0.0003858097318656384,0.0003858097318656384
2019-05-06,-0.007820993107029217,-0.007820993107029217
2019-05-07,0.001645220295376948,0.001645220295376948
2019-05-08,-0.00494559378626247,-0.00494559378626247
2019-05-09,-0.002077000992138922,-0.002077000992138922
2019-05-10,-0.00200858573846574,-0.00200858573846574
2019-05-13,-0.0013933526918616934,-0.0013933526918616934
2019-05-14,-0.004559797208140037,-0.004559797208140037
2019-05-15,0.0047364118052988236,0.0047364118052988236
2019-05-16,-0.0017871556725288507,-0.0017871556725288507
2019-05-17,0.0036172982750772853,0.0036172982750772853
2019-05-20,0.0026303706989481146,0.0026303706989481146
2019-05-21,-0.0008170294507362508,-0.0008170294507362508
2019-05-23,0.0013718631505510448,0.0013718631505510448
2019-05-24,-0.006015205905604448,-0.006015205905604448
2019-05-27,-0.0014330097536306985,-0.0014330097536306985
2019-05-28,0.000987209513809706,0.000987209513809706
2019-05-29,-0.0014884804916743821,-0.0014884804916743821
2019-05-30,0.001792467436434464,0.001792467436434464
2019-05-31,-0.001688827654260261,-0.001688827654260261
2019-06-03,-0.010470333392611164,-0.010470333392611164
2019-06-04,-0.0017095845381023267,-0.0017095845381023267
2019-06-05,0.0021013022169504847,0.0021013022169504847
2019-06-06,0.0006836248864265926,0.0006836248864265926
2019-06-07,0.0011631290827485152,0.0011631290827485152
2019-06-10,-4.61475160220548e-05,-4.61475160220548e-05
2019-06-11,-0.0008298494220073671,-0.0008298494220073671
2019-06-12,0.001061267292415069,0.001061267292415069
2019-06-13,0.0001290626241392534,0.0001290626241392534
2019-06-14,-0.001539339083509228,0.001539339083509228
2019-06-17,0.0023540888233077872,-0.0023540888233077872
2019-06-18,-0.00034072847875243895,0.00034072847875243895
2019-06-19,0.00031321996307709377,-0.00031321996307709377
2019-06-20,-0.004218361759778744,0.004218361759778744
2019-06-21,-0.007750982315879562,0.007750982315879562
2019-06-24,0.000326221208418076,-0.000326221208418076
2019-06-25,0.00013984474744699327,-0.00013984474744699327
2019-06-26,-0.0015001174688014096,0.0015001174688014096
2019-06-27,0.005337500646070081,-0.005337500646070081
2019-06-28,8.356091289596357e-05,8.356091289596357e-05
2019-07-01,0.00589345528430818,0.00589345528430818
2019-07-02,-0.00014768567813561173,-0.00014768567813561173
2019-07-03,-0.005176873033793661,-0.005176873033793661
2019-07-04,-0.0002411852556829519,-0.0002411852556829519
2019-07-05,0.00026906288603467665,0.00026906288603467665
2019-07-08,0.0061776526278767285,0.0061776526278767285
2019-07-09,0.0022770585594051873,0.0022770585594051873
2019-07-10,0.001867191512531008,0.001867191512531008
2019-07-11,-0.005416657006530934,-0.005416657006530934
2019-07-12,0.0023445806819002435,0.0023445806819002435
2019-07-15,-0.006962065071174139,-0.006962065071174139
2019-07-16,0.0005285926826528176,0.0005285926826528176
2019-07-17,0.002891828269215857,0.002891828269215857
2019-07-18,-0.002439903030019286,-0.002439903030019286
2019-07-19,-0.004965818032534042,-0.004965818032534042
2019-07-22,0.0038081263518252584,0.0038081263518252584
2019-07-23,0.0008719207137393159,0.0008719207137393159
2019-07-24,0.0030397661970673617,0.0030397661970673617
2019-07-25,-0.00039728792483673114,-0.00039728792483673114
2019-07-26,0.004408926621952469,0.004408926621952469
2019-07-29,-0.0003036564448535284,-0.0003036564448535284
2019-07-30,0.002144781720579969,0.002144781720579969
2019-07-31,-0.0027924316314680286,-0.0027924316314680286
2019-08-01,0.002376552046539082,0.002376552046539082
2019-08-02,-0.012764197232679408,-0.012764197232679408
2019-08-05,-0.007949253742366769,-0.007949253742366769
2019-08-06,-0.009232771869607137,-0.009232771869607137
2019-08-07,0.007045880410274652,0.007045880410274652
2019-08-08,-0.0020312383522711475,-0.0020312383522711475
2019-08-09,-0.0023275472605326364,0.0023275472605326364
2019-08-12,-0.0046470026879502635,0.0046470026879502635
2019-08-13,-0.00022776256223466795,0.00022776256223466795
2019-08-14,0.011693413019632004,-0.011693413019632004
2019-08-15,-0.006323257292768059,0.006323257292768059
2019-08-16,0.0015767194410392094,-0.0015767194410392094
2019-08-19,0.0032710247774985213,-0.0032710247774985213
2019-08-20,0.001352975589306693,-0.001352975589306693
2019-08-21,-0.0028149025973258635,0.0028149025973258635
2019-08-22,0.003039295035172085,-0.003039295035172085
2019-08-23,-0.001210144775056099,-0.001210144775056099
2019-08-26,-0.015178315631401373,-0.015178315631401373
2019-08-27,0.01073894135417608,0.01073894135417608
2019-08-28,-0.00226460086958602,-0.00226460086958602
2019-08-29,0.003139843156478861,0.003139843156478861
2019-08-30,0.0034694432570343547,0.0034694432570343547
2019-09-02,-0.002912542303291743,-0.002912542303291743
2019-09-03,0.0006124909770806042,0.0006124909770806042
2019-09-04,-0.0031263899686534424,-0.0031263899686534424
2019-09-05,0.004383076741571568,0.004383076741571568
2019-09-06,0.007025644668608333,0.007025644668608333
2019-09-09,-0.0011861075073992255,-0.0011861075073992255
2019-09-10,0.0036654195346601526,0.0036654195346601526
2019-09-11,0.0024502314506311684,0.0024502314506311684
2019-09-12,0.003912688243436158,0.003912688243436158
2019-09-13,0.0014348948255853422,0.0014348948255853422
2019-09-16,-0.003799392686780867,-0.003799392686780867
2019-09-17,0.0036746970295307158,0.0036746970295307158
2019-09-18,-0.0006842126535748783,-0.0006842126535748783
2019-09-19,0.0031271574955042958,0.0031271574955042958
2019-09-20,-0.0035416432994109792,-0.0035416432994109792
2019-09-23,-0.003600484423934458,-0.003600484423934458
2019-09-24,-0.00035300797021264874,-0.00035300797021264874
2019-09-25,-0.004190871128071927,-0.004190871128071927
2019-09-26,0.0049363989312596335,0.0049363989312596335
2019-09-27,0.0005942443313355916,0.0005942443313355916
2019-09-30,0.0017447153364031909,0.0017447153364031909
2019-10-01,0.00115800785330622,0.00115800785330622
2019-10-02,-0.003072118106689725,-0.003072118106689725
2019-10-03,-0.005327765764408188,-0.005327765764408188
2019-10-04,-0.003144794461710232,-0.003144794461710232
2019-10-07,-0.0005803499340124585,-0.0005803499340124585
2019-10-08,0.0045614580944621785,0.0045614580944621785
2019-10-09,-0.002703946042579286,-0.002703946042579286
2019-10-10,0.0020288036912914365,0.0020288036912914365
2019-10-11,0.0065498128385927945,0.0065498128385927945
2019-10-14,0.005367096728886356,0.005367096728886356
2019-10-15,-0.0006546173738236627,-0.0006546173738236627
2019-10-16,0.003958010596740946,0.003958010596740946
2019-10-17,-0.001286558055458964,-0.001286558055458964
2019-10-18,-0.000883357745074087,-0.000883357745074087
2019-10-21,-0.0015933187974729313,-0.0015933187974729313
2019-10-22,0.0017803187824159128,0.0017803187824159128
2019-10-23,-0.0010865113403655258,-0.0010865113403655258
2019-10-24,0.0014656359017219955,0.0014656359017219955
2019-10-25,-0.0003313219930106692,-0.0003313219930106692
2019-10-28,0.0011785568821414127,0.0011785568821414127
2019-10-29,0.002115214423143774,0.002115214423143774
2019-10-30,-0.0008259272829702624,-0.0008259272829702624
2019-10-31,-0.0007807105832778882,-0.0007807105832778882
2019-11-01,-0.0072893330842308535,0.0072893330842308535
2019-11-04,0.0020741418096972275,-0.0020741418096972275
2019-11-05,0.004379957661161171,-0.004379957661161171
2019-11-06,0.004158495206622703,-0.004158495206622703
2019-11-07,-0.0021347708668784104,0.0021347708668784104
2019-11-08,0.003314572680571448,-0.003314572680571448
2019-11-11,-0.0004393007438090457,0.0004393007438090457
2019-11-12,-0.001684563303663511,0.001684563303663511
2019-11-13,-0.0004494011587875546,0.0004494011587875546
2019-11-14,-0.0017891029845449324,0.0017891029845449324
2019-11-15,-0.002812549547273391,0.002812549547273391
2019-11-18,0.0019079815893701113,-0.0019079815893701113
2019-11-19,-0.0003403429188283402,0.0003403429188283402
2019-11-20,-0.00199704462952055,0.00199704462952055
2019-11-21,0.0003042752680206817,-0.0003042752680206817
2019-11-22,0.0009863959644484943,-0.0009863959644484943
2019-11-25,0.0013353987538198275,-0.0013353987538198275
2019-11-26,0.0024095778544499513,-0.0024095778544499513
2019-11-27,0.0009634042870125814,-0.0009634042870125814
2019-11-28,0.002474831047272641,-0.002474831047272641
2019-11-29,0.0013258503639113073,0.0013258503639113073
2019-12-02,0.0002100466094472342,0.0002100466094472342
2019-12-03,-0.004683438819829133,-0.004683438819829133
2019-12-04,-0.0033846680959447317,-0.0033846680959447317
2019-12-05,0.0016474543242550599,0.0016474543242550599
2019-12-06,-0.0008637328119203147,-0.0008637328119203147
2019-12-09,-0.0010208028664711044,-0.0010208028664711044
2019-12-10,-0.0004142447954966766,-0.0004142447954966766
2019-12-11,0.0016761452663915932,0.0016761452663915932
2019-12-12,-0.0019767233460636913,-0.0019767233460636913
2019-12-13,0.007959524126644135,0.007959524126644135
2019-12-16,-0.00011882032337950932,-0.00011882032337950932
2019-12-17,0.0016087282503853828,0.0016087282503853828
2019-12-18,-0.0005475428977649299,-0.0005475428977649299
2019-12-19,0.000319621447825158,0.000319621447825158
2019-12-20,-0.0015335256067089409,-0.0015335256067089409
2019-12-23,0.0010604692778828362,0.0010604692778828362
2019-12-24,-0.0010684733609419572,-0.0010684733609419572
2019-12-25,9.137249721291596e-06,9.137249721291596e-06
2019-12-26,-0.00012799007661901118,-0.00012799007661901118
2019-12-27,0.0015817692013526674,0.0015817692013526674
2019-12-30,-0.0010406822339968924,-0.0010406822339968924
2019-12-31,-0.005071830775084107,-0.005071830775084107
2020-01-01,-0.0017635349520630506,-0.0017635349520630506
2020-01-02,0.00029441835036436714,0.00029441835036436714
2020-01-03,-0.0015637336192902973,-0.0015637336192902973
2020-01-06,-0.0053343134451605545,-0.0053343134451605545
2020-01-07,0.0040939698002770974,0.0040939698002770974
2020-01-08,-0.003597581277938744,-0.003597581277938744
2020-01-09,0.009396750486460714,0.009396750486460714
2020-01-10,0.004365781859532847,0.004365781859532847
2020-01-13,0.0005387610460645398,0.0005387610460645398
2020-01-14,0.003888020605757214,0.003888020605757214
2020-01-15,-0.0012546411769932542,-0.0012546411769932542
2020-01-16,0.0002640500936781365,0.0002640500936781365
2020-01-17,0.002657370187365782,0.002657370187365782
2020-01-20,4.5357415743518814e-05,4.5357415743518814e-05
2020-01-21,-6.356674678065222e-05,-6.356674678065222e-05
2020-01-22,-0.0024053025515915483,-0.0024053025515915483
2020-01-23,-0.0016377361963995085,-0.0016377361963995085
2020-01-24,-0.0016039194930869138,-0.0016039194930869138
2020-01-27,-0.00684606384756814,-0.00684606384756814
2020-01-28,0.0010845040872606848,0.0010845040872606848
2020-01-29,0.001946434252647844,0.001946434252647844
2020-01-30,-0.0013287053058028686,-0.0013287053058028686
2020-01-31,-0.0010093002912676674,-0.0010093002912676674
2020-02-03,-0.0046382363448082,-0.0046382363448082
2020-02-04,0.0022145744299266745,0.0022145744299266745
2020-02-05,0.007687908225854523,0.007687908225854523
2020-02-06,0.0033532613889699636,0.0033532613889699636
2020-02-07,0.0014023651303038953,0.0014023651303038953
2020-02-10,-0.002937269655327146,-0.002937269655327146
2020-02-11,0.0011035815675157767,0.0011035815675157767
2020-02-12,0.0007015239675076668,0.0007015239675076668
2020-02-13,2.7296705183532666e-05,2.7296705183532666e-05
2020-02-14,-0.0008010982282977697,-0.0008010982282977697
2020-02-17,0.0003006353101837611,0.0003006353101837611
2020-02-18,0.0003552337141812245,0.0003552337141812245
2020-02-19,0.0008103149023335199,0.0008103149023335199
2020-02-20,0.0117450157048824,0.0117450157048824
2020-02-21,0.006690075550970009,0.006690075550970009
2020-02-24,-0.003546127564776791,-0.003546127564776791
2020-02-25,-0.006274791839337435,-0.006274791839337435
2020-02-26,-0.005150772020493299,-0.005150772020493299
2020-02-27,0.0006981470670455181,0.0006981470670455181
2020-02-28,-0.006369845934799723,-0.006369845934799723
2020-03-02,-0.01790082984099195,-0.01790082984099195
2020-03-03,0.007335403268659668,0.007335403268659668
2020-03-04,-0.013365628644615213,-0.013365628644615213
2020-03-05,0.005979234977818937,0.005979234977818937
2020-03-06,-0.013271179811583877,-0.013271179811583877
2020-03-09,-0.0217415625207793,-0.0217415625207793
2020-03-10,-0.007947083840244451,-0.007947083840244451
2020-03-11,0.018562354274065163,0.018562354274065163
2020-03-12,-0.004532191270530395,-0.004532191270530395
2020-03-13,0.0005738647235049577,0.0005738647235049577
2020-03-16,0.01986428560905562,0.01986428560905562
2020-03-17,-0.004808417734508685,-0.004808417734508685
2020-03-18,0.011320893007400468,0.011320893007400468
2020-03-19,0.009154676690930064,0.009154676690930064
2020-03-20,0.0270487240619246,0.0270487240619246
2020-03-23,-0.007448961530071685,-0.007448961530071685
2020-03-24,0.003304353531708326,0.003304353531708326
2020-03-25,0.0026437534028755927,0.0026437534028755927
2020-03-26,-0.0021958539404908217,-0.0021958539404908217
2020-03-27,-0.015936706769453468,-0.015936706769453468
2020-03-30,-0.015544080941827354,-0.015544080941827354
2020-03-31,0.005790748198874596,0.005790748198874596
2020-04-01,-0.00487805256983509,-0.00487805256983509
2020-04-02,-0.002334704795281639,-0.002334704795281639
2020-04-03,0.006936569550282767,0.006936569550282767
2020-04-06,0.006407360545671814,0.006407360545671814
2020-04-07,0.003882467750746965,0.003882467750746965
2020-04-08,-0.004252365818549819,-0.004252365818549819
2020-04-09,0.0024941886527898305,0.0024941886527898305
2020-04-10,-0.0033142989547109147,-0.0033142989547109147
2020-04-13,-0.0020725534982132254,-0.0020725534982132254
2020-04-14,-0.006581352885135949,-0.006581352885135949
2020-04-15,-0.004822434019487121,-0.004822434019487121
2020-04-16,0.004715089075734369,0.004715089075734369
2020-04-17,0.003122401765050409,0.003122401765050409
2020-04-20,-0.002547607824877285,-0.002547607824877285
2020-04-21,-9.28253645948729e-06,-9.28253645948729e-06
2020-04-22,0.00048297981539779933,0.00048297981539779933
2020-04-23,0.0008540847938556251,0.0008540847938556251
2020-04-24,-0.0013542311071067514,-0.0013542311071067514
2020-04-27,-0.001597491066018475,-0.001597491066018475
2020-04-28,-0.00197223693955495,-0.00197223693955495
2020-04-29,-0.005052057002387422,-0.005052057002387422
2020-04-30,-0.001227238899742078,-0.001227238899742078
2020-05-01,0.006331517192508684,0.006331517192508684
2020-05-04,-0.00509861286326474,-0.00509861286326474
2020-05-05,-0.0003841215556736888,-0.0003841215556736888
2020-05-06,-0.0022961762787228057,-0.0022961762787228057
2020-05-07,-0.0024518240933393276,-0.0024518240933393276
2020-05-08,0.001582048051009588,0.001582048051009588
2020-05-11,0.005265163761298153,0.005265163761298153
2020-05-12,0.006051339627048069,0.006051339627048069
2020-05-13,-0.0039789654377780925,-0.0039789654377780925
2020-05-14,-0.0019134371569414776,-0.0019134371569414776
2020-05-15,0.004039905473218308,0.004039905473218308
2020-05-18,-0.0014622799216488236,-0.0014622799216488236
2020-05-19,0.0016136530921257997,0.0016136530921257997
2020-05-20,0.003995128259745462,0.003995128259745462
2020-05-21,-0.0020312971485411113,-0.0020312971485411113
2020-05-22,0.000371715895031155,0.000371715895031155
2020-05-25,0.0009663006887870029,0.0009663006887870029
2020-05-26,-0.0004455761834005756,-0.0004455761834005756
2020-05-27,-0.0018200818292920529,-0.0018200818292920529
2020-05-28,0.0028560457546493723,0.0028560457546493723
2020-05-29,-0.0014378632655448476,-0.0014378632655448476
2020-06-01,0.000603870597902123,0.000603870597902123
2020-06-02,-0.0014855318252809946,-0.0014855318252809946
2020-06-03,0.01172501234523593,0.01172501234523593
2020-06-04,0.0017462015523552754,0.0017462015523552754
2020-06-05,0.0013853427627914527,0.0013853427627914527
2020-06-08,0.004434275335792881,0.004434275335792881
2020-06-09,-0.011173596452819456,-0.011173596452819456
2020-06-10,-0.005645283426783276,-0.005645283426783276
2020-06-25,0.005750145785865524,0.005750145785865524
2020-06-26,0.001036957348046208,0.001036957348046208
2020-06-29,0.000587966410870111,0.000587966410870111
2020-06-30,0.003469510814487542,0.003469510814487542
2020-07-01,0.0037085425111664794,0.0037085425111664794
2020-07-02,-0.0057691163709998605,-0.0057691163709998605
2020-07-03,0.0012201659442738766,0.0012201659442738766
2020-07-06,0.000762818787173547,0.000762818787173547
2020-07-07,-0.0020450200860318013,-0.0020450200860318013
2020-07-08,0.0020399013371390495,0.0020399013371390495
2020-07-09,-0.002742250184107453,0.002742250184107453
2020-07-10,-0.0004380663438676713,0.0004380663438676713
2020-07-13,-0.0030399902900167808,0.0030399902900167808
2020-07-14,0.0034234150399046204,-0.0034234150399046204
2020-07-15,-0.00028895773237525013,0.00028895773237525013
2020-07-16,-0.003058444881227418,0.003058444881227418
2020-07-17,0.0033764514684606617,-0.0033764514684606617
2020-07-20,-0.0017524892359382926,0.0017524892359382926
2020-07-21,0.0009898478965553181,-0.0009898478965553181
2020-07-22,-0.0033956343145964407,0.0033956343145964407
2020-07-23,0.0032106701829448525,0.0032106701829448525
2020-07-24,-0.0031444423199281646,-0.0031444423199281646
2020-07-27,-0.00790918250976369,-0.00790918250976369
2020-07-28,-0.006906066014171208,-0.006906066014171208
2020-07-29,-0.0014630235917537648,-0.0014630235917537648
2020-07-30,-0.0007136021009560567,-0.0007136021009560567
2020-07-31,-0.0033227876375214738,-0.0033227876375214738
2020-08-03,0.011300771590429637,0.011300771590429637
2020-08-04,0.0015491420191944272,0.0015491420191944272
2020-08-05,-0.0039234213996064415,-0.0039234213996064415
2020-08-06,-0.0005775466339108526,0.0005775466339108526
2020-08-07,0.0002652684201993605,-0.0002652684201993605
2020-08-10,0.0025477802740760946,-0.0025477802740760946
2020-08-11,0.0013415048943088426,-0.0013415048943088426
2020-08-12,0.004991008511520123,-0.004991008511520123
2020-08-13,0.0028256856631692084,-0.0028256856631692084
2020-08-14,0.0015352780045214676,-0.0015352780045214676
2020-08-17,-0.004037904083679322,0.004037904083679322
2020-08-18,-0.005246148463946554,0.005246148463946554
2020-08-19,-0.007273962952648705,0.007273962952648705
2020-08-20,0.008125554672590907,0.008125554672590907
2020-08-21,-0.003902765444185219,-0.003902765444185219
2020-08-24,0.00200632171488202,0.00200632171488202
2020-08-25,0.0010955855913632462,0.0010955855913632462
2020-08-26,0.0038870734688700725,0.0038870734688700725
2020-08-27,-0.0051594941776974546,-0.0051594941776974546
2020-08-28,0.007377930483544182,0.007377930483544182
2020-08-31,-0.010334099466091873,-0.010334099466091873
2020-09-01,0.004443967634914614,0.004443967634914614
2020-09-02,-0.0010187736484317256,-0.0010187736484317256
2020-09-03,0.0029462533900392884,0.0029462533900392884
2020-09-04,-0.0011487048785296938,-0.0011487048785296938
2020-09-07,0.00212090640827145,0.00212090640827145
2020-09-08,-5.640718524202448e-05,-5.640718524202448e-05
2020-09-09,-0.0031701047445783503,-0.0031701047445783503
2020-09-10,0.0024818858761599394,0.0024818858761599394
2020-09-11,-0.0008284310944267625,-0.0008284310944267625
2020-09-14,1.8832154826231573e-05,1.8832154826231573e-05
2020-09-15,-0.004051065229402573,-0.004051065229402573
2020-09-16,-0.003159434757217583,-0.003159434757217583
2020-09-17,-0.003027113560487016,-0.003027113560487016
2020-09-18,-0.00346460590271247,-0.00346460590271247
2020-09-21,-0.0015377131024640889,-0.0015377131024640889
2020-09-22,0.001463595417677821,0.001463595417677821
2020-09-23,0.003285835634759149,0.003285835634759149
2020-09-24,0.002570636948486138,0.002570636948486138
2020-09-25,0.0012439860122936963,0.0012439860122936963
2020-09-28,0.001318347248859153,0.001318347248859153
2020-09-29,-0.0013355451500762783,-0.0013355451500762783
2020-09-30,0.002190991535469866,0.002190991535469866
2020-10-01,-0.002015871658890722,-0.002015871658890722
2020-10-02,0.0008724703586895366,0.0008724703586895366
2020-10-05,-0.0003126415923049297,-0.0003126415923049297
2020-10-06,0.001867108257064043,0.001867108257064043
2020-10-07,-0.0006338401648822156,-0.0006338401648822156
2020-10-08,0.0030764573089729907,0.0030764573089729907
2020-10-09,0.0005001784140075127,0.0005001784140075127
2020-10-12,-0.0036408342521234704,-0.0036408342521234704
2020-10-13,-0.0027738458656082488,-0.0027738458656082488
2020-10-14,0.0012436451586526065,0.0012436451586526065
2020-10-15,-0.0031383452916212695,-0.0031383452916212695
2020-10-16,0.0021019856714921126,0.0021019856714921126
2020-10-19,0.0006359276991771967,0.0006359276991771967
2020-10-20,0.00040785820313127275,0.00040785820313127275
2020-10-21,6.633312509896072e-05,6.633312509896072e-05
2020-10-22,-0.007594024223076867,-0.007594024223076867
2020-10-23,0.0023405089163754944,0.0023405089163754944
2020-10-26,-0.0022683635097062727,-0.0022683635097062727
2020-10-27,0.0014233646065413552,0.0014233646065413552
2020-10-28,-0.0027377381092736908,-0.0027377381092736908
2020-10-29,-0.002199968736595004,-0.002199968736595004
2020-10-30,0.002291122153979641,0.002291122153979641
2020-11-02,0.0002486846639058182,0.0002486846639058182
2020-11-03,0.0013864662509821546,0.0013864662509821546
2020-11-04,-0.001709246666032893,-0.001709246666032893
2020-11-05,-0.001032981482301798,-0.001032981482301798
2020-11-06,-0.007995238184987596,-0.007995238184987596
2020-11-09,-0.003378265927078683,-0.003378265927078683
2020-11-10,0.018246469503221396,0.018246469503221396
2020-11-11,0.001169912565689657,0.001169912565689657
2020-11-12,0.0014725325494129304,-0.0014725325494129304
2020-11-13,-0.0030830960946170993,0.0030830960946170993
2020-11-16,-0.003939421922883324,0.003939421922883324
2020-11-17,-0.0012897142898374847,0.0012897142898374847
2020-11-18,-0.0034436308155696427,0.0034436308155696427
2020-11-19,-0.0027548455490841173,0.0027548455490841173
2020-11-20,-0.0006641408166523366,0.0006641408166523366
2020-11-23,-7.701040889729338e-05,7.701040889729338e-05
2020-11-24,0.006819694018784572,-0.006819694018784572
2020-11-25,-0.00011481499567056463,0.00011481499567056463
2020-11-26,-0.0010811952759409715,0.0010811952759409715
2020-11-27,-0.001513455540544384,0.001513455540544384
2020-11-30,-0.0015348519567917052,0.0015348519567917052
2020-12-01,0.002084922149125701,-0.002084922149125701
2020-12-02,9.582552556453017e-05,-9.582552556453017e-05
2020-12-03,0.0014284680890248591,-0.0014284680890248591
2020-12-04,-0.006079018697633165,0.006079018697633165
2020-12-07,0.0036119165026489153,-0.0036119165026489153
2020-12-08,-0.0019193933855832235,0.0019193933855832235
2020-12-09,0.0013173429888111432,-0.0013173429888111432
2020-12-10,0.0013156098793605242,-0.0013156098793605242
2020-12-11,-0.000863165226960394,0.000863165226960394
2020-12-14,-0.002332420357364917,0.002332420357364917
2020-12-15,0.0006830847272427665,-0.0006830847272427665
2020-12-16,-0.0036150316600428445,0.0036150316600428445
2020-12-17,-0.0015342861156124599,0.0015342861156124599
2020-12-18,-0.0033244916655453816,0.0033244916655453816
2020-12-21,0.0031610673680937396,-0.0031610673680937396
2020-12-22,-0.001130947095923096,0.001130947095923096
2020-12-23,0.001877300667848969,-0.001877300667848969
2020-12-24,0.0001739078147098283,-0.0001739078147098283
2020-12-25,0.0009753353184847047,-0.0009753353184847047
2020-12-28,-0.001157735393315762,0.001157735393315762
2020-12-29,0.0015068225947045821,-0.0015068225947045821
2020-12-30,-0.0012537962470728914,0.0012537962470728914
2020-12-31,-0.00422943364311168,0.00422943364311168
2021-01-01,0.0010181798596002878,-0.0010181798596002878
2021-01-04,0.00012594199661530858,-0.00012594199661530858
2021-01-05,-0.00110421851081699,0.00110421851081699
2021-01-06,-0.00433453184185606,0.00433453184185606
2021-01-07,0.0033697643765580043,-0.0033697643765580043
2021-01-08,0.0074351493331907825,-0.0074351493331907825
2021-01-11,0.0029001107985959784,-0.0029001107985959784
2021-01-12,0.0003554095250046796,-0.0003554095250046796
2021-01-13,-0.0036109351628210717,0.0036109351628210717
2021-01-14,0.0008192524999297568,-0.0008192524999297568
2021-01-15,-8.66266969078433e-05,8.66266969078433e-05
2021-01-18,0.0007704491987035045,-0.0007704491987035045
2021-01-19,-0.0019728433548865665,0.0019728433548865665
2021-01-20,0.0018707292813127108,-0.0018707292813127108
2021-01-21,-0.003291749118885967,-0.003291749118885967
2021-01-22,-0.0004732132772903297,-0.0004732132772903297
2021-01-25,0.0026182417615789877,0.0026182417615789877
2021-01-26,-0.00016379632236085406,-0.00016379632236085406
2021-01-27,-0.0015131583155950645,-0.0015131583155950645
2021-01-28,0.005212213276353017,0.005212213276353017
2021-01-29,0.0014211481109733803,0.0014211481109733803
2021-02-01,0.0037874470633074697,0.0037874470633074697
2021-02-02,0.0018627103948480883,0.0018627103948480883
2021-02-03,0.0014016187722059037,0.0014016187722059037
2021-02-04,-0.0003141746142553137,-0.0003141746142553137
2021-02-05,0.005495460112535211,0.005495460112535211
2021-02-08,-0.0016291921399572695,-0.0016291921399572695
2021-02-09,-0.00180267968363923,-0.00180267968363923
2021-02-10,-0.006035568308679795,-0.006035568308679795
2021-02-11,0.0003825093635636545,0.0003825093635636545
2021-02-12,0.0012044109664626212,0.0012044109664626212
2021-02-15,0.0030360680307666144,0.0030360680307666144
2021-02-16,0.003122083168455525,0.003122083168455525
2021-02-17,0.006793966822518982,0.006793966822518982
2021-02-18,-0.0022807721965967254,-0.0022807721965967254
2021-02-19,-0.0019742835762798228,-0.0019742835762798228
2021-02-22,-0.001306179605906066,-0.001306179605906066
2021-02-23,-0.005023018553021008,-0.005023018553021008
2021-02-24,0.002848014634391216,0.002848014634391216
2021-02-25,0.006278346274359192,0.006278346274359192
2021-02-26,0.0041059197084434285,0.0041059197084434285
2021-03-01,0.0011656487829143636,0.0011656487829143636
2021-03-02,0.003267509630137999,0.003267509630137999
2021-03-03,-0.0008703212112894931,-0.0008703212112894931
2021-03-04,0.0028100508933583956,0.0028100508933583956
2021-03-05,0.008378665630581317,0.008378665630581317
2021-03-08,0.004298058258876969,0.004298058258876969
2021-03-09,0.004796246770478074,0.004796246770478074
2021-03-10,-0.0033229559825288524,-0.0033229559825288524
2021-03-11,-0.0013354970925217868,-0.0013354970925217868
2021-03-12,0.001134361623255753,0.001134361623255753
2021-03-15,0.005177066541209641,0.005177066541209641
2021-03-16,0.00015585033417631067,0.00015585033417631067
2021-03-17,-0.0009621506986795536,-0.0009621506986795536
2021-03-18,-0.0012657227813795968,-0.0012657227813795968
2021-03-19,0.0003673482285344587,0.0003673482285344587
2021-03-22,-0.0005507849806595244,-0.0005507849806595244
2021-03-23,-0.0008726035288165734,-0.0008726035288165734
2021-03-24,-0.002353500139716025,-0.002353500139716025
2021-03-25,0.0024880600885845983,0.0024880600885845983
2021-03-26,0.003575695704487458,0.003575695704487458
2021-03-29,0.0056054690639126825,0.0056054690639126825
2021-03-30,0.00040985298244144985,0.00040985298244144985
2021-03-31,0.004270018721315827,0.004270018721315827
2021-04-01,0.004034265841014184,0.004034265841014184
2021-04-02,-0.001237029684854729,-0.001237029684854729
2021-04-05,0.0005786208793092662,0.0005786208793092662
2021-04-06,-0.0043730960463941315,-0.0043730960463941315
2021-04-07,-0.003630008466950274,-0.003630008466950274
2021-04-08,0.0005373576485179221,0.0005373576485179221
2021-04-09,-0.004751807494672522,-0.004751807494672522
2021-04-12,0.0033293552271993487,0.0033293552271993487
2021-04-13,-0.002917203257352341,-0.002917203257352341
2021-04-14,-0.004114295408251811,-0.004114295408251811
2021-04-15,-0.00027548022198398137,-0.00027548022198398137
2021-04-16,-0.0018825114969193146,-0.0018825114969193146
2021-04-19,0.000276005653482958,0.000276005653482958
2021-04-20,-0.005711993185692377,-0.005711993185692377
2021-04-21,0.0003238141524146698,0.0003238141524146698
2021-04-22,-0.0008693161866165644,-0.0008693161866165644
2021-04-23,-0.0005646538550406754,-0.0005646538550406754
2021-04-26,-0.0009631247097766638,-0.0009631247097766638
2021-04-27,0.003040611528424275,0.003040611528424275
2021-04-28,0.005064569077987802,0.005064569077987802
2021-04-29,-0.0022528988191451438,-0.0022528988191451438
2021-04-30,0.003677269114743309,0.003677269114743309
2021-05-03,0.0034801091334650813,0.0034801091334650813
2021-05-04,-0.0017935008249475581,-0.0017935008249475581
2021-05-05,0.002218453152067257,0.002218453152067257
2021-05-06,-0.0010061429991728987,-0.0010061429991728987
2021-05-07,-0.0015473380595216746,-0.0015473380595216746
2021-05-10,-0.0043833511434157035,-0.0043833511434157035
2021-05-11,0.0025052792372348698,0.0025052792372348698
2021-05-12,-0.001185232351172516,-0.001185232351172516
2021-05-13,0.008729293647801617,0.008729293647801617
2021-05-14,-0.0013496008036799623,-0.0013496008036799623
2021-05-17,-0.000949598944051,-0.000949598944051
2021-05-18,-0.0015538130585006638,-0.0015538130585006638
2021-05-19,-0.0034235967887009666,-0.0034235967887009666
2021-05-20,0.0037201604031411595,0.0037201604031411595
2021-05-21,-0.0037795430183183987,-0.0037795430183183987
2021-05-24,0.0005419631414602666,0.0005419631414602666
2021-05-25,-0.0006243244452964758,-0.0006243244452964758
2021-05-26,-0.0004501196370614302,-0.0004501196370614302
2021-05-27,0.0033822559255742846,0.0033822559255742846
2021-05-28,0.005853255928208068,0.005853255928208068
2021-05-31,0.0008924548483504324,0.0008924548483504324
2021-06-01,-0.0037668344471262216,-0.0037668344471262216
2021-06-02,0.0,0.0
2021-06-03,0.00093161214331694,0.00093161214331694
2021-06-04,0.006122520298874168,0.006122520298874168
2021-06-07,-0.005885786026706974,-0.005885786026706974
2021-06-08,-0.0031290283447219513,-0.0031290283447219513
2021-06-09,0.001784502179118741,0.001784502179118741
2021-06-10,0.0012880252679041693,0.0012880252679041693
2021-06-11,-0.0018338110318496526,-0.0018338110318496526
2021-06-14,0.0027420327498650643,0.0027420327498650643
2021-06-15,0.0030261941456954933,0.0030261941456954933
2021-06-16,0.0003907567855165883,0.0003907567855165883
2021-06-17,0.006231577809304056,0.006231577809304056
2021-06-18,-0.004017330579670797,-0.004017330579670797
2021-06-21,-0.00112395697028278,-0.00112395697028278
2021-06-22,0.0015698964260209003,0.0015698964260209003
2021-06-23,0.002536818253423334,0.002536818253423334
2021-06-24,0.003235325529637789,0.003235325529637789
2021-06-25,-0.0008197619817512658,-0.0008197619817512658
2021-06-28,-0.000892518328919012,-0.000892518328919012
2021-06-29,-0.00197615791804584,-0.00197615791804584
2021-06-30,-0.0006147497447049899,-0.0006147497447049899
2021-07-01,0.0053286006033663735,0.0053286006033663735
2021-07-02,0.004031514746233311,0.004031514746233311
2021-07-05,-0.003916721627821196,-0.003916721627821196
2021-07-06,-0.001970592214962763,-0.001970592214962763
2021-07-07,-0.0028309981399069484,-0.0028309981399069484
2021-07-08,0.00029841016912324214,0.00029841016912324214
2021-07-09,-0.0075382981668145055,-0.0075382981668145055
2021-07-12,0.0037704012350889826,0.0037704012350889826
2021-07-13,0.0009980548383301535,0.0009980548383301535
2021-07-14,0.0024473535457028017,0.0024473535457028017
2021-07-15,-0.005524662546147474,-0.005524662546147474
2021-07-16,-0.0018730113431608686,-0.0018730113431608686
2021-07-19,0.0008744982737294293,0.0008744982737294293
2021-07-20,-0.003094489739022044,-0.003094489739022044
2021-07-21,0.0035240345368479087,0.0035240345368479087
2021-07-22,0.0030476627552138424,0.0030476627552138424
2021-07-23,-0.0010430172476011412,-0.0010430172476011412
2021-07-26,0.00366805275878046,0.00366805275878046
2021-07-27,-0.0021891443040112923,-0.0021891443040112923
2021-07-28,-0.004496765140096115,-0.004496765140096115
2021-07-29,0.0007740841544328081,0.0007740841544328081
2021-07-30,-0.004386185068725346,-0.004386185068725346
2021-08-02,0.002714627763580113,0.002714627763580113
2021-08-03,-0.003983410973417811,-0.003983410973417811
2021-08-04,-0.002544178907766814,-0.002544178907766814
2021-08-05,0.004936205993307352,0.004936205993307352
2021-08-06,0.0020359865800001486,0.0020359865800001486
2021-08-09,0.004619540320494053,0.004619540320494053
2021-08-10,0.00042624247605904664,0.00042624247605904664
2021-08-11,0.0026471798228637766,0.0026471798228637766
2021-08-12,-0.002025344258511197,-0.002025344258511197
2021-08-13,0.0002627369531678081,0.0002627369531678081
2021-08-16,-0.007055961608603112,-0.007055961608603112
2021-08-17,-0.00298295516825986,-0.00298295516825986
2021-08-18,0.0021959019881365727,0.0021959019881365727
2021-08-19,0.002784449985282711,0.002784449985282711
2021-08-20,-0.0006737416017588149,-0.0006737416017588149
2021-08-23,0.0006559160927834817,0.0006559160927834817
2021-08-24,-0.0014748264701657243,-0.0014748264701657243
2021-08-25,0.00047413293877895946,0.00047413293877895946
2021-08-26,0.0022418168262596794,0.0022418168262596794
2021-08-27,0.0006546755433001206,0.0006546755433001206
2021-08-30,-0.0016628985807265462,-0.0016628985807265462
2021-08-31,0.0007190859865036092,0.0007190859865036092
2021-09-01,0.0010186959858660138,0.0010186959858660138
2021-09-02,0.0003634596534134449,0.0003634596534134449
2021-09-03,-0.0013715391625641615,-0.0013715391625641615
2021-09-06,-0.0016462754682957659,-0.0016462754682957659
2021-09-07,0.0005101832649185845,0.0005101832649185845
2021-09-08,0.004334346440788783,0.004334346440788783
2021-09-09,-0.0007071453359708268,-0.0007071453359708268
2021-09-10,-0.003964906641016119,-0.003964906641016119
2021-09-13,0.0012206364280469284,0.0012206364280469284
2021-09-14,0.0007187588565078507,0.0007187588565078507
2021-09-15,-0.0025001501685425476,-0.0025001501685425476
2021-09-16,-0.0030623550135876476,-0.0030623550135876476
2021-09-17,0.0028888790154792954,0.0028888790154792954
2021-09-20,0.0024795411082418894,0.0024795411082418894
2021-09-21,-0.004855863892895607,-0.004855863892895607
2021-09-22,-0.002631599861852907,-0.002631599861852907
2021-09-23,0.006165851342666784,0.006165851342666784
2021-09-24,0.004589224464831787,0.004589224464831787
2021-09-27,0.003970084606852664,0.003970084606852664
2021-09-28,0.0018056132710302375,0.0018056132710302375
2021-09-29,0.005082756628674412,0.005082756628674412
2021-09-30,0.003658248438008549,0.003658248438008549
2021-10-01,-0.00424348276526032,-0.00424348276526032
2021-10-04,-0.004611477967360278,-0.004611477967360278
2021-10-05,0.00018931312618009066,0.00018931312618009066
2021-10-06,0.004676998608024618,0.004676998608024618
2021-10-07,-0.0006637320753333231,-0.0006637320753333231
2021-10-08,0.0022349325914829965,0.0022349325914829965
2021-10-11,0.00544495052597882,0.00544495052597882
2021-10-12,0.009958171182361752,0.009958171182361752
2021-10-13,0.0011552960060805528,0.0011552960060805528
2021-10-14,-0.0019203366426147062,-0.0019203366426147062
2021-10-15,0.004704257858055394,0.004704257858055394
2021-10-18,0.004304494837622297,0.004304494837622297
2021-10-19,-0.000341081805244392,-0.000341081805244392
2021-10-20,0.0022574755847366568,0.0022574755847366568
2021-10-21,-0.0013444674017443203,-0.0013444674017443203
2021-10-22,-0.004712004345971632,-0.004712004345971632
2021-10-25,-0.001633702343172394,-0.001633702343172394
2021-10-26,0.0008885656276664822,0.0008885656276664822
2021-10-27,0.003718227509867278,0.003718227509867278
2021-10-28,-0.0036081072503566514,-0.0036081072503566514
2021-10-29,-0.001406304147940074,-0.001406304147940074
2021-11-01,0.005457002193679283,0.005457002193679283
2021-11-02,-0.0012430257619293617,-0.0012430257619293617
2021-11-03,-0.0011569739173998839,-0.0011569739173998839
2021-11-04,0.0009476993286638979,0.0009476993286638979
2021-11-05,-0.002042620405082296,-0.002042620405082296
2021-11-08,-0.0031799811847091908,-0.0031799811847091908
2021-11-09,-0.001947571485864552,-0.001947571485864552
2021-11-10,-0.0030197189140598324,-0.0030197189140598324
2021-11-11,0.008794425687933982,0.008794425687933982
2021-11-12,0.0012115402287886656,0.0012115402287886656
2021-11-15,-0.0005436235486535601,-0.0005436235486535601
2021-11-16,0.001324790735675263,0.001324790735675263
2021-11-17,0.006764058448438526,0.006764058448438526
2021-11-18,-0.006213855839474092,-0.006213855839474092
2021-11-19,0.0008056330439700776,0.0008056330439700776
2021-11-22,-0.0012600164094539457,-0.0012600164094539457
2021-11-23,0.005712386974161543,0.005712386974161543
2021-11-24,0.00305773954181765,0.00305773954181765
2021-11-25,0.0023188811431615886,0.0023188811431615886
2021-11-26,-0.0029373777869241557,-0.0029373777869241557
2021-11-29,-0.011732077894626824,-0.011732077894626824
2021-11-30,0.0007474483872498272,0.0007474483872498272
2021-12-01,-0.004437429700416717,-0.004437429700416717
2021-12-02,-0.00368052501470173,-0.00368052501470173
2021-12-03,0.0012402277152707697,0.0012402277152707697
2021-12-06,0.0001769269921332306,0.0001769269921332306
2021-12-07,0.003680051369267856,0.003680051369267856
2021-12-08,0.0005905387250375593,0.0005905387250375593
2021-12-09,0.0014005424346548168,-0.0014005424346548168
2021-12-10,-0.0020759303416751917,0.0020759303416751917
2021-12-13,0.000467186770335859,-0.000467186770335859
2021-12-14,0.0006696331194275817,-0.0006696331194275817
2021-12-15,0.0014614995265929132,-0.0014614995265929132
2021-12-16,0.0034552050162988124,-0.0034552050162988124
2021-12-17,-0.004144175073398926,0.004144175073398926
2021-12-20,-0.0012757385419300826,0.0012757385419300826
2021-12-21,0.0012685637928975257,-0.0012685637928975257
2021-12-22,0.002920947413683539,-0.002920947413683539
2021-12-23,0.0011140840543824027,0.0011140840543824027
2021-12-24,0.002952988313731364,0.002952988313731364
2021-12-27,-0.001092103651994858,-0.001092103651994858
2021-12-28,0.004014585754366307,0.004014585754366307
2021-12-29,-0.0001654923027137878,-0.0001654923027137878
2021-12-30,0.0015247089329517571,0.0015247089329517571
2021-12-31,0.0010005001837192218,0.0010005001837192218
2022-01-03,0.0006865347552749146,0.0006865347552749146
2022-01-04,0.001615436951178717,0.001615436951178717
2022-01-05,0.007335604969267662,0.007335604969267662
2022-01-06,-0.00039600295761010873,-0.00039600295761010873
2022-01-07,-0.0022647465900853536,-0.0022647465900853536
2022-01-10,-0.002131805571166878,-0.002131805571166878
2022-01-11,-0.002940686995266395,-0.002940686995266395
2022-01-12,0.00045977032794386474,0.00045977032794386474
2022-01-13,-0.005687960935828129,-0.005687960935828129
2022-01-14,-0.004857264627114111,-0.004857264627114111
2022-01-17,0.0016474486608011318,0.0016474486608011318
2022-01-18,0.0023183331602403268,0.0023183331602403268
2022-01-19,-0.00014836469213330705,-0.00014836469213330705
2022-01-20,-0.0018070144288090395,-0.0018070144288090395
2022-01-21,-0.003095874013940736,-0.003095874013940736
2022-01-24,-0.0018246081830952665,-0.0018246081830952665
2022-01-25,0.001986183745933623,0.001986183745933623
2022-01-26,-0.0011928812572564729,-0.0011928812572564729
2022-01-27,0.0074292045785882,0.0074292045785882
2022-01-28,0.005500271967719517,0.005500271967719517
2022-01-31,-0.0007801888128358136,-0.0007801888128358136
2022-02-01,-0.0012232898879314114,-0.0012232898879314114
2022-02-02,-0.0033443257866253573,-0.0033443257866253573
2022-02-03,-0.003085311294337978,-0.003085311294337978
2022-02-04,0.005026987893367529,0.005026987893367529
2022-02-07,0.002322592702614923,0.002322592702614923
2022-02-08,-0.0013972391581869026,-0.0013972391581869026
2022-02-09,0.0040672907497896205,0.0040672907497896205
2022-02-10,0.0006145462827775727,0.0006145462827775727
2022-02-11,0.003849411817503645,0.003849411817503645
2022-02-14,-0.003989740779271611,-0.003989740779271611
2022-02-15,-0.00041525229398675645,-0.00041525229398675645
2022-02-16,0.0008568673034401453,0.0008568673034401453
2022-02-17,-0.00214468884032748,-0.00214468884032748
2022-02-18,-0.0045152722443558835,-0.0045152722443558835
2022-02-21,0.0008270612968523938,0.0008270612968523938
2022-02-22,-0.0030618851608238407,-0.0030618851608238407
2022-02-23,0.0042492256872588285,0.0042492256872588285
2022-02-24,-0.0017202860718010804,-0.0017202860718010804
2022-02-25,0.005857338731948714,0.005857338731948714
2022-02-28,0.00012113712841754776,0.00012113712841754776
2022-03-01,-0.004386349083366992,-0.004386349083366992
2022-03-02,-0.0021290145844096164,-0.0021290145844096164
2022-03-03,0.005973866468554245,0.005973866468554245
2022-03-04,-0.0003895304671869271,-0.0003895304671869271
2022-03-07,-0.004537836046441535,-0.004537836046441535
2022-03-08,0.0036798970127949193,0.0036798970127949193
2022-03-09,0.0030249626872334012,0.0030249626872334012
2022-03-10,0.0016159110606772664,0.0016159110606772664
2022-03-11,0.002329450520864862,0.002329450520864862
2022-03-14,0.011619986952821959,0.011619986952821959
2022-03-15,0.005862408381408946,0.005862408381408946
2022-03-16,0.0006259410251130415,0.0006259410251130415
2022-03-17,0.004886238550216415,0.004886238550216415
2022-03-18,-0.0032304423039808405,-0.0032304423039808405
2022-03-21,0.006557740381528898,0.006557740381528898
2022-03-22,0.0027753895204976065,0.0027753895204976065
2022-03-23,0.014599348980968596,0.014599348980968596
2022-03-24,-0.001755376981636858,-0.001755376981636858
2022-03-25,0.0100638320199129,0.0100638320199129
2022-03-28,-0.0006212220089192311,-0.0006212220089192311
2022-03-29,0.01136834102564599,0.01136834102564599
2022-03-30,-0.004326408266744242,-0.004326408266744242
2022-03-31,-0.00896646722319161,-0.00896646722319161
2022-04-01,-0.0021718147774316687,-0.0021718147774316687
2022-04-04,0.007014060328588645,0.007014060328588645
2022-04-05,0.001623011961242815,0.001623011961242815
2022-04-06,0.006896889764755443,0.006896889764755443
2022-04-07,0.0005418365767331235,0.0005418365767331235
2022-04-08,0.003014808078698916,0.003014808078698916
2022-04-11,0.002328853978212031,0.002328853978212031
2022-04-12,0.008738979516592638,0.008738979516592638
2022-04-13,-0.0004463127694218638,-0.0004463127694218638
2022-04-14,-0.0003109767870914659,-0.0003109767870914659
2022-04-15,0.00639672316415818,0.00639672316415818
2022-04-18,0.0034791475471767086,0.0034791475471767086
2022-04-19,0.0037909568250900083,0.0037909568250900083
2022-04-20,0.01758480061425094,0.01758480061425094
2022-04-21,-0.010206151109366068,-0.010206151109366068
2022-04-22,0.003085657479742432,0.003085657479742432
2022-04-25,0.0015341019211685403,0.0015341019211685403
2022-04-26,-0.006694859921808294,-0.006694859921808294
2022-04-27,-0.003741893499761284,-0.003741893499761284
2022-04-28,0.008863312764833431,0.008863312764833431
2022-04-29,0.018824925612896504,0.018824925612896504
2022-05-02,-0.006115716746978528,-0.006115716746978528
2022-05-03,0.0007768413716677802,0.0007768413716677802
2022-05-04,3.072585733354671e-05,3.072585733354671e-05
2022-05-05,-0.006863030916533508,-0.006863030916533508
2022-05-06,0.008566544401605869,0.008566544401605869
2022-05-09,0.0032148475637276963,0.0032148475637276963
2022-05-10,-0.0028451004497029864,-0.0028451004497029864
2022-05-11,-0.00019942916911419584,-0.00019942916911419584
2022-05-12,-0.003958475340826717,-0.003958475340826717
2022-05-13,-0.00960456897492934,-0.00960456897492934
2022-05-16,0.006563671697513707,0.006563671697513707
2022-05-17,-0.003932587448729485,-0.003932587448729485
2022-05-18,0.004118664501228331,0.004118664501228331
2022-05-19,-0.01189606615921901,-0.01189606615921901
2022-05-20,-0.0006410614278563598,-0.0006410614278563598
2022-05-23,0.0005554097964595162,0.0005554097964595162
2022-05-24,-0.0004456440161478836,-0.0004456440161478836
2022-05-25,-0.008424225031271937,-0.008424225031271937
2022-05-26,0.003021268948606215,0.003021268948606215
2022-05-27,-0.0008415302782593947,-0.0008415302782593947
2022-05-30,0.0018891376805318938,0.0018891376805318938
2022-05-31,0.003920280516678254,0.003920280516678254
2022-06-01,0.007450039716031531,0.007450039716031531
2022-06-02,0.010766232199204362,0.010766232199204362
2022-06-03,-0.0015677192200688195,-0.0015677192200688195
2022-06-06,0.006073072778920663,0.006073072778920663
2022-06-07,0.0112388329040789,0.0112388329040789
2022-06-08,0.005076604489854031,0.005076604489854031
2022-06-09,0.01191590741421611,0.01191590741421611
2022-06-10,-8.921675858486466e-05,-8.921675858486466e-05
2022-06-13,0.0029460049688860845,0.0029460049688860845
2022-06-14,-0.0043689029186761985,-0.0043689029186761985
2022-06-15,0.007964240607418516,0.007964240607418516
2022-06-16,-0.008714361310748542,-0.008714361310748542
2022-06-17,-0.012630952352508884,-0.012630952352508884
2022-06-20,0.02155999134857889,0.02155999134857889
2022-06-21,-0.0013971093169797832,-0.0013971093169797832
2022-06-22,0.008749854005314806,0.008749854005314806
2022-06-23,-0.0017978786241570344,-0.0017978786241570344
2022-06-24,-0.00870438833765641,-0.00870438833765641
2022-06-27,0.0016463966782824802,0.0016463966782824802
2022-06-28,0.002761702835804014,0.002761702835804014
2022-06-29,0.004518769319237226,0.004518769319237226
2022-06-30,0.003983972141692549,0.003983972141692549
2022-07-01,-0.005879016660565228,-0.005879016660565228
2022-07-04,-0.005471817717101368,-0.005471817717101368
2022-07-05,0.005901802201040418,0.005901802201040418
2022-07-06,-0.002348352861753167,-0.002348352861753167
2022-07-07,0.0032836780797487197,0.0032836780797487197
2022-07-08,-0.00038986976060606526,-0.00038986976060606526
2022-07-11,0.0028547710985076247,0.0028547710985076247
2022-07-12,0.007975038012355107,0.007975038012355107
2022-07-13,-0.00481848895917969,-0.00481848895917969
2022-07-14,0.00659719490317201,0.00659719490317201
2022-07-15,0.009729046412203513,0.009729046412203513
2022-07-18,-0.0046989565889759,-0.0046989565889759
2022-07-19,-0.0006144819608174812,-0.0006144819608174812
2022-07-20,-0.0002749758913148659,-0.0002749758913148659
2022-07-21,0.001476290194264207,0.001476290194264207
2022-07-22,-0.009371704398802416,-0.009371704398802416
2022-07-25,-0.005733203262601294,-0.005733203262601294
2022-07-26,0.0008730214433723127,0.0008730214433723127
2022-07-27,0.003950725757403184,0.003950725757403184
2022-07-28,-0.006271510414009307,-0.006271510414009307
2022-07-29,-0.012592585118893496,-0.012592585118893496
2022-08-01,-0.007366276552190687,-0.007366276552190687
2022-08-02,-0.013754836605127219,-0.013754836605127219
2022-08-03,0.013733860484351545,0.013733860484351545
2022-08-04,0.004371061577192581,0.004371061577192581
2022-08-05,-0.01001032652362921,-0.01001032652362921
2022-08-08,0.018368166416420806,0.018368166416420806
2022-08-09,-0.0016068066598757813,-0.0016068066598757813
2022-08-10,0.002573421325233305,0.002573421325233305
2022-08-11,-0.017435069131107817,-0.017435069131107817
2022-08-12,0.0012346718556275338,0.0012346718556275338
2022-08-15,0.0022105589844760853,0.0022105589844760853
2022-08-16,-0.0010877874960990574,-0.0010877874960990574
2022-08-17,0.00851706346568637,0.00851706346568637
2022-08-18,0.004967399346611945,0.004967399346611945
2022-08-19,0.006306304268919316,0.006306304268919316
2022-08-22,0.009175611871325762,0.009175611871325762
2022-08-23,0.003685064188549303,0.003685064188549303
2022-08-24,-0.005910775369790899,-0.005910775369790899
2022-08-25,0.002545047201552908,0.002545047201552908
2022-08-26,-0.0037787157687110273,-0.0037787157687110273
2022-08-29,0.007007759844277928,0.007007759844277928
2022-08-30,0.007824234555719345,0.007824234555719345
2022-08-31,0.000995703304636164,0.000995703304636164
2022-09-01,0.004051002241403534,0.004051002241403534
2022-09-02,0.005635397812858711,0.005635397812858711
2022-09-05,0.00289836507287089,0.00289836507287089
2022-09-06,-0.0004057801514419923,-0.0004057801514419923
2022-09-07,0.01937626178663554,0.01937626178663554
2022-09-08,0.006824995970812431,0.006824995970812431
2022-09-09,-0.0018872333102502026,-0.0018872333102502026
2022-09-12,-0.008758826472539005,-0.008758826472539005
2022-09-13,-7.70451391418625e-05,-7.70451391418625e-05
2022-09-14,0.012757303773116346,0.012757303773116346
2022-09-15,-0.010255967537298738,-0.010255967537298738
2022-09-16,0.00309258362851339,0.00309258362851339
2022-09-19,-0.0041851643045780484,-0.0041851643045780484
2022-09-20,0.003208123941148555,0.003208123941148555
2022-09-21,0.002646207548200996,0.002646207548200996
2022-09-22,0.004972000619268613,0.004972000619268613
2022-09-23,-0.014107899084923048,-0.014107899084923048
2022-09-26,0.008651973701002902,0.008651973701002902
2022-09-27,0.0066057517290816214,0.0066057517290816214
2022-09-28,0.0016059548348967834,0.0016059548348967834
2022-09-29,-0.0020250000290008563,-0.0020250000290008563
2022-09-30,0.00022856799876835865,0.00022856799876835865
2022-10-03,0.0026655946956450904,0.0026655946956450904
2022-10-04,-0.002050858206820383,-0.002050858206820383
2022-10-05,-0.005065040881316318,-0.005065040881316318
2022-10-06,0.004604050099620949,0.004604050099620949
2022-10-07,0.0040844610689572125,0.0040844610689572125
2022-10-10,0.0030543037361565606,0.0030543037361565606
2022-10-11,0.0013197601755681188,0.0013197601755681188
2022-10-12,0.0013454641935264355,0.0013454641935264355
2022-10-13,0.005943678779414041,0.005943678779414041
2022-10-14,0.003789090397851469,0.003789090397851469
2022-10-17,0.009090754640477261,0.009090754640477261
2022-10-18,0.002280728572459534,0.002280728572459534
2022-10-19,0.0015976707071407859,0.0015976707071407859
2022-10-20,0.004101625995890368,0.004101625995890368
2022-10-21,0.0023694657595647595,0.0023694657595647595
2022-10-24,-0.015694882733414017,-0.015694882733414017
2022-10-25,0.007225006002601786,0.007225006002601786
2022-10-26,-0.00609185302155546,-0.00609185302155546
2022-10-27,-0.01247461207791245,-0.01247461207791245
2022-10-28,0.0009580206322665763,0.0009580206322665763
2022-10-31,0.010514475319920447,0.010514475319920447
2022-11-01,0.006257970083019426,0.006257970083019426
2022-11-02,-0.005526575285802915,-0.005526575285802915
2022-11-03,-0.00015546088064721797,-0.00015546088064721797
2022-11-04,0.00338765508524852,0.00338765508524852
2022-11-07,-0.01045872714312801,-0.01045872714312801
2022-11-08,-0.0014778603591339978,-0.0014778603591339978
2022-11-09,-0.00906396507495455,-0.00906396507495455
2022-11-10,0.006290660217917354,0.006290660217917354
2022-11-11,-0.030606912807858655,-0.030606912807858655
2022-11-14,-0.015387979281015096,-0.015387979281015096
2022-11-15,0.004027227962292823,0.004027227962292823
2022-11-16,-0.008207608822664914,-0.008207608822664914
2022-11-17,0.002569063412395156,0.002569063412395156
2022-11-18,0.007823576241973829,0.007823576241973829
2022-11-21,-0.0011323574846058282,-0.0011323574846058282
2022-11-22,0.01315480697039173,0.01315480697039173
2022-11-23,-0.006636324051399578,-0.006636324051399578
2022-11-24,-0.013297431317341957,-0.013297431317341957
2022-11-25,-0.00484644417890423,-0.00484644417890423
2022-11-28,0.003585847988316404,0.003585847988316404
2022-11-29,-0.0027391225461707025,-0.0027391225461707025
2022-11-30,0.0001874363112532862,0.0001874363112532862
2022-12-01,-0.009989560962133548,-0.009989560962133548
2022-12-02,-0.016081943941313237,-0.016081943941313237
2022-12-05,-0.004994360513887575,-0.004994360513887575
2022-12-06,0.016188783011916286,0.016188783011916286
2022-12-07,0.0017124432968107506,0.0017124432968107506
2022-12-08,-0.003689236861023071,0.003689236861023071
2022-12-09,0.001708461696389385,-0.001708461696389385
2022-12-12,0.0007174023400742247,-0.0007174023400742247
2022-12-13,0.00579314292066635,-0.00579314292066635
2022-12-14,-0.013963217067330502,0.013963217067330502
2022-12-15,-0.0017405625463037255,0.0017405625463037255
2022-12-16,0.017754231684702138,-0.017754231684702138
2022-12-19,-0.007702336709996538,0.007702336709996538
2022-12-20,0.002231272736365586,-0.002231272736365586
2022-12-21,-0.03724951281473232,0.03724951281473232
2022-12-22,0.003624153340350489,-0.003624153340350489
2022-12-23,-9.821325648418089e-05,9.821325648418089e-05
2022-12-26,0.0032714452185966802,-0.0032714452185966802
2022-12-27,-0.0001956903312544389,0.0001956903312544389
2022-12-28,0.0054381068823152745,-0.0054381068823152745
2022-12-29,0.004105330757242287,-0.004105330757242287
2022-12-30,-0.008341139146261889,0.008341139146261889
2023-01-02,-0.015581262901394721,0.015581262901394721
2023-01-03,-0.00038973497322114525,0.00038973497322114525
2023-01-04,0.0034710669368887004,-0.0034710669368887004
2023-01-05,0.007603933700162102,-0.007603933700162102
2023-01-06,0.008022961912218962,-0.008022961912218962
2023-01-09,-0.010839695215699607,0.010839695215699607
2023-01-10,-0.0010085969116290228,0.0010085969116290228
2023-01-11,0.002823934042797571,-0.002823934042797571
2023-01-12,-0.0015064619501693466,0.0015064619501693466
2023-01-13,-0.020697153012107727,0.020697153012107727
2023-01-16,-0.008871861701775785,0.008871861701775785
2023-01-17,0.0023042051356374493,-0.0023042051356374493
2023-01-18,-0.00031166595022735777,0.00031166595022735777
2023-01-19,0.0020111754171274754,-0.0020111754171274754
2023-01-20,-0.0013148254283154026,0.0013148254283154026
2023-01-23,0.0076654111279212955,-0.0076654111279212955
2023-01-24,0.009609259692658467,-0.009609259692658467
2023-01-25,-0.002741270539520446,0.002741270539520446
2023-01-26,-0.007693539673801042,0.007693539673801042
2023-01-27,0.00435636498964076,-0.00435636498964076
2023-01-30,0.0004160312266761057,-0.0004160312266761057
2023-01-31,0.004813097641958253,-0.004813097641958253
2023-02-01,-0.002828066469326873,0.002828066469326873
2023-02-02,-0.011436527436911592,-0.011436527436911592
2023-02-03,0.0009641288774691059,0.0009641288774691059
2023-02-06,0.025344480081654464,0.025344480081654464
2023-02-07,0.004651185908498334,0.004651185908498334
2023-02-08,-0.011920961215226566,-0.011920961215226566
2023-02-09,0.002632636424281465,0.002632636424281465
2023-02-10,0.0010046944583743667,0.0010046944583743667
2023-02-13,0.00024329322263039188,0.00024329322263039188
2023-02-14,0.005974950953020475,0.005974950953020475
2023-02-15,0.004941865626914677,0.004941865626914677
2023-02-16,0.006857626319773713,0.006857626319773713
2023-02-17,0.001277083031592463,0.001277083031592463
2023-02-20,0.0017378589441237047,0.0017378589441237047
2023-02-21,0.0002158614051623875,0.0002158614051623875
2023-02-22,0.0047641689243924645,0.0047641689243924645
2023-02-23,-0.00032591786349822627,-0.00032591786349822627
2023-02-24,-0.002252992908212015,-0.002252992908212015
2023-02-27,0.013125042431803902,0.013125042431803902
2023-02-28,-0.0005718899317725956,-0.0005718899317725956
2023-03-01,0.0002274540891420429,0.0002274540891420429
2023-03-02,-0.0011295138166521612,-0.0011295138166521612
2023-03-03,0.003752012467495236,0.003752012467495236
2023-03-06,-0.006181201926666935,-0.006181201926666935
2023-03-07,0.0010230554169430306,0.0010230554169430306
2023-03-08,0.010235469542221765,0.010235469542221765
2023-03-09,-0.0012010141650591333,-0.0012010141650591333
2023-03-10,-0.006055657564240202,-0.006055657564240202
2023-03-13,-0.01037434290551631,-0.01037434290551631
2023-03-14,-0.013824250803946447,-0.013824250803946447
2023-03-15,0.009638390973432331,0.009638390973432331
2023-03-16,-0.010922879860923884,-0.010922879860923884
2023-03-17,0.003302479959272908,0.003302479959272908
2023-03-20,-0.008127884234197413,-0.008127884234197413
2023-03-21,-0.006743055199897041,-0.006743055199897041
2023-03-22,0.00727600556782293,0.00727600556782293
2023-03-23,-0.008832821682541181,-0.008832821682541181
2023-03-24,-0.0023936404400306532,-0.0023936404400306532
2023-03-27,-0.00014528292800830567,-0.00014528292800830567
2023-03-28,0.0029577418306419023,0.0029577418306419023
2023-03-29,-0.0014249194754808459,-0.0014249194754808459
2023-03-30,0.011675279810242634,0.011675279810242634
2023-03-31,0.004714276950650076,0.004714276950650076
2023-04-03,0.0010960585080797003,0.0010960585080797003
2023-04-04,-0.007859225550115423,-0.007859225550115423
2023-04-05,-0.006152694926742863,-0.006152694926742863
2023-04-06,-0.004190553070610115,-0.004190553070610115
2023-04-07,0.0056135196216802186,0.0056135196216802186
2023-04-10,0.0032505278674617166,0.0032505278674617166
2023-04-11,0.010386261741650804,0.010386261741650804
2023-04-12,0.0009365471044779916,0.0009365471044779916
2023-04-13,-0.003809957401393671,0.003809957401393671
2023-04-14,-0.004493422789797474,0.004493422789797474
2023-04-17,0.011201050184113992,-0.011201050184113992
2023-04-18,0.0033888679889333417,-0.0033888679889333417
2023-04-19,-0.0028342696332680495,0.0028342696332680495
2023-04-20,0.004923669631363925,-0.004923669631363925
2023-04-21,-0.005255913568263382,0.005255913568263382
2023-04-24,-0.00026122915262682955,0.00026122915262682955
2023-04-25,0.0009181858897575612,-0.0009181858897575612
2023-04-26,-0.002781846451862635,0.002781846451862635
2023-04-27,-0.0018398052513305396,-0.0018398052513305396
2023-04-28,0.0025250486980210596,0.0025250486980210596
2023-05-01,0.019312114886698817,0.019312114886698817
2023-05-02,0.008321928157067005,0.008321928157067005
2023-05-03,-0.007671502575956057,-0.007671502575956057
2023-05-04,-0.014084072385602164,-0.014084072385602164
2023-05-05,-0.002712907866151304,-0.002712907866151304
2023-05-08,0.007601817467451921,0.007601817467451921
2023-05-09,-0.000932011888399642,-0.000932011888399642
2023-05-10,0.0015917047892577418,0.0015917047892577418
2023-05-11,-0.008877275289598696,-0.008877275289598696
2023-05-12,0.003065140290907875,0.003065140290907875
2023-05-15,0.00984405058913973,0.00984405058913973
2023-05-16,0.0016417953876266544,0.0016417953876266544
2023-05-17,0.0028299056342948603,0.0028299056342948603
2023-05-18,0.008678485676667957,0.008678485676667957
2023-05-19,0.007310278864812725,0.007310278864812725
2023-05-22,-0.00669451599409987,-0.00669451599409987
2023-05-23,0.0071173032418887505,0.0071173032418887505
2023-05-24,-0.0005335602697532638,-0.0005335602697532638
2023-05-25,0.0049423333886371434,0.0049423333886371434
2023-05-26,0.005269799653836227,0.005269799653836227
2023-05-29,0.006099287348490412,0.006099287348490412
2023-05-30,-0.0030524943236235336,-0.0030524943236235336
2023-05-31,-0.004621063955103533,-0.004621063955103533
2023-06-01,-0.004757128515930242,-0.004757128515930242
2023-06-02,-0.0027241139802279823,-0.0027241139802279823
2023-06-05,0.010515464166953148,0.010515464166953148
2023-06-06,-0.005877061221255975,-0.005877061221255975
2023-06-07,0.001033104445469224,0.001033104445469224
2023-06-08,0.0026662172665237183,0.0026662172665237183
2023-06-09,-0.0074053100310292885,-0.0074053100310292885
2023-06-12,0.003658250083566683,0.003658250083566683
2023-06-13,0.0006386157464490783,0.0006386157464490783
2023-06-14,0.0051412247579256665,0.0051412247579256665
2023-06-15,-0.001426745796069051,-0.001426745796069051
2023-06-16,0.002078915506163126,0.002078915506163126
2023-06-19,0.011399599068990574,0.011399599068990574
2023-06-20,0.00022554702413457584,0.00022554702413457584
2023-06-21,-0.003974625283335365,-0.003974625283335365
2023-06-22,0.0024975894817518274,0.0024975894817518274
2023-06-23,0.009471481040937757,0.009471481040937757
2023-06-26,0.003572688186221473,0.003572688186221473
2023-06-27,-0.0005642544787699544,-0.0005642544787699544
2023-06-28,0.0029415659456517584,0.0029415659456517584
2023-06-29,0.003523747034689606,0.003523747034689606
2023-06-30,0.0027079015052609012,0.0027079015052609012
2023-07-03,-0.00263851213842059,-0.00263851213842059
2023-07-04,0.0012881386523280192,0.0012881386523280192
2023-07-05,-0.001231075187191455,-0.001231075187191455
2023-07-06,0.0005747167731497971,0.0005747167731497971
2023-07-07,-0.003723428016488395,-0.003723428016488395
2023-07-10,-0.012101370228640662,-0.012101370228640662
2023-07-11,-0.006413114260174213,-0.006413114260174213
2023-07-12,-0.008344132422754114,-0.008344132422754114
2023-07-13,-0.012867681690487132,-0.012867681690487132
2023-07-14,-0.001735209405543281,-0.001735209405543281
2023-07-17,0.004396233214640999,0.004396233214640999
2023-07-18,0.0003388836907163295,0.0003388836907163295
2023-07-19,0.0021479927283478695,0.0021479927283478695
2023-07-20,0.004107219704645004,0.004107219704645004
2023-07-21,0.001905408366985606,0.001905408366985606
2023-07-24,0.013484539326151568,0.013484539326151568
2023-07-25,-0.0016084432181436847,-0.0016084432181436847
2023-07-26,-0.004303279881605948,-0.004303279881605948
2023-07-27,-0.0038746603364593346,-0.0038746603364593346
2023-07-28,-0.010707687236957697,-0.010707687236957697
2023-07-31,0.013639224089951885,0.013639224089951885
2023-08-01,0.01111839107025081,0.01111839107025081
2023-08-02,0.004546019847158078,0.004546019847158078
2023-08-03,0.002615883868844149,0.002615883868844149
2023-08-04,-0.005204172961336129,-0.005204172961336129
2023-08-07,-0.005063185217215493,-0.005063185217215493
2023-08-08,0.004567333183766786,0.004567333183766786
2023-08-09,0.005290321572197776,0.005290321572197776
2023-08-10,0.003133803705632987,0.003133803705632987
2023-08-11,0.007841246683800929,0.007841246683800929
2023-08-14,-0.00025544729506066233,-0.00025544729506066233
2023-08-15,0.004281231564241539,0.004281231564241539
2023-08-16,0.001175802946883131,0.001175802946883131
2023-08-17,0.004979059091653193,0.004979059091653193
2023-08-18,-0.004229996436942773,-0.004229996436942773
2023-08-21,-0.0028069494224469693,-0.0028069494224469693
2023-08-22,0.006421072661263905,0.006421072661263905
2023-08-23,-0.0032481713515252197,-0.0032481713515252197
2023-08-24,-0.007477867046090769,-0.007477867046090769
2023-08-25,0.009635503185748018,0.009635503185748018
2023-08-28,0.003176655318011923,0.003176655318011923
2023-08-29,-0.0004572502753290575,-0.0004572502753290575
2023-08-30,-0.003249931110211657,-0.003249931110211657
2023-08-31,0.0007602845893428523,0.0007602845893428523
2023-09-01,-0.004284709857516833,-0.004284709857516833
2023-09-04,0.004014487945365186,0.004014487945365186
2023-09-05,0.00332741606971676,0.00332741606971676
2023-09-06,0.006332569819453404,0.006332569819453404
2023-09-07,0.001613921401675933,0.001613921401675933
2023-09-08,-0.0025591262711309737,-0.0025591262711309737
2023-09-11,-0.0014795736806151316,-0.0014795736806151316
2023-09-12,-0.002956997667717176,-0.002956997667717176
2023-09-13,0.003272549439600203,0.003272549439600203
2023-09-14,0.001277458752961813,0.001277458752961813
2023-09-15,0.0009230083839151249,0.0009230083839151249
2023-09-18,0.0026172794033965108,0.0026172794033965108
2023-09-19,-0.001778616705520153,-0.001778616705520153
2023-09-20,0.0009282115846884764,0.0009282115846884764
2023-09-21,0.00391895827695965,0.00391895827695965
2023-09-22,-0.0045644376522897545,-0.0045644376522897545
2023-09-25,0.00535076643781518,0.00535076643781518
2023-09-26,0.002539841860997649,0.002539841860997649
2023-09-27,0.0015724208760070635,0.0015724208760070635
2023-09-28,0.0030393702254536414,0.0030393702254536414
2023-09-29,-0.0010769072644136735,-0.0010769072644136735
2023-10-02,0.0013592590132778248,0.0013592590132778248
2023-10-03,0.002079742227062864,0.002079742227062864
2023-10-04,-0.00439767896882437,-0.00439767896882437
2023-10-05,-0.0015148126090583913,-0.0015148126090583913
2023-10-06,-0.0033766495032694355,-0.0033766495032694355
2023-10-09,0.0046948144495326805,0.0046948144495326805
2023-10-10,-0.0055846593728101634,-0.0055846593728101634
2023-10-11,0.0020293684916341537,0.0020293684916341537
2023-10-12,0.002745037849757992,0.002745037849757992
2023-10-13,0.00505916574240195,0.00505916574240195
2023-10-16,-0.0014954204785202485,-0.0014954204785202485
2023-10-17,8.02900890097824e-05,8.02900890097824e-05
2023-10-18,0.0012100693438490406,0.0012100693438490406
2023-10-19,-0.00011350430165002479,-0.00011350430165002479
2023-10-20,0.000400672869555585,0.000400672869555585
2023-10-23,0.0005207068575219242,0.0005207068575219242
2023-10-24,-0.0007406437604301486,-0.0007406437604301486
2023-10-25,0.0005675855181028755,0.0005675855181028755
2023-10-26,0.0016282734497443663,0.0016282734497443663
2023-10-27,0.0017854341793077655,0.0017854341793077655
