date,YM=F Long Only,YM=F Using TFT
2017-07-05,-0.0006531069229334108,-0.0006531069229334108
2017-07-06,-0.0066286994678368405,-0.0066286994678368405
2017-07-07,0.004229323308270638,0.004229323308270638
2017-07-10,-0.0005147402901263254,-0.0005147402901263254
2017-07-11,0.00037454937028891244,0.00037454937028891244
2017-07-12,0.005428932465952219,0.005428932465952219
2017-07-13,0.0012102592747753604,0.0012102592747753604
2017-07-14,0.003998326282021569,0.003998326282021569
2017-07-17,-0.0006482982171799323,-0.0006482982171799323
2017-07-18,-0.0028265604003521183,-0.0028265604003521183
2017-07-19,0.0035315985130111027,0.0035315985130111027
2017-07-20,-0.0006945730690868235,-0.0006945730690868235
2017-07-21,-0.002919234511839064,-0.002919234511839064
2017-07-24,-0.0008829816897480969,-0.0008829816897480969
2017-07-25,0.0028373412716871105,0.0028373412716871105
2017-07-26,0.003988868274582558,0.003988868274582558
2017-07-27,0.004481197449875296,0.004481197449875296
2017-07-28,0.0014717380306306094,0.0014717380306306094
2017-07-31,0.003076923076922977,0.003076923076922977
2017-08-01,0.0028385678967126626,0.0028385678967126626
2017-08-02,0.002419649379108879,0.002419649379108879
2017-08-03,0.0007742405610966507,0.0007742405610966507
2017-08-04,0.001956858105033321,0.001956858105033321
2017-08-07,0.0020438751873552707,0.0020438751873552707
2017-08-08,-0.0014504578007433766,-0.0014504578007433766
2017-08-09,-0.0005447117566954596,-0.0005447117566954596
2017-08-10,-0.008265964211100041,-0.008265964211100041
2017-08-11,0.0005495511998534486,0.0005495511998534486
2017-08-14,0.004760161113145367,0.004760161113145367
2017-08-15,0.0011388483965013574,0.0011388483965013574
2017-08-16,0.0015470719388450682,0.0015470719388450682
2017-08-17,-0.012630048612057632,-0.012630048612057632
2017-08-18,-0.002484700685593366,-0.002484700685593366
2017-08-21,0.0005996586558421058,0.0005996586558421058
2017-08-22,0.008943389267932922,0.008943389267932922
2017-08-23,-0.00415790916567671,-0.00415790916567671
2017-08-24,-0.0004129387474191004,-0.0004129387474191004
2017-08-25,0.0010557238593591478,0.0010557238593591478
2017-08-28,-0.0008253473336695683,-0.0008253473336695683
2017-08-29,0.0038089119361204293,0.0038089119361204293
2017-08-30,-0.00013714912681717095,-0.00013714912681717095
2017-08-31,0.003612089067715152,0.003612089067715152
2017-09-01,0.0013667425968109104,0.0013667425968109104
2017-09-05,-0.009827115559599586,-0.009827115559599586
2017-09-06,0.0022054769343871072,0.0022054769343871072
2017-09-07,-0.00036677058499912096,-0.00036677058499912096
2017-09-08,0.0003669051550174718,0.0003669051550174718
2017-09-11,0.011048963873097284,0.011048963873097284
2017-09-12,0.0032195166190540636,0.0032195166190540636
2017-09-13,0.0011299945760261387,0.0011299945760261387
2017-09-14,0.0030249672671451844,0.0030249672671451844
2017-09-15,0.003022613910019789,0.003022613910019789
2017-09-18,0.000711282251259604,0.000711282251259604
2017-09-19,0.0016592672317143897,0.0016592672317143897
2017-09-20,0.0017908309455587634,0.0017908309455587634
2017-09-21,-0.0019217018233822492,-0.0019217018233822492
2017-09-22,-0.0015224107822504607,-0.0015224107822504607
2017-09-25,-0.001031436387281981,-0.001031436387281981
2017-09-26,-0.0007631531693301774,-0.0007631531693301774
2017-09-27,0.0017521002740463754,0.0017521002740463754
2017-09-28,0.00098663557269707,0.00098663557269707
2017-09-29,0.001164874551971229,0.001164874551971229
2017-10-02,0.007204868880336557,0.007204868880336557
2017-10-03,0.004487492780024027,0.004487492780024027
2017-10-04,-4.423213021942374e-05,-4.423213021942374e-05
2017-10-05,0.0058831335427080855,0.0058831335427080855
2017-10-06,-0.0020228671943711696,-0.0020228671943711696
2017-10-09,0.0007490966775358654,0.0007490966775358654
2017-10-10,0.0032143014398309244,0.0032143014398309244
2017-10-11,0.001404494382022392,0.001404494382022392
2017-10-12,-0.0007889200561009835,-0.0007889200561009835
2017-10-13,0.001403631897534785,0.001403631897534785
2017-10-16,0.0029785370127026756,0.0029785370127026756
2017-10-17,0.002314612629924051,0.002314612629924051
2017-10-18,0.007102087055030237,0.007102087055030237
2017-10-19,0.0,0.0
2017-10-20,0.007052003114995209,0.007052003114995209
2017-10-23,-0.0021050822700520166,-0.0021050822700520166
2017-10-24,0.007534010676769398,0.007534010676769398
2017-10-25,-0.00435841558774519,-0.00435841558774519
2017-10-26,0.0020599974250032904,0.0020599974250032904
2017-10-27,0.000985052893057503,0.000985052893057503
2017-10-30,-0.0034656854355639144,-0.0034656854355639144
2017-10-31,0.0014597913357090597,0.0014597913357090597
2017-11-01,0.002015005359056854,0.002015005359056854
2017-11-02,0.0030806092760569115,0.0030806092760569115
2017-11-03,0.00021327418529271114,0.00021327418529271114
2017-11-06,0.0016205381892617776,0.0016205381892617776
2017-11-07,4.2576744582190074e-05,4.2576744582190074e-05
2017-11-08,0.00012772479564038264,0.00012772479564038264
2017-11-09,-0.003192712102507378,-0.003192712102507378
2017-11-10,-0.0014519986334130541,-0.0014519986334130541
2017-11-13,0.0010264305876315216,0.0010264305876315216
2017-11-14,-0.0013244467230624224,-0.0013244467230624224
2017-11-15,-0.004834224598930459,-0.004834224598930459
2017-11-16,0.0069641475367552275,0.0069641475367552275
2017-11-17,-0.004610655737704916,-0.004610655737704916
2017-11-20,0.0033882312575055362,0.0033882312575055362
2017-11-21,0.006326138063688758,0.006326138063688758
2017-11-22,-0.00246357728411839,-0.00246357728411839
2017-11-24,0.0013625718543750498,0.0013625718543750498
2017-11-27,0.0019135093761959432,0.0019135093761959432
2017-11-28,0.010567863509040043,0.010567863509040043
2017-11-29,0.0044937213892739525,0.0044937213892739525
2017-11-30,0.014884187641107216,0.014884187641107216
2017-12-01,-0.0014830683035346182,-0.0014830683035346182
2017-12-04,0.0027642544764419075,0.0027642544764419075
2017-12-05,-0.0053486936844270305,-0.0053486936844270305
2017-12-06,-0.0007445708376422333,-0.0007445708376422333
2017-12-07,0.003063294283230489,0.003063294283230489
2017-12-08,0.0035904419957906164,0.0035904419957906164
2017-12-11,0.0034131096307261632,0.0034131096307261632
2017-12-12,0.005122740871275733,0.005122740871275733
2017-12-13,0.004118078773546419,0.004118078773546419
2017-12-14,-0.0036545255207698357,-0.0036545255207698357
2017-12-15,0.005405739291681977,0.005405739291681977
2017-12-18,0.006216522458968754,0.006216522458968754
2017-12-19,-0.0019336905289448758,-0.0019336905289448758
2017-12-20,-0.0014530776992935923,-0.0014530776992935923
2017-12-21,0.0015764582238571023,0.0015764582238571023
2017-12-22,-0.0004843005892324337,-0.0004843005892324337
2017-12-26,0.0010498263748688341,0.0010498263748688341
2017-12-27,-0.00016134236850595673,-0.00016134236850595673
2017-12-28,0.0003630789091495501,0.0003630789091495501
2017-12-29,-0.002500302455942238,-0.002500302455942238
2018-01-02,0.0013341419041843494,0.0013341419041843494
2018-01-03,0.004441214470284338,0.004441214470284338
2018-01-04,0.007034327518289141,0.007034327518289141
2018-01-05,0.008621721949467087,0.008621721949467087
2018-01-08,-0.0007519094542720595,-0.0007519094542720595
2018-01-09,0.004871287128712876,0.004871287128712876
2018-01-10,-0.0008670634138651101,-0.0008670634138651101
2018-01-11,0.008047019841426417,0.008047019841426417
2018-01-12,0.009626296223830932,0.009626296223830932
2018-01-16,0.0006976473780087034,0.0006976473780087034
2018-01-17,0.010805995584646899,0.010805995584646899
2018-01-18,-0.006015786650317989,-0.006015786650317989
2018-01-19,0.004047646582629794,0.004047646582629794
2018-01-22,0.00572064808415873,0.00572064808415873
2018-01-23,0.0002290513456766341,0.0002290513456766341
2018-01-24,0.002633487271478163,0.002633487271478163
2018-01-25,0.00403502093642949,0.00403502093642949
2018-01-26,0.008644222020018244,0.008644222020018244
2018-01-29,-0.006540369869192597,-0.006540369869192597
2018-01-30,-0.014188422247446097,-0.014188422247446097
2018-01-31,0.0031088082901553626,0.0031088082901553626
2018-02-01,0.0013774104683195176,0.0013774104683195176
2018-02-02,-0.028427326914259532,-0.028427326914259532
2018-02-05,-0.058596822400503346,-0.058596822400503346
2018-02-06,0.03600969170356749,0.03600969170356749
2018-02-07,-0.0026209677419354316,-0.0026209677419354316
2018-02-08,-0.030927835051546393,-0.030927835051546393
2018-02-09,0.008218606591572808,0.008218606591572808
2018-02-12,0.017213555675094083,0.017213555675094083
2018-02-13,0.0017491762600170269,0.0017491762600170269
2018-02-14,0.009623974660927459,0.009623974660927459
2018-02-15,0.014921771306761089,0.014921771306761089
2018-02-16,7.925814377429674e-05,7.925814377429674e-05
2018-02-20,-0.011412268188302432,-0.011412268188302432
2018-02-21,-0.006653839987173282,-0.006653839987173282
2018-02-22,0.00932128157533696,0.00932128157533696
2018-02-23,0.012033742453923857,0.012033742453923857
2018-02-26,0.017539701351031,0.017539701351031
2018-02-27,-0.012772730802080856,-0.012772730802080856
2018-02-28,-0.015376145345864956,-0.015376145345864956
2018-03-01,-0.016694624171259664,-0.016694624171259664
2018-03-02,-0.0034524776604386576,-0.0034524776604386576
2018-03-05,0.013409415121255375,0.013409415121255375
2018-03-06,-0.0004826254826254539,-0.0004826254826254539
2018-03-07,-0.002293577981651418,-0.002293577981651418
2018-03-08,0.003912079048195238,0.003912079048195238
2018-03-09,0.017796882532540526,0.017796882532540526
2018-03-12,-0.005012828103414302,-0.005012828103414302
2018-03-13,-0.007180260234846081,-0.007180260234846081
2018-03-14,-0.010268909577656138,-0.010268909577656138
2018-03-15,0.005530884134033132,0.005530884134033132
2018-03-16,-0.0011173597030955662,-0.0011173597030955662
2018-03-19,-0.007563352091966347,-0.007563352091966347
2018-03-20,0.002997043457130033,0.002997043457130033
2018-03-21,-0.0015344235816676655,-0.0015344235816676655
2018-03-22,-0.030897399603672104,-0.030897399603672104
2018-03-23,-0.014647581688436384,-0.014647581688436384
2018-03-26,0.024521429781467097,0.024521429781467097
2018-03-27,-0.013724112273159395,-0.013724112273159395
2018-03-28,4.1912904983343324e-05,4.1912904983343324e-05
2018-03-29,0.012028499580888585,0.012028499580888585
2018-04-02,-0.024640742121174508,-0.024640742121174508
2018-04-03,0.018342391304347894,0.018342391304347894
2018-04-04,0.01171614409606403,0.01171614409606403
2018-04-05,0.008365959200494544,0.008365959200494544
2018-04-06,-0.02215138139610917,-0.02215138139610917
2018-04-09,0.0035944161163588007,0.0035944161163588007
2018-04-10,0.01411794102948516,0.01411794102948516
2018-04-11,-0.007556157857993462,-0.007556157857993462
2018-04-12,0.012082591964248879,0.012082591964248879
2018-04-13,-0.0050288237458604446,-0.0050288237458604446
2018-04-16,0.009327744904668034,0.009327744904668034
2018-04-17,0.005862476081911927,0.005862476081911927
2018-04-18,0.001052333346824863,0.001052333346824863
2018-04-19,-0.0038814539279504734,-0.0038814539279504734
2018-04-20,-0.008280228923976174,-0.008280228923976174
2018-04-23,-0.0007776368026849445,-0.0007776368026849445
2018-04-24,-0.01761284508888339,-0.01761284508888339
2018-04-25,0.0039192795196798524,0.0039192795196798524
2018-04-26,0.009884541905473831,0.009884541905473831
2018-04-27,-0.001357131107090015,-0.001357131107090015
2018-04-30,-0.006259523123172572,-0.006259523123172572
2018-05-01,-0.002486428245824901,-0.002486428245824901
2018-05-02,-0.010219766524033114,-0.010219766524033114
2018-05-03,0.0035676810073452803,0.0035676810073452803
2018-05-04,0.013299874529485667,0.013299874529485667
2018-05-07,0.0030130427604424526,0.0030130427604424526
2018-05-08,0.0002469034196124209,0.0002469034196124209
2018-05-09,0.008022380384251404,0.008022380384251404
2018-05-10,0.007754469022936972,0.007754469022936972
2018-05-11,0.005305362060586516,0.005305362060586516
2018-05-14,0.0025379688192401773,0.0025379688192401773
2018-05-15,-0.00908141123523265,-0.00908141123523265
2018-05-16,0.0032441200324411223,0.0032441200324411223
2018-05-17,-0.0014551333872271366,-0.0014551333872271366
2018-05-18,0.0006881476683937571,0.0006881476683937571
2018-05-21,0.011366854091662937,0.011366854091662937
2018-05-22,-0.006279497640188758,-0.006279497640188758
2018-05-23,0.0005634936606964125,0.0005634936606964125
2018-05-24,-0.002252705257653198,-0.002252705257653198
2018-05-25,-0.0029431923557634576,-0.0029431923557634576
2018-05-29,-0.01427416093813183,-0.01427416093813183
2018-05-30,0.01197850432784997,0.01197850432784997
2018-05-31,-0.010215249908792412,-0.010215249908792412
2018-06-01,0.008682475324568895,0.008682475324568895
2018-06-04,0.0067806244670916005,-0.0067806244670916005
2018-06-05,0.0010485562187450004,-0.0010485562187450004
2018-06-06,0.012811215856901148,-0.012811215856901148
2018-06-07,0.005091487669053318,-0.005091487669053318
2018-06-08,0.0015434541712837646,-0.0015434541712837646
2018-06-11,0.0008693246927726772,-0.0008693246927726772
2018-06-12,-0.0013028544356271654,0.0013028544356271654
2018-06-13,-0.0044275774826059155,0.0044275774826059155
2018-06-14,3.9707750953077436e-05,-3.9707750953077436e-05
2018-06-15,-0.005029577997816115,0.005029577997816115
2018-06-18,-0.0016892617342427751,0.0016892617342427751
2018-06-19,-0.012032299328429752,0.012032299328429752
2018-06-20,-0.0018207566255310503,0.0018207566255310503
2018-06-21,-0.00802594244021082,0.00802594244021082
2018-06-22,0.005189604445897444,-0.005189604445897444
2018-06-25,-0.013008658888572722,0.013008658888572722
2018-06-26,0.000988508587668413,-0.000988508587668413
2018-06-27,-0.006912726823848914,0.006912726823848914
2018-06-28,0.0035218562253986896,-0.0035218562253986896
2018-06-29,0.0018579686209743151,-0.0018579686209743151
2018-07-02,0.0008654440552235965,-0.0008654440552235965
2018-07-03,-0.005064646298278852,0.005064646298278852
2018-07-05,0.007449406116790236,-0.007449406116790236
2018-07-06,0.004641991537608359,-0.004641991537608359
2018-07-09,0.013002944062806776,-0.013002944062806776
2018-07-10,0.006175829498668017,-0.006175829498668017
2018-07-11,-0.00954787980904237,0.00954787980904237
2018-07-12,0.008303292964478182,-0.008303292964478182
2018-07-13,0.0044187354382583255,-0.0044187354382583255
2018-07-16,0.0014797632378820147,-0.0014797632378820147
2018-07-17,0.0025957429815102184,-0.0025957429815102184
2018-07-18,0.002190711383732946,-0.002190711383732946
2018-07-19,-0.004053892929533842,0.004053892929533842
2018-07-20,-0.0011572688455245839,0.0011572688455245839
2018-07-23,0.00011985617259280268,-0.00011985617259280268
2018-07-24,0.007230455798346247,-0.007230455798346247
2018-07-25,0.007495835646862847,-0.007495835646862847
2018-07-26,0.004802582372160691,-0.004802582372160691
2018-07-27,-0.0043486777668951815,0.0043486777668951815
2018-07-30,-0.005075942393956034,0.005075942393956034
2018-07-31,0.00435040537868292,-0.00435040537868292
2018-08-01,-0.004174050009844499,0.004174050009844499
2018-08-02,0.0006326861481276147,-0.0006326861481276147
2018-08-03,0.004149377593360981,-0.004149377593360981
2018-08-06,0.0022825659189296132,-0.0022825659189296132
2018-08-07,0.005182974713365818,-0.005182974713365818
2018-08-08,-0.0024999999999999467,0.0024999999999999467
2018-08-09,-0.0016838972431078014,0.0016838972431078014
2018-08-10,-0.006354685599968657,0.006354685599968657
2018-08-13,-0.004579369152421964,0.004579369152421964
2018-08-14,0.0031330557208011367,0.0031330557208011367
2018-08-15,-0.004230252233731302,-0.004230252233731302
2018-08-16,0.01607972366697097,0.01607972366697097
2018-08-17,0.0032041262894655365,0.0032041262894655365
2018-08-20,0.0032717924748772997,0.0032717924748772997
2018-08-21,0.0019023216088205341,0.0019023216088205341
2018-08-22,-0.003487425892199747,-0.003487425892199747
2018-08-23,-0.0017887000816581011,-0.0017887000816581011
2018-08-24,0.004713489930271431,0.004713489930271431
2018-08-27,0.011049937965260437,0.011049937965260437
2018-08-28,0.00030678375580017736,0.00030678375580017736
2018-08-29,0.002376844930036315,0.002376844930036315
2018-08-30,-0.005239606838260635,-0.005239606838260635
2018-08-31,-0.0008458285274893784,-0.0008458285274893784
2018-09-04,-0.0001154378944128176,-0.0001154378944128176
2018-09-05,-0.00046180488743507997,-0.00046180488743507997
2018-09-06,0.0020020790821237977,0.0020020790821237977
2018-09-07,-0.0025360230547550877,-0.0025360230547550877
2018-09-10,-0.00208020339766557,-0.00208020339766557
2018-09-11,0.0037444508782087382,0.0037444508782087382
2018-09-12,0.0004615029613106447,0.0004615029613106447
2018-09-13,0.005612362573998553,0.005612362573998553
2018-09-14,-7.64525993883769e-05,-7.64525993883769e-05
2018-09-17,-0.0031347962382445305,-0.0031347962382445305
2018-09-18,0.0075931891394385165,0.0075931891394385165
2018-09-19,0.006089670396589808,0.006089670396589808
2018-09-20,0.009911477642430278,0.009911477642430278
2018-09-21,0.002848331678903193,0.002848331678903193
2018-09-24,-0.0060525484114869466,-0.0060525484114869466
2018-09-25,-0.0033821871476887866,-0.0033821871476887866
2018-09-26,-0.0038084464555052655,-0.0038084464555052655
2018-09-27,0.002043983496725854,0.002043983496725854
2018-09-28,0.0001133230083480985,0.0001133230083480985
2018-10-01,0.007629551291735925,0.007629551291735925
2018-10-02,0.004835444935902267,0.004835444935902267
2018-10-03,0.00242473980676694,0.00242473980676694
2018-10-04,-0.008186960404882426,-0.008186960404882426
2018-10-05,-0.0060033018159988405,-0.0060033018159988405
2018-10-08,0.001962856711460015,0.001962856711460015
2018-10-09,-0.002373417721519,-0.002373417721519
2018-10-10,-0.03632793323514971,-0.03632793323514971
2018-10-11,-0.013088287158587675,-0.013088287158587675
2018-10-12,0.00520150883462378,0.00520150883462378
2018-10-15,-0.0045425817664718204,-0.0045425817664718204
2018-10-16,0.02305464068886165,0.02305464068886165
2018-10-17,-0.0017841905205181474,-0.0017841905205181474
2018-10-18,-0.013793907367112168,-0.013793907367112168
2018-10-19,0.0018517788897207677,0.0018517788897207677
2018-10-22,-0.005269781343400948,-0.005269781343400948
2018-10-23,-0.001976753380248275,-0.001976753380248275
2018-10-24,-0.024877198542227807,-0.024877198542227807
2018-10-25,0.01060285992850174,0.01060285992850174
2018-10-26,-0.005265908268681896,-0.005265908268681896
2018-10-29,-0.012729329992726135,-0.012729329992726135
2018-10-30,0.017518726208505697,0.017518726208505697
2018-10-31,0.008769459753007025,0.008769459753007025
2018-11-01,0.009889540216134307,0.009889540216134307
2018-11-02,-0.003316880552813428,-0.003316880552813428
2018-11-05,0.007923616338496808,0.007923616338496808
2018-11-06,0.00786132620573099,0.00786132620573099
2018-11-07,0.021099021099021176,0.021099021099021176
2018-11-08,0.0006874952257276412,0.0006874952257276412
2018-11-09,-0.008664122137404529,-0.008664122137404529
2018-11-12,-0.022792900319562603,-0.022792900319562603
2018-11-13,-0.002009377093101117,-0.002009377093101117
2018-11-14,-0.011290959336754836,-0.011290959336754836
2018-11-15,0.010421657882127455,0.010421657882127455
2018-11-16,0.00576961074886384,0.00576961074886384
2018-11-19,-0.016580880908412254,-0.016580880908412254
2018-11-20,-0.023652563026888784,-0.023652563026888784
2018-11-21,0.0011458034947007256,0.0011458034947007256
2018-11-23,-0.008379317392192887,-0.008379317392192887
2018-11-26,0.013973619126133485,0.013973619126133485
2018-11-27,0.005813244440830978,0.005813244440830978
2018-11-28,0.02433109692021662,0.02433109692021662
2018-11-29,0.001854482323232265,0.001854482323232265
2018-11-30,0.005828836989484554,0.005828836989484554
2018-12-03,0.012020830886095846,0.012020830886095846
2018-12-04,-0.030952565193840487,-0.030952565193840487
2018-12-06,-0.005549788389363597,-0.005549788389363597
2018-12-07,-0.019070943911350224,0.019070943911350224
2018-12-10,0.0023739358218730633,-0.0023739358218730633
2018-12-11,-0.0027766435279705792,0.0027766435279705792
2018-12-12,0.005896322987470226,-0.005896322987470226
2018-12-13,0.0002035333387608862,-0.0002035333387608862
2018-12-14,-0.018639859997558128,0.018639859997558128
2018-12-17,-0.018288889810475717,0.018288889810475717
2018-12-18,-0.002957080094626585,0.002957080094626585
2018-12-19,-0.012117617151088944,0.012117617151088944
2018-12-20,-0.013467147023503157,0.013467147023503157
2018-12-21,-0.009421819977610602,-0.009421819977610602
2018-12-24,-0.04763072169248528,-0.04763072169248528
2018-12-26,0.055207373271889404,0.055207373271889404
2018-12-27,0.011136343785483449,0.011136343785483449
2018-12-28,-0.005096531766941692,-0.005096531766941692
2018-12-31,0.010115042326893864,0.010115042326893864
2019-01-02,0.002449716348633224,0.002449716348633224
2019-01-03,-0.02855305466237945,-0.02855305466237945
2019-01-04,0.03248157465024937,0.03248157465024937
2019-01-07,0.0050010686044026365,0.0050010686044026365
2019-01-08,0.009824770330044252,-0.009824770330044252
2019-01-09,0.00366423788063841,-0.00366423788063841
2019-01-10,0.00516156105749066,-0.00516156105749066
2019-01-11,-0.00012524527199098134,0.00012524527199098134
2019-01-14,-0.0034655532359081365,0.0034655532359081365
2019-01-15,0.004902166170863476,-0.004902166170863476
2019-01-16,0.00696297531687784,-0.00696297531687784
2019-01-17,0.007039046002236038,-0.007039046002236038
2019-01-18,0.015048723325521207,-0.015048723325521207
2019-01-22,-0.012030623405031027,0.012030623405031027
2019-01-23,0.006601066010660128,0.006601066010660128
2019-01-24,-0.0037880330740092116,-0.0037880330740092116
2019-01-25,0.009730967372638899,0.009730967372638899
2019-01-28,-0.009029802397149345,-0.009029802397149345
2019-01-29,0.003268908593143438,0.003268908593143438
2019-01-30,0.01690221154237781,0.01690221154237781
2019-01-31,0.000320410124959869,0.000320410124959869
2019-02-01,0.0008007687379885109,0.0008007687379885109
2019-02-04,0.0076812289966394776,0.0076812289966394776
2019-02-05,0.005399396538033896,0.005399396538033896
2019-02-06,0.00011846469752008204,0.00011846469752008204
2019-02-07,-0.007738776799462999,-0.007738776799462999
2019-02-08,-0.001989574628944335,-0.001989574628944335
2019-02-11,-0.0025517323870658526,-0.0025517323870658526
2019-02-12,0.015549426390054855,0.015549426390054855
2019-02-13,0.00322758403526735,0.00322758403526735
2019-02-14,-0.00239328311362208,-0.00239328311362208
2019-02-15,0.018130333897038664,0.018130333897038664
2019-02-19,-0.00019313967861556147,-0.00019313967861556147
2019-02-20,0.0031294672178650007,0.0031294672178650007
2019-02-21,-0.005045447542751491,-0.005045447542751491
2019-02-22,0.0065420198970309595,0.0065420198970309595
2019-02-25,0.0037304822705945817,0.0037304822705945817
2019-02-26,-0.0023755699452086,-0.0023755699452086
2019-02-27,-0.0011137995928870437,-0.0011137995928870437
2019-02-28,-0.0036527222393110126,-0.0036527222393110126
2019-03-01,0.004553698915602311,0.004553698915602311
2019-03-04,-0.008336214513464668,-0.008336214513464668
2019-03-05,0.0005036026962113027,0.0005036026962113027
2019-03-06,-0.006233786347620729,-0.006233786347620729
2019-03-07,-0.007753448141510133,-0.007753448141510133
2019-03-08,0.0010994620489259699,0.0010994620489259699
2019-03-11,0.006197293586977848,0.006197293586977848
2019-03-12,-0.0038981795501500383,-0.0038981795501500383
2019-03-13,0.007122451375572325,0.007122451375572325
2019-03-14,-0.0009714396735962527,-0.0009714396735962527
2019-03-15,0.0019016190198366534,0.0019016190198366534
2019-03-18,0.008001484924197833,0.008001484924197833
2019-03-19,-0.0022722896206431864,-0.0022722896206431864
2019-03-20,-0.006832394039990697,-0.006832394039990697
2019-03-21,0.010960394885149105,0.010960394885149105
2019-03-22,-0.016954365460766563,-0.016954365460766563
2019-03-25,0.00027375831052012245,0.00027375831052012245
2019-03-26,0.0038706650506314944,0.0038706650506314944
2019-03-27,-0.000623150023368102,-0.000623150023368102
2019-03-28,0.0030007794232267404,0.0030007794232267404
2019-03-29,0.007615495201460876,0.007615495201460876
2019-04-01,0.012532294759572737,0.012532294759572737
2019-04-02,-0.0039987813237870595,-0.0039987813237870595
2019-04-03,0.003326578212824449,0.003326578212824449
2019-04-04,0.005640243902439002,0.005640243902439002
2019-04-05,0.0002273760800364233,0.0002273760800364233
2019-04-08,-0.002273243919072465,-0.002273243919072465
2019-04-09,-0.006683375104427736,-0.006683375104427736
2019-04-10,0.0003058337793409027,0.0003058337793409027
2019-04-11,-0.0012611786287548554,-0.0012611786287548554
2019-04-12,0.010523093406803685,0.010523093406803685
2019-04-15,-0.0013253559527416359,-0.0013253559527416359
2019-04-16,0.002805899973457704,0.002805899973457704
2019-04-17,-0.000718417968011531,-0.000718417968011531
2019-04-18,0.005221734523989774,0.005221734523989774
2019-04-22,-0.0019950312429420913,-0.0019950312429420913
2019-04-23,0.004752385622147637,0.004752385622147637
2019-04-24,-0.0036788167724013388,-0.0036788167724013388
2019-04-25,-0.003805433103500233,-0.003805433103500233
2019-04-26,0.0029122541603630037,0.0029122541603630037
2019-04-29,0.0011690613568653418,0.0011690613568653418
2019-04-30,0.001356034352870239,0.001356034352870239
2019-05-01,-0.007297622630153433,-0.007297622630153433
2019-05-02,-0.004736642667677149,-0.004736642667677149
2019-05-03,0.008909194745859494,0.008909194745859494
2019-05-06,-0.0035473036718366435,-0.0035473036718366435
2019-05-07,-0.016360537776936135,-0.016360537776936135
2019-05-08,0.0015785623532129645,0.0015785623532129645
2019-05-09,-0.007611286230491232,-0.007611286230491232
2019-05-10,0.005732878834831201,0.005732878834831201
2019-05-13,-0.026305653982437227,-0.026305653982437227
2019-05-14,0.011431509829516129,0.011431509829516129
2019-05-15,0.004067266327727914,0.004067266327727914
2019-05-16,0.007517332710134772,0.007517332710134772
2019-05-17,-0.003363358719604137,-0.003363358719604137
2019-05-20,-0.003258339798293264,-0.003258339798293264
2019-05-21,0.0069660647571605505,0.0069660647571605505
2019-05-22,-0.004019323671497599,-0.004019323671497599
2019-05-23,-0.011951418260835789,-0.011951418260835789
2019-05-24,0.006165809213368512,0.006165809213368512
2019-05-28,-0.00979703356752537,-0.00979703356752537
2019-05-29,-0.010248728763451509,-0.010248728763451509
2019-05-30,0.0032259349237324653,0.0032259349237324653
2019-05-31,-0.014688368400158747,-0.014688368400158747
2019-06-03,0.0019742143432714965,0.0019742143432714965
2019-06-04,0.019180505850657337,0.019180505850657337
2019-06-05,0.008364238933165069,0.008364238933165069
2019-06-06,0.007316691446905166,0.007316691446905166
2019-06-07,0.010176733346280775,0.010176733346280775
2019-06-10,0.0030376437113084354,0.0030376437113084354
2019-06-11,-0.0008050295177489675,-0.0008050295177489675
2019-06-12,-0.002033378093228455,-0.002033378093228455
2019-06-13,0.004036598493003307,0.004036598493003307
2019-06-14,0.00022973542137294523,0.00022973542137294523
2019-06-17,0.0003062435401752772,0.0003062435401752772
2019-06-18,0.013929815162068149,0.013929815162068149
2019-06-19,0.0012832609926400895,0.0012832609926400895
2019-06-20,0.008820536017188685,0.008820536017188685
2019-06-21,-0.0006508957095616719,-0.0006508957095616719
2019-06-24,0.0006139302952874459,0.0006139302952874459
2019-06-25,-0.007473283013227694,-0.007473283013227694
2019-06-26,-0.00045177320984868263,-0.00045177320984868263
2019-06-27,-0.00015065913370992945,-0.00015065913370992945
2019-06-28,0.0017705115648307679,0.0017705115648307679
2019-07-01,0.004023615237092493,0.004023615237092493
2019-07-02,0.003632958801498054,0.003632958801498054
2019-07-03,0.006455946561182202,0.006455946561182202
2019-07-05,-0.003151649981460891,-0.003151649981460891
2019-07-08,-0.003421982518132749,-0.003421982518132749
2019-07-09,-0.0005225245399917977,-0.0005225245399917977
2019-07-10,0.0030247582060569655,0.0030247582060569655
2019-07-11,0.008078927773641054,0.008078927773641054
2019-07-12,0.008568157476825267,0.008568157476825267
2019-07-15,0.0012083928375261621,0.0012083928375261621
2019-07-16,-0.0005120327700972593,-0.0005120327700972593
2019-07-17,-0.0035494730679156428,-0.0035494730679156428
2019-07-18,-0.0011016855789357516,-0.0011016855789357516
2019-07-19,-0.002610198154479604,-0.002610198154479604
2019-07-22,0.00169553999262817,0.00169553999262817
2019-07-23,0.005445981748601669,0.005445981748601669
2019-07-24,-0.003184014053579265,-0.003184014053579265
2019-07-25,-0.005176781583874912,-0.005176781583874912
2019-07-26,0.0019560082669027867,0.0019560082669027867
2019-07-29,0.0018048546907805108,0.0018048546907805108
2019-07-30,-0.0012500919185234327,-0.0012500919185234327
2019-07-31,-0.011375349727580586,-0.011375349727580586
2019-08-01,-0.011617948240551068,-0.011617948240551068
2019-08-02,-0.00354142335078933,-0.00354142335078933
2019-08-05,-0.03398994290899471,-0.03398994290899471
2019-08-06,0.014637964774951051,0.014637964774951051
2019-08-07,0.0006171887054466918,0.0006171887054466918
2019-08-08,0.016383962991518786,0.016383962991518786
2019-08-09,-0.00367912004551485,-0.00367912004551485
2019-08-12,-0.015265722552154748,-0.015265722552154748
2019-08-13,0.017280705145552355,0.017280705145552355
2019-08-14,-0.03264421980694687,-0.03264421980694687
2019-08-15,0.004714201532115547,0.004714201532115547
2019-08-16,0.012981427174975524,0.012981427174975524
2019-08-19,0.008144516925927325,0.008144516925927325
2019-08-20,-0.007159813155678041,-0.007159813155678041
2019-08-21,0.011376344915352332,0.011376344915352332
2019-08-22,-3.8130099900834935e-05,-3.8130099900834935e-05
2019-08-23,-0.021163012392754976,-0.021163012392754976
2019-08-26,0.010634982469809096,0.010634982469809096
2019-08-27,-0.007670662606483414,-0.007670662606483414
2019-08-28,0.011381292728402714,0.011381292728402714
2019-08-29,0.013096746937051096,0.013096746937051096
2019-08-30,0.001061490636136142,0.001061490636136142
2019-09-03,-0.010755131409528107,-0.010755131409528107
2019-09-04,0.009570476992573296,0.009570476992573296
2019-09-05,0.012475352646746485,0.012475352646746485
2019-09-06,0.004007340549043059,0.004007340549043059
2019-09-09,0.0011936735302895407,0.0011936735302895407
2019-09-10,0.002011922503725838,0.002011922503725838
2019-09-11,0.00929575369971003,0.00929575369971003
2019-09-12,0.0019893899204244114,0.0019893899204244114
2019-09-13,0.0007353481873666468,0.0007353481873666468
2019-09-16,-0.004923212579910352,-0.004923212579910352
2019-09-17,0.0011076650420913658,0.0011076650420913658
2019-09-18,0.0012539647414619992,0.0012539647414619992
2019-09-19,-0.002283777810520138,-0.002283777810520138
2019-09-20,0.002027252316694872,0.002027252316694872
2019-09-23,-0.006555054905151403,-0.006555054905151403
2019-09-24,-0.005377739865741971,-0.005377739865741971
2019-09-25,0.005220374375419556,0.005220374375419556
2019-09-26,-0.002448252837747633,-0.002448252837747633
2019-09-27,-0.0035698348951360703,-0.0035698348951360703
2019-09-30,0.003918495297805746,0.003918495297805746
2019-10-01,-0.014125868926805674,-0.014125868926805674
2019-10-02,-0.02021039930621016,-0.02021039930621016
2019-10-03,0.007504329420819689,0.007504329420819689
2019-10-04,0.013177998472116093,0.013177998472116093
2019-10-07,-0.0032422243166824183,-0.0032422243166824183
2019-10-08,-0.011384696849351283,-0.011384696849351283
2019-10-09,0.0063891652000918064,-0.0063891652000918064
2019-10-10,0.006804789963885227,-0.006804789963885227
2019-10-11,0.010987766198459425,-0.010987766198459425
2019-10-14,-0.001083099906629359,0.001083099906629359
2019-10-15,0.00957152471397582,-0.00957152471397582
2019-10-16,-0.0022961262128731175,0.0022961262128731175
2019-10-17,0.001967334818114397,-0.001967334818114397
2019-10-18,-0.008854147371540777,0.008854147371540777
2019-10-21,0.0016072363011139235,-0.0016072363011139235
2019-10-22,-0.0012687987461282857,0.0012687987461282857
2019-10-23,0.00145723573590395,0.00145723573590395
2019-10-24,-0.0008208342660995793,-0.0008208342660995793
2019-10-25,0.004630321135175475,0.004630321135175475
2019-10-28,0.005538209931608584,0.005538209931608584
2019-10-29,-0.00040660924851221303,-0.00040660924851221303
2019-10-30,0.0033281562014644273,0.0033281562014644273
2019-10-31,-0.005528527200353794,-0.005528527200353794
2019-11-01,0.010266103328144593,0.010266103328144593
2019-11-04,0.004438900913459776,0.004438900913459776
2019-11-05,0.001497443389335329,0.001497443389335329
2019-11-06,0.0003282156011816806,0.0003282156011816806
2019-11-07,0.008640174990885985,0.008640174990885985
2019-11-08,-0.001301189142299486,-0.001301189142299486
2019-11-11,0.000977163331041142,0.000977163331041142
2019-11-12,0.0001807795212958041,0.0001807795212958041
2019-11-13,0.0035426381809637864,0.0035426381809637864
2019-11-14,-0.000540326357119647,-0.000540326357119647
2019-11-15,0.007460534851870593,0.007460534851870593
2019-11-18,0.0019675884520444775,0.0019675884520444775
2019-11-19,-0.004034561553841742,-0.004034561553841742
2019-11-20,-0.0034056282487900935,-0.0034056282487900935
2019-11-21,-0.0018705035971222639,-0.0018705035971222639
2019-11-22,0.004108404209312466,0.004108404209312466
2019-11-25,0.0063527384968775635,0.0063527384968775635
2019-11-26,0.003245479510681548,0.003245479510681548
2019-11-27,0.0006398862424457086,0.0006398862424457086
2019-11-29,-0.00266448770783001,-0.00266448770783001
2019-12-02,-0.010116482028995843,-0.010116482028995843
2019-12-03,-0.010867609485767704,-0.010867609485767704
2019-12-04,0.0056754101939098245,0.0056754101939098245
2019-12-05,0.0012661433274245848,0.0012661433274245848
2019-12-06,0.012139605462822445,0.012139605462822445
2019-12-09,-0.003998000999500206,-0.003998000999500206
2019-12-10,0.0006809547702673058,0.0006809547702673058
2019-12-11,0.00010744600838075158,0.00010744600838075158
2019-12-12,0.007412978083369159,0.007412978083369159
2019-12-13,0.0013152749635634287,0.0013152749635634287
2019-12-16,0.003017608633910873,0.003017608633910873
2019-12-17,0.000814072841822,0.000814072841822
2019-12-18,-0.0003536568114301808,-0.0003536568114301808
2019-12-19,0.004245383145828896,0.004245383145828896
2019-12-20,0.00773550616941443,0.00773550616941443
2019-12-23,-0.0019429802847278355,-0.0019429802847278355
2019-12-24,-0.0014711033274956709,-0.0014711033274956709
2019-12-26,0.0038936438894345837,0.0038936438894345837
2019-12-27,-0.0003144763967993791,-0.0003144763967993791
2019-12-30,-0.005941978329255471,-0.005941978329255471
2019-12-31,0.0023909985935302025,0.0023909985935302025
2020-01-02,0.01168093166830353,0.01168093166830353
2020-01-03,-0.008286813910752033,-0.008286813910752033
2020-01-06,0.0013985036011467944,0.0013985036011467944
2020-01-07,-0.004049996508623699,-0.004049996508623699
2020-01-08,0.008553600224356694,0.008553600224356694
2020-01-09,0.00552659019812296,0.00552659019812296
2020-01-10,-0.005254243147015059,-0.005254243147015059
2020-01-13,0.003266497550126868,0.003266497550126868
2020-01-14,0.00218212046690458,0.00218212046690458
2020-01-15,0.003283334485380429,0.003283334485380429
2020-01-16,0.007268593475490137,0.007268593475490137
2020-01-17,0.0013337893296854197,0.0013337893296854197
2020-01-21,-0.0034154171932101463,-0.0034154171932101463
2020-01-22,-0.001336577675725703,-0.001336577675725703
2020-01-23,-0.0004461221688401018,-0.0004461221688401018
2020-01-24,-0.006660486833522161,-0.006660486833522161
2020-01-27,-0.015622299796080652,-0.015622299796080652
2020-01-28,0.008040448017976987,0.008040448017976987
2020-01-29,0.0,0.0
2020-01-30,0.0028213166144199775,0.0028213166144199775
2020-01-31,-0.020666180403598355,-0.020666180403598355
2020-02-03,0.005851893885657544,0.005851893885657544
2020-02-04,0.015091146292443902,0.015091146292443902
2020-02-05,0.01570044114071356,0.01570044114071356
2020-02-06,0.0029752744434183853,0.0029752744434183853
2020-02-07,-0.009683578832515027,-0.009683578832515027
2020-02-10,0.0069205343616580706,0.0069205343616580706
2020-02-11,-0.0005471020687296546,-0.0005471020687296546
2020-02-12,0.010058503541003905,0.010058503541003905
2020-02-13,-0.003082342580361108,-0.003082342580361108
2020-02-14,-0.0012571350910574042,-0.0012571350910574042
2020-02-18,-0.0062595679537336135,-0.0062595679537336135
2020-02-19,0.004313443565780117,0.004313443565780117
2020-02-20,-0.005658383611139461,-0.005658383611139461
2020-02-21,-0.0065133180213226005,-0.0065133180213226005
2020-02-24,-0.03495393533694491,-0.03495393533694491
2020-02-25,-0.030427631578947345,-0.030427631578947345
2020-02-26,-0.00748607884352992,-0.00748607884352992
2020-02-27,-0.05060563275618635,-0.05060563275618635
2020-02-28,-0.0073575453976205685,-0.0073575453976205685
2020-03-02,0.04352625768806173,0.04352625768806173
2020-03-03,-0.022215505516094858,-0.022215505516094858
2020-03-04,0.04192426584234932,-0.04192426584234932
2020-03-05,-0.033562024847023975,0.033562024847023975
2020-03-06,-0.010399079048349913,0.010399079048349913
2020-03-09,-0.07414013726782742,0.07414013726782742
2020-03-10,0.04070863173765549,-0.04070863173765549
2020-03-11,-0.051269668799549306,0.051269668799549306
2020-03-12,-0.10562036055143165,0.10562036055143165
2020-03-13,0.09025373488261801,-0.09025373488261801
2020-03-16,-0.11262397772750998,0.11262397772750998
2020-03-17,0.02779548017059663,-0.02779548017059663
2020-03-18,-0.04698082609939902,0.04698082609939902
2020-03-19,0.0011010459936939831,-0.0011010459936939831
2020-03-20,0.012624571158076359,-0.012624571158076359
2020-03-23,-0.08681724733533891,0.08681724733533891
2020-03-24,0.11412661512677724,-0.11412661512677724
2020-03-25,0.020283385093167627,-0.020283385093167627
2020-03-26,0.06287453628840489,-0.06287453628840489
2020-03-27,-0.04076427420798279,0.04076427420798279
2020-03-30,0.03405327237953082,-0.03405327237953082
2020-03-31,-0.018766635088194206,0.018766635088194206
2020-04-01,-0.04648062158061694,-0.04648062158061694
2020-04-02,0.025699132111861145,0.025699132111861145
2020-04-03,-0.014854510412259714,-0.014854510412259714
2020-04-06,0.07305434938206812,0.07305434938206812
2020-04-07,0.00013340448239063107,0.00013340448239063107
2020-04-08,0.03356898314881507,0.03356898314881507
2020-04-09,0.016002753161834304,0.016002753161834304
2020-04-13,-0.013083241595393313,-0.013083241595393313
2020-04-14,0.024496975417220845,0.024496975417220845
2020-04-15,-0.02047738693467338,-0.02047738693467338
2020-04-16,0.0006840237698260143,0.0006840237698260143
2020-04-17,0.032127141453411445,0.032127141453411445
2020-04-20,-0.02777432840763272,-0.02777432840763272
2020-04-21,-0.023799386920980936,-0.023799386920980936
2020-04-22,0.018622704871559925,0.018622704871559925
2020-04-23,-0.0008134954615516277,-0.0008134954615516277
2020-04-24,0.013754981360071916,0.013754981360071916
2020-04-27,0.014413728971172546,0.014413728971172546
2020-04-28,0.0019167465311054066,0.0019167465311054066
2020-04-29,0.021667706383863505,0.021667706383863505
2020-04-30,-0.01367744036473173,-0.01367744036473173
2020-05-01,-0.02521667354519186,-0.02521667354519186
2020-05-04,-0.002032262161818843,-0.002032262161818843
2020-05-05,0.008060752619744704,0.008060752619744704
2020-05-06,-0.010437271158621253,-0.010437271158621253
2020-05-07,0.014034789265512604,0.014034789265512604
2020-05-08,0.018579876693369135,0.018579876693369135
2020-05-11,-0.006670509758708754,-0.006670509758708754
2020-05-12,-0.022798872492123978,-0.022798872492123978
2020-05-13,-0.01730720285059817,-0.01730720285059817
2020-05-14,0.015885349218682565,0.015885349218682565
2020-05-15,-0.0007223591399676543,-0.0007223591399676543
2020-05-18,0.04209720627631075,0.04209720627631075
2020-05-19,-0.014240829150854895,-0.014240829150854895
2020-05-20,0.014943290007450871,0.014943290007450871
2020-05-21,-0.00583221175414983,-0.00583221175414983
2020-05-22,0.0019691499835903237,0.0019691499835903237
2020-05-26,0.02366524729773989,0.02366524729773989
2020-05-27,0.021278297736181173,0.021278297736181173
2020-05-28,-0.003015587060390068,-0.003015587060390068
2020-05-29,-0.003103272184467931,-0.003103272184467931
2020-06-01,0.0033493577114036555,0.0033493577114036555
2020-06-02,0.009346895495424778,0.009346895495424778
2020-06-03,0.020505038714446977,0.020505038714446977
2020-06-04,0.0009531798078390441,0.0009531798078390441
2020-06-05,0.0311964346931779,0.0311964346931779
2020-06-08,0.01680703309692677,0.01680703309692677
2020-06-09,-0.009554255821557,-0.009554255821557
2020-06-10,-0.01111355633802813,-0.01111355633802813
2020-06-11,-0.06661473980935428,-0.06661473980935428
2020-06-12,0.01474269819193319,0.01474269819193319
2020-06-15,0.010534147869674104,0.010534147869674104
2020-06-16,0.019957372602208867,0.019957372602208867
2020-06-17,-0.0064589665653495,-0.0064589665653495
2020-07-02,0.0071945259042032195,0.0071945259042032195
2020-07-06,0.016304980783415468,0.016304980783415468
2020-07-07,-0.015623209442683028,-0.015623209442683028
2020-07-08,0.007722157547535913,0.007722157547535913
2020-07-09,-0.01532596557433863,-0.01532596557433863
2020-07-10,0.01587736107309068,0.01587736107309068
2020-07-13,-0.0003464603302921754,-0.0003464603302921754
2020-07-14,0.020140172520024535,0.020140172520024535
2020-07-15,0.010343135404476955,0.010343135404476955
2020-07-16,-0.007920792079207928,-0.007920792079207928
2020-07-17,-0.0012427974240198925,-0.0012427974240198925
2020-07-20,0.004260935143288069,0.004260935143288069
2020-07-21,0.003491908534524857,0.003491908534524857
2020-07-22,0.00591184614233331,0.00591184614233331
2020-07-23,-0.012684124386251994,-0.012684124386251994
2020-07-24,-0.008326112346004555,-0.008326112346004555
2020-07-27,0.0061545475267836824,0.0061545475267836824
2020-07-28,-0.00706086693852892,-0.00706086693852892
2020-07-29,0.005437882648210879,0.005437882648210879
2020-07-30,-0.008396369137670168,-0.008396369137670168
2020-07-31,0.003852315203295431,0.003852315203295431
2020-08-03,0.009080892131160034,0.009080892131160034
2020-08-04,0.005986896603659808,0.005986896603659808
2020-08-05,0.012651121009095379,0.012651121009095379
2020-08-06,0.008501201256699398,0.008501201256699398
2020-08-07,0.001759208356239661,0.001759208356239661
2020-08-10,0.01265869095964578,0.01265869095964578
2020-08-11,-0.002348350735214444,-0.002348350735214444
2020-08-12,0.009125805750706206,0.009125805750706206
2020-08-13,-0.001543099117203739,-0.001543099117203739
2020-08-14,-0.001114186105021009,-0.001114186105021009
2020-08-17,-0.0006116868163500433,-0.0006116868163500433
2020-08-18,-0.0020882088208821203,-0.0020882088208821203
2020-08-19,-0.003066709961395575,-0.003066709961395575
2020-08-20,0.001339027214823485,0.001339027214823485
2020-08-21,0.0068668907441540306,0.0068668907441540306
2020-08-24,0.013640116299938887,0.013640116299938887
2020-08-25,-0.0016289528666029174,-0.0016289528666029174
2020-08-26,0.004220905898627336,0.004220905898627336
2020-08-27,0.005510031082226696,0.005510031082226696
2020-08-28,0.00502318392581147,0.00502318392581147
2020-08-31,-0.006815560448778402,-0.006815560448778402
2020-09-01,0.007249436936936915,0.007249436936936915
2020-09-02,0.01635105862623165,0.01635105862623165
2020-09-03,-0.025403918872464737,-0.025403918872464737
2020-09-04,-0.009770378469895258,-0.009770378469895258
2020-09-08,-0.01955546056849755,-0.01955546056849755
2020-09-09,0.01623978201634868,0.01623978201634868
2020-09-10,-0.015265265265265282,-0.015265265265265282
2020-09-11,0.0024323833726629385,0.0024323833726629385
2020-09-14,0.013798348544111327,0.013798348544111327
2020-09-15,0.0012145893616262171,0.0012145893616262171
2020-09-16,0.0009633567631213147,0.0009633567631213147
2020-09-17,-0.004134882726170908,-0.004134882726170908
2020-09-18,-0.004678188086119306,-0.004678188086119306
2020-09-21,-0.027054074293944574,-0.027054074293944574
2020-09-22,0.003252633524302384,0.003252633524302384
2020-09-23,-0.016873595402129515,-0.016873595402129515
2020-09-24,0.0011242270938729426,0.0011242270938729426
2020-09-25,0.012277746584316018,0.012277746584316018
2020-09-28,0.016233406057020394,0.016233406057020394
2020-09-29,-0.0026926715668437184,-0.0026926715668437184
2020-09-30,0.009340338587273678,0.009340338587273678
2020-10-01,0.0009037015615962485,0.0009037015615962485
2020-10-02,-0.004478312687348773,-0.004478312687348773
2020-10-05,0.015599492109559243,0.015599492109559243
2020-10-06,-0.01053759599928561,-0.01053759599928561
2020-10-07,0.017292418772563156,0.017292418772563156
2020-10-08,0.004648851981972291,0.004648851981972291
2020-10-09,0.007347227128223333,0.007347227128223333
2020-10-12,0.009818360333824216,0.009818360333824216
2020-10-13,-0.0073963469685395244,-0.0073963469685395244
2020-10-14,-0.005982158474724497,-0.005982158474724497
2020-10-15,-0.0009854297177447346,-0.0009854297177447346
2020-10-16,0.0007750299443387565,0.0007750299443387565
2020-10-19,-0.010842016333427185,-0.010842016333427185
2020-10-20,0.002918149466192066,0.002918149466192066
2020-10-21,-0.0017032148179688678,-0.0017032148179688678
2020-10-22,0.0047629203099452955,0.0047629203099452955
2020-10-23,-0.0027946794962502297,-0.0027946794962502297
2020-10-26,-0.021568697009471727,-0.021568697009471727
2020-10-27,-0.007831478191508645,-0.007831478191508645
2020-10-28,-0.03493513612278454,-0.03493513612278454
2020-10-29,0.00560415010034454,0.00560415010034454
2020-10-30,-0.006137741461761492,-0.006137741461761492
2020-11-02,0.01523073425778576,0.01523073425778576
2020-11-03,0.02164502164502169,0.02164502164502169
2020-11-04,0.013113676212741066,0.013113676212741066
2020-11-05,0.020263205336217727,0.020263205336217727
2020-11-06,-0.003286567480651703,-0.003286567480651703
2020-11-09,0.029924833356970604,0.029924833356970604
2020-11-10,0.00932938584412013,0.00932938584412013
2020-11-11,-0.00027286060233977505,-0.00027286060233977505
2020-11-12,-0.0108832861383098,-0.0108832861383098
2020-11-13,0.014417770419426157,0.014417770419426157
2020-11-16,0.015470928255695293,0.015470928255695293
2020-11-17,-0.0048551816507617085,-0.0048551816507617085
2020-11-18,-0.011069986541049848,-0.011069986541049848
2020-11-19,0.0017692490898575386,0.0017692490898575386
2020-11-20,-0.007845667900689413,-0.007845667900689413
2020-11-23,0.011433657401068054,0.011433657401068054
2020-11-24,0.015298179110539545,0.015298179110539545
2020-11-25,-0.005667044469631288,-0.005667044469631288
2020-11-27,0.0015421751374546933,0.0015421751374546933
2020-11-30,-0.008201111334270594,-0.008201111334270594
2020-12-01,0.005906375510479567,0.005906375510479567
2020-12-02,0.0021473627700980824,0.0021473627700980824
2020-12-03,0.0021427614838622766,0.0021427614838622766
2020-12-04,0.008886810102899823,0.008886810102899823
2020-12-07,-0.004669183389628406,-0.004669183389628406
2020-12-08,0.003759523571880141,-0.003759523571880141
2020-12-09,-0.0035465694398408854,0.0035465694398408854
2020-12-10,-0.0017629644413398315,0.0017629644413398315
2020-12-11,0.0007664111962679687,-0.0007664111962679687
2020-12-14,-0.005593846768554567,0.005593846768554567
2020-12-15,0.011317595847982531,-0.011317595847982531
2020-12-16,-0.001390590338708031,0.001390590338708031
2020-12-17,0.004376512715095648,-0.004376512715095648
2020-12-18,0.002314375433268401,-0.002314375433268401
2020-12-21,-0.008237278070273413,0.008237278070273413
2020-12-22,-0.0066748580347357755,-0.0066748580347357755
2020-12-23,0.004078630649906323,0.004078630649906323
2020-12-24,0.002497169874142724,0.002497169874142724
2020-12-28,0.006509681490584285,0.006509681490584285
2020-12-29,-0.0022108562943408128,-0.0022108562943408128
2020-12-30,0.0021165420993451978,0.0021165420993451978
2020-12-31,0.006435218797439024,0.006435218797439024
2021-01-04,-0.012886513427550206,-0.012886513427550206
2021-01-05,0.006012490034546847,0.006012490034546847
2021-01-06,0.014363546310054431,0.014363546310054431
2021-01-07,0.007226562500000089,0.007226562500000089
2021-01-08,0.0016482451037425072,0.0016482451037425072
2021-01-11,-0.002936146871874268,-0.002936146871874268
2021-01-12,0.0023299462817940597,0.0023299462817940597
2021-01-13,-0.0004842771356621256,-0.0004842771356621256
2021-01-14,-0.0016150392454536977,-0.0016150392454536977
2021-01-15,-0.00611472386683487,-0.00611472386683487
2021-01-19,0.003515624999999911,0.003515624999999911
2021-01-20,0.008693395614376431,0.008693395614376431
2021-01-21,-0.0004502186776433881,-0.0004502186776433881
2021-01-22,-0.005565922398816037,-0.005565922398816037
2021-01-25,-0.0013264744896308578,-0.0013264744896308578
2021-01-26,-0.0008422962291045888,-0.0008422962291045888
2021-01-27,-0.02117242720964918,-0.02117242720964918
2021-01-28,0.010533638080095331,0.010533638080095331
2021-01-29,-0.020585439407349138,-0.020585439407349138
2021-02-01,0.007731182435824602,0.007731182435824602
2021-02-02,0.015808701428096983,0.015808701428096983
2021-02-03,0.0013404825737264314,0.0013404825737264314
2021-02-04,0.010546250040813554,0.010546250040813554
2021-02-05,0.0029725363489498946,0.0029725363489498946
2021-02-08,0.007280458733329054,0.007280458733329054
2021-02-09,0.00031981578610729144,0.00031981578610729144
2021-02-10,0.001598567683355645,0.001598567683355645
2021-02-11,0.0009895301327884631,0.0009895301327884631
2021-02-12,0.0012117733346088677,0.0012117733346088677
2021-02-16,0.0019428607828773092,0.0019428607828773092
2021-02-17,0.0028927458834000497,0.0028927458834000497
2021-02-18,-0.0037402136359313554,-0.0037402136359313554
2021-02-19,6.363144666088338e-05,6.363144666088338e-05
2021-02-22,0.0010498520662998168,0.0010498520662998168
2021-02-23,0.0008262886925569646,0.0008262886925569646
2021-02-24,0.013463736822050043,0.013463736822050043
2021-02-25,-0.017076074696077193,-0.017076074696077193
2021-02-26,-0.01463134742277905,-0.01463134742277905
2021-03-01,0.01931288819875787,0.01931288819875787
2021-03-02,-0.004792281570344947,-0.004792281570344947
2021-03-03,-0.003890554244530886,-0.003890554244530886
2021-03-04,-0.011461134588295563,-0.011461134588295563
2021-03-05,0.019010298594468455,0.019010298594468455
2021-03-08,0.00988399809311935,0.00988399809311935
2021-03-09,0.0011014602215508873,0.0011014602215508873
2021-03-10,0.014711892112791114,0.014711892112791114
2021-03-11,0.006195978809752534,0.006195978809752534
2021-03-12,0.009021213707318676,0.009021213707318676
2021-03-15,0.00564506285853783,0.00564506285853783
2021-03-16,-0.003701793245744489,-0.003701793245744489
2021-03-17,0.005542865844373468,0.005542865844373468
2021-03-18,-0.004149377593360981,-0.004149377593360981
2021-03-19,-0.0021940579379562397,-0.0021940579379562397
2021-03-22,-0.00575652842330554,-0.00575652842330554
2021-03-23,-0.009595634446181722,-0.009595634446181722
2021-03-24,0.0004024020305826159,0.0004024020305826159
2021-03-25,0.005631362356508518,0.005631362356508518
2021-03-26,0.013938032675917755,0.013938032675917755
2021-03-29,0.0023669357285913684,0.0023669357285913684
2021-03-30,-0.003239283119399361,-0.003239283119399361
2021-03-31,-0.0008200455580865684,-0.0008200455580865684
2021-04-01,0.004225180862058586,0.004225180862058586
2021-04-05,0.011441716862911289,0.011441716862911289
2021-04-06,-0.0029926679634894038,-0.0029926679634894038
2021-04-07,0.0003902146180398969,0.0003902146180398969
2021-04-08,0.0018602976476236321,0.0018602976476236321
2021-04-09,0.00874513327343518,0.00874513327343518
2021-04-12,-0.0015141618668724766,-0.0015141618668724766
2021-04-13,-0.0018138027415182112,-0.0018138027415182112
2021-04-14,0.0016085790884718953,0.0016085790884718953
2021-04-15,0.008892457768260753,0.008892457768260753
2021-04-16,0.0046576069333490455,0.0046576069333490455
2021-04-19,-0.003609049030251499,-0.003609049030251499
2021-04-20,-0.007509276164674006,-0.007509276164674006
2021-04-21,0.00928700709135688,0.00928700709135688
2021-04-22,-0.009025164628410187,-0.009025164628410187
2021-04-23,0.006882434958022987,0.006882434958022987
2021-04-26,-0.0018856250552429232,-0.0018856250552429232
2021-04-27,0.00017711131446107586,0.00017711131446107586
2021-04-28,-0.004692618717350938,-0.004692618717350938
2021-04-29,0.006731111374688625,0.006731111374688625
2021-04-30,-0.005419575270242394,-0.005419575270242394
2021-05-03,0.007137145734000594,0.007137145734000594
2021-05-04,0.0003528581510232609,0.0003528581510232609
2021-05-05,0.0028806584362139898,0.0028806584362139898
2021-05-06,0.009496453484963974,0.009496453484963974
2021-05-07,0.007084373729748572,0.007084373729748572
2021-05-10,-0.0005189413596263792,-0.0005189413596263792
2021-05-11,-0.013989846544363638,-0.013989846544363638
2021-05-12,-0.01974665769534567,-0.01974665769534567
2021-05-13,0.01283275635669101,0.01283275635669101
2021-05-14,0.011196888443632425,0.011196888443632425
2021-05-17,-0.001806632088117044,-0.001806632088117044
2021-05-18,-0.007589911256422277,-0.007589911256422277
2021-05-19,-0.0048535121779033075,-0.0048535121779033075
2021-05-20,0.005823061688983389,0.005823061688983389
2021-05-21,0.003673445397907704,0.003673445397907704
2021-05-24,0.00582672093227532,0.00582672093227532
2021-05-25,-0.0023579413134606764,-0.0023579413134606764
2021-05-26,0.0002626127046190252,0.0002626127046190252
2021-05-27,0.004579929988331344,0.004579929988331344
2021-05-28,0.0022069285942445394,0.0022069285942445394
2021-06-01,0.0010720598035522944,0.0010720598035522944
2021-06-02,0.0011577424023154759,0.0011577424023154759
2021-06-03,-0.0006649320612893694,-0.0006649320612893694
2021-06-04,0.005062631990048416,0.005062631990048416
2021-06-07,-0.003626734212192728,-0.003626734212192728
2021-06-08,-0.0008666512595331133,-0.0008666512595331133
2021-06-09,-0.004308101543977316,-0.004308101543977316
2021-06-10,0.0006969248192352229,0.0006969248192352229
2021-06-11,2.901831055401871e-05,2.901831055401871e-05
2021-06-14,-0.0023504149497998172,-0.0023504149497998172
2021-06-15,-0.0027049824030714875,-0.0027049824030714875
2021-06-16,-0.007903639757349534,-0.007903639757349534
2021-06-17,-0.00623217802863274,-0.00623217802863274
2021-06-18,-0.011268442168318349,-0.011268442168318349
2021-06-21,0.010080450536091412,0.010080450536091412
2021-06-22,0.0021918782026599803,0.0021918782026599803
2021-06-23,-0.0022461947687305583,-0.0022461947687305583
2021-06-24,0.00956781895198322,0.00956781895198322
2021-06-25,0.00736459127985456,0.00736459127985456
2021-06-28,-0.004922377887163987,-0.004922377887163987
2021-06-29,0.00017562346329480505,0.00017562346329480505
2021-06-30,0.006701785191688625,0.006701785191688625
2021-07-01,0.0033431204395477643,0.0033431204395477643
2021-07-02,0.004722721214579506,0.004722721214579506
2021-07-06,-0.006257750093722092,-0.006257750093722092
2021-07-07,0.0031340684852001477,0.0031340684852001477
2021-07-08,-0.007926405924554514,-0.007926405924554514
2021-07-09,0.013325946229661101,0.013325946229661101
2021-07-12,0.003568242640499486,0.003568242640499486
2021-07-13,-0.002838709677419393,-0.002838709677419393
2021-07-14,0.0011502185415228627,0.0011502185415228627
2021-07-15,0.0013786764705883137,0.0013786764705883137
2021-07-16,-0.00860486461679666,-0.00860486461679666
2021-07-19,-0.02097558152991552,-0.02097558152991552
2021-07-20,0.016578504092910507,0.016578504092910507
2021-07-21,0.008401162790697692,0.008401162790697692
2021-07-22,0.0005765516446136765,0.0005765516446136765
2021-07-23,0.006972255034717323,0.006972255034717323
2021-07-26,0.0023747532259448256,0.0023747532259448256
2021-07-27,-0.002312039732831006,-0.002312039732831006
2021-07-28,-0.003404571853631966,-0.003404571853631966
2021-07-29,0.0040190618361370944,0.0040190618361370944
2021-07-30,-0.0040601589752387035,-0.0040601589752387035
2021-08-02,-0.0031867248507120305,-0.0031867248507120305
2021-08-03,0.007977880821404826,0.007977880821404826
2021-08-04,-0.008800502885879191,-0.008800502885879191
2021-08-05,0.00729316805995972,0.00729316805995972
2021-08-06,0.004235469192685137,0.004235469192685137
2021-08-09,-0.002650252201419123,-0.002650252201419123
2021-08-10,0.004485970626892932,0.004485970626892932
2021-08-11,0.006172663916939269,0.006172663916939269
2021-08-12,0.0008481284631911556,0.0008481284631911556
2021-08-13,0.0005084458505169032,0.0005084458505169032
2021-08-16,0.003218520609824971,0.003218520609824971
2021-08-17,-0.00773906680925307,-0.00773906680925307
2021-08-18,-0.010550497745256515,-0.010550497745256515
2021-08-19,-0.0019778140854759263,-0.0019778140854759263
2021-08-20,0.006892986386351829,0.006892986386351829
2021-08-23,0.006360887671858162,0.006360887671858162
2021-08-24,0.0009353476375386638,0.0009353476375386638
2021-08-25,0.0013025995355948616,0.0013025995355948616
2021-08-26,-0.005656108597285048,-0.005656108597285048
2021-08-27,0.006911262798634743,0.006911262798634743
2021-08-30,-0.0014405558850945077,-0.0014405558850945077
2021-08-31,-0.00033944331296675845,-0.00033944331296675845
2021-09-01,-0.0014148273910582487,-0.0014148273910582487
2021-09-02,0.003797109662794007,0.003797109662794007
2021-09-03,-0.0020042908762420986,-0.0020042908762420986
2021-09-07,-0.007410969366107523,-0.007410969366107523
2021-09-08,-0.0022512895044313197,-0.0022512895044313197
2021-09-09,-0.004055752313492533,-0.004055752313492533
2021-09-10,-0.007542299971322053,-0.007542299971322053
2021-09-13,0.007599618574276823,0.007599618574276823
2021-09-14,-0.008230570691138528,-0.008230570691138528
2021-09-15,0.006824162160599112,0.006824162160599112
2021-09-16,-0.002010396622533661,-0.002010396622533661
2021-09-17,-0.0015021790195400841,-0.0015021790195400841
2021-09-20,-0.02472276296186804,-0.02472276296186804
2021-09-21,-0.0012116197287154185,-0.0012116197287154185
2021-09-22,0.009793478904077224,0.009793478904077224
2021-09-23,0.015089806323068444,0.015089806323068444
2021-09-24,0.0008659508139936545,0.0008659508139936545
2021-09-27,0.001989963661533034,0.001989963661533034
2021-09-28,-0.0163486169875946,-0.0163486169875946
2021-09-29,0.0026335040234088947,0.0026335040234088947
2021-09-30,-0.01584707427404053,-0.01584707427404053
2021-10-01,0.013196133088191786,0.013196133088191786
2021-10-04,-0.008692598120993988,-0.008692598120993988
2021-10-05,0.009241216415707187,0.009241216415707187
2021-10-06,0.0031594652312552096,0.0031594652312552096
2021-10-07,0.010119273278702767,0.010119273278702767
2021-10-08,-0.00034644032565389615,-0.00034644032565389615
2021-10-11,-0.007220008086409102,-0.007220008086409102
2021-10-12,-0.003374447288806093,-0.003374447288806093
2021-10-13,-8.756567425571848e-05,-8.756567425571848e-05
2021-10-14,0.015383717196485458,0.015383717196485458
2021-10-15,0.011125804967801356,0.011125804967801356
2021-10-18,-0.0010804355861363524,-0.0010804355861363524
2021-10-19,0.005408020948965309,0.005408020948965309
2021-10-20,0.004359765591823939,0.004359765591823939
2021-10-21,8.456182879057472e-05,8.456182879057472e-05
2021-10-22,0.002170236753100241,0.002170236753100241
2021-10-25,0.0017718030205022828,0.0017718030205022828
2021-10-26,0.0006737787759685254,0.0006737787759685254
2021-10-27,-0.007154079227920551,-0.007154079227920551
2021-10-28,0.006329650456356584,0.006329650456356584
2021-10-29,0.0025552466795832895,0.0025552466795832895
2021-11-01,0.0026887743670176434,0.0026887743670176434
2021-11-02,0.0038547486033519984,0.0038547486033519984
2021-11-03,0.0026990928821859494,0.0026990928821859494
2021-11-04,-0.0007215207437213378,-0.0007215207437213378
2021-11-05,0.005720792024216159,0.005720792024216159
2021-11-08,0.002678448156841151,0.002678448156841151
2021-11-09,-0.0028365278695747786,-0.0028365278695747786
2021-11-10,-0.005992985169433029,-0.005992985169433029
2021-11-11,-0.004528784174260947,-0.004528784174260947
2021-11-12,0.005135504758714937,0.005135504758714937
2021-11-15,-0.00011107100213814114,-0.00011107100213814114
2021-11-16,0.0014440834235884825,0.0014440834235884825
2021-11-17,-0.005379773162141888,-0.005379773162141888
2021-11-18,-0.0015613237795187862,-0.0015613237795187862
2021-11-19,-0.007316187763536375,-0.007316187763536375
2021-11-22,0.0006188641030691056,0.0006188641030691056
2021-11-23,0.005481993758960968,0.005481993758960968
2021-11-24,-0.0004753117485880587,-0.0004753117485880587
2021-11-26,-0.024923774091582973,-0.024923774091582973
2021-11-29,0.006282632394285281,0.006282632394285281
2021-11-30,-0.017675399834649497,-0.017675399834649497
2021-12-01,-0.013204864033433017,-0.013204864033433017
2021-12-02,0.01823422151638132,0.01823422151638132
2021-12-03,-0.0016174686615446632,-0.0016174686615446632
2021-12-06,0.018688885031533875,-0.018688885031533875
2021-12-07,0.01422810405543573,-0.01422810405543573
2021-12-08,0.0009240332651976324,-0.0009240332651976324
2021-12-09,0.00019582610641744047,-0.00019582610641744047
2021-12-10,0.005985511705311364,-0.005985511705311364
2021-12-13,-0.008952651041232218,0.008952651041232218
2021-12-14,-0.002609061579464167,0.002609061579464167
2021-12-15,0.010519801980197974,-0.010519801980197974
2021-12-16,-0.0006680398597116444,0.0006680398597116444
2021-12-17,-0.006300789301431631,0.006300789301431631
2021-12-20,-0.024184162009380894,-0.024184162009380894
2021-12-21,0.016315744118576392,0.016315744118576392
2021-12-22,0.007094203103360508,0.007094203103360508
2021-12-23,0.0056129321957791856,0.0056129321957791856
2021-12-27,0.009656173252958311,0.009656173252958311
2021-12-28,0.0028746752169825918,0.0028746752169825918
2021-12-29,0.0027286257648420076,0.0027286257648420076
2021-12-30,-0.002473818751546175,-0.002473818751546175
2021-12-31,-0.0017910776776611792,-0.0017910776776611792
2022-01-03,0.006321426599679825,0.006321426599679825
2022-01-04,0.006034837470854537,0.006034837470854537
2022-01-05,-0.010470347648261713,-0.010470347648261713
2022-01-06,-0.004629246920724195,-0.004629246920724195
2022-01-07,-0.0004429310965312627,-0.0004429310965312627
2022-01-10,-0.004292796410668265,-0.004292796410668265
2022-01-11,0.004895416110369366,0.004895416110369366
2022-01-12,0.0008857395925598865,0.0008857395925598865
2022-01-13,-0.004728982300884921,-0.004728982300884921
2022-01-14,-0.005362749729083904,-0.005362749729083904
2022-01-18,-0.01500167616493464,-0.01500167616493464
2022-01-19,-0.0098981820244477,-0.0098981820244477
2022-01-20,-0.0084216556860498,-0.0084216556860498
2022-01-21,-0.0132597642708574,-0.0132597642708574
2022-01-24,0.002810551277922624,0.002810551277922624
2022-01-25,-0.0019852275713075906,-0.0019852275713075906
2022-01-26,-0.0038028375018283045,-0.0038028375018283045
2022-01-27,-0.0003523711642930971,-0.0003523711642930971
2022-01-28,0.016214787180918178,0.016214787180918178
2022-01-31,0.011620176326058607,0.011620176326058607
2022-02-01,0.00791496413978332,0.00791496413978332
2022-02-02,0.00618018937461029,0.00618018937461029
2022-02-03,-0.01467936436380024,-0.01467936436380024
2022-02-04,0.00020016585170568035,0.00020016585170568035
2022-02-07,-0.0002573045914574523,-0.0002573045914574523
2022-02-08,0.010666590408647592,0.010666590408647592
2022-02-09,0.008460189010242702,0.008460189010242702
2022-02-10,-0.0140849022193541,-0.0140849022193541
2022-02-11,-0.014570704914767085,-0.014570704914767085
2022-02-14,-0.0045051549368989585,-0.0045051549368989585
2022-02-15,0.012561283397638512,0.012561283397638512
2022-02-16,-0.0015184506073802062,-0.0015184506073802062
2022-02-17,-0.017790020372442705,-0.017790020372442705
2022-02-18,-0.006543776109374511,-0.006543776109374511
2022-02-22,-0.014173552503896292,-0.014173552503896292
2022-02-23,-0.013691275167785233,-0.013691275167785233
2022-02-24,0.0027218290691344293,0.0027218290691344293
2022-02-25,0.02527446012788026,0.02527446012788026
2022-02-28,-0.00453021121374364,-0.00453021121374364
2022-03-01,-0.01693262411347518,-0.01693262411347518
2022-03-02,0.01749481468121572,0.01749481468121572
2022-03-03,-0.0032792696977753666,0.0032792696977753666
2022-03-04,-0.0045942260952042124,0.0045942260952042124
2022-03-07,-0.02385135336330879,0.02385135336330879
2022-03-08,-0.005490818131901665,0.005490818131901665
2022-03-09,0.020336175694742664,-0.020336175694742664
2022-03-10,-0.0033969637757402804,0.0033969637757402804
2022-03-11,-0.006847249034748981,0.006847249034748981
2022-03-14,0.000577069096431293,-0.000577069096431293
2022-03-15,0.017848470131131666,-0.017848470131131666
2022-03-16,0.01571633066921141,-0.01571633066921141
2022-03-17,0.01180304765260276,-0.01180304765260276
2022-03-18,-0.0013737222875134236,0.0013737222875134236
2022-03-21,0.0006491562841199894,-0.0006491562841199894
2022-03-22,0.007927750029039338,-0.007927750029039338
2022-03-23,-0.013224235788988459,0.013224235788988459
2022-03-24,0.01033576642335765,-0.01033576642335765
2022-03-25,0.004479250953646874,-0.004479250953646874
2022-03-28,0.0027043355677667247,-0.0027043355677667247
2022-03-29,0.009669181992941756,-0.009669181992941756
2022-03-30,-0.002074452969593632,0.002074452969593632
2022-03-31,-0.014209642053706228,-0.014209642053706228
2022-04-01,0.002888670633774293,0.002888670633774293
2022-04-04,0.0031971887781554464,0.0031971887781554464
2022-04-05,-0.008010565907720535,-0.008010565907720535
2022-04-06,-0.0043704775687409825,-0.0043704775687409825
2022-04-07,0.0026454257391204106,0.0026454257391204106
2022-04-08,0.003566251087271599,0.003566251087271599
2022-04-11,-0.01138300638488432,-0.01138300638488432
2022-04-12,-0.0023378824629591843,-0.0023378824629591843
2022-04-13,0.010047160139430078,0.010047160139430078
2022-04-14,-0.0035960791137404913,-0.0035960791137404913
2022-04-18,-0.0013097386343792206,-0.0013097386343792206
2022-04-19,0.015387753912511348,0.015387753912511348
2022-04-20,0.006831032404351234,0.006831032404351234
2022-04-21,-0.010547621083839331,-0.010547621083839331
2022-04-22,-0.028263562764700767,-0.028263562764700767
2022-04-25,0.007026802656546538,0.007026802656546538
2022-04-26,-0.02370086854114528,-0.02370086854114528
2022-04-27,0.0019903498190592117,0.0019903498190592117
2022-04-28,0.018118341058207532,0.018118341058207532
2022-04-29,-0.02796499940877384,0.02796499940877384
2022-05-02,0.002980353993066176,-0.002980353993066176
2022-05-03,0.0016070345664038754,-0.0016070345664038754
2022-05-04,0.02833530106257376,-0.02833530106257376
2022-05-05,-0.031175483529100045,0.031175483529100045
2022-05-06,-0.0030689759951382234,0.0030689759951382234
2022-05-09,-0.01975067816757592,0.01975067816757592
2022-05-10,-0.002300923478747552,0.002300923478747552
2022-05-11,-0.010720852681771476,0.010720852681771476
2022-05-12,-0.0028667737768957036,0.0028667737768957036
2022-05-13,0.014785795526349066,-0.014785795526349066
2022-05-16,0.0012141967621419614,-0.0012141967621419614
2022-05-17,0.013122298578935876,-0.013122298578935876
2022-05-18,-0.03502041066879469,0.03502041066879469
2022-05-19,-0.007569974554707426,0.007569974554707426
2022-05-20,0.00035254150374974813,-0.00035254150374974813
2022-05-23,0.02005574600326776,-0.02005574600326776
2022-05-24,0.0012877288859574065,-0.0012877288859574065
2022-05-25,0.006148055207026326,-0.006148055207026326
2022-05-26,0.016336201521386817,-0.016336201521386817
2022-05-27,0.017116564417178015,-0.017116564417178015
2022-05-31,-0.005639664635985309,0.005639664635985309
2022-06-01,-0.005247035273422074,0.005247035273422074
2022-06-02,0.012958107201658686,-0.012958107201658686
2022-06-03,-0.010083375974475506,0.010083375974475506
2022-06-06,0.0007297494526878889,-0.0007297494526878889
2022-06-07,0.0076871657754009615,-0.0076871657754009615
2022-06-08,-0.008322026232474022,0.008322026232474022
2022-06-09,-0.019033719480677447,0.019033719480677447
2022-06-10,-0.027120850509872008,0.027120850509872008
2022-06-13,-0.027430865298840312,0.027430865298840312
2022-06-14,-0.0049791987420971795,0.0049791987420971795
2022-06-15,0.00941563786008226,-0.00941563786008226
2022-06-16,-0.02390659143537388,0.02390659143537388
2022-06-17,-0.004070119850140386,0.004070119850140386
2022-06-21,0.024116150372238687,-0.024116150372238687
2022-06-22,-0.0017690417690418014,0.0017690417690418014
2022-06-23,0.006596435955498636,-0.006596435955498636
2022-06-24,0.026571465832029295,-0.026571465832029295
2022-06-27,-0.0020961031536824715,0.0020961031536824715
2022-06-28,-0.015531014289806189,0.015531014289806189
2022-06-29,0.0021336436815051485,-0.0021336436815051485
2022-06-30,-0.00703248491886832,0.00703248491886832
2022-07-01,0.009096520580877732,-0.009096520580877732
2022-07-05,-0.004024339203502758,0.004024339203502758
2022-07-06,0.0024890095681406876,-0.0024890095681406876
2022-07-07,0.011414568084351817,-0.011414568084351817
2022-07-08,-0.0018171964166161514,0.0018171964166161514
2022-07-11,-0.005429575215586069,0.005429575215586069
2022-07-12,-0.005587668593448947,0.005587668593448947
2022-07-13,-0.0067170445004197665,0.0067170445004197665
2022-07-14,-0.005006827492034627,0.005006827492034627
2022-07-15,0.02101032544765391,-0.02101032544765391
2022-07-18,-0.0064006144589880964,0.0064006144589880964
2022-07-19,0.023963667987245252,-0.023963667987245252
2022-07-20,0.0019502374885973506,-0.0019502374885973506
2022-07-21,0.00483470944651998,-0.00483470944651998
2022-07-22,-0.004124097853594577,0.004124097853594577
2022-07-25,0.0028862745098039433,-0.0028862745098039433
2022-07-26,-0.00735133106015573,0.00735133106015573
2022-07-27,0.013866128828942337,0.013866128828942337
2022-07-28,0.009884371503170453,0.009884371503170453
2022-07-29,0.010310864881502013,0.010310864881502013
2022-08-01,-0.0017669459253617514,-0.0017669459253617514
2022-08-02,-0.012268440809350856,-0.012268440809350856
2022-08-03,0.012513517688861331,0.012513517688861331
2022-08-04,-0.002715898687824181,-0.002715898687824181
2022-08-05,0.0023255102353048063,0.0023255102353048063
2022-08-08,0.0010684739139725785,0.0010684739139725785
2022-08-09,-0.001677238350817234,-0.001677238350817234
2022-08-10,0.015975807190640623,0.015975807190640623
2022-08-11,0.001322910402886457,0.001322910402886457
2022-08-12,0.012430939226519389,0.012430939226519389
2022-08-15,0.0045969511833441334,0.0045969511833441334
2022-08-16,0.007232899359371769,0.007232899359371769
2022-08-17,-0.0045430564511401705,-0.0045430564511401705
2022-08-18,0.0005299885169154361,0.0005299885169154361
2022-08-19,-0.008092757717548027,-0.008092757717548027
2022-08-22,-0.019284400403489,-0.019284400403489
2022-08-23,-0.004689012584704777,-0.004689012584704777
2022-08-24,0.0017324701376857377,0.0017324701376857377
2022-08-25,0.009557618787547684,0.009557618787547684
2022-08-26,-0.030354942445826927,-0.030354942445826927
2022-08-29,-0.0058271084524067485,-0.0058271084524067485
2022-08-30,-0.009353078721745955,-0.009353078721745955
2022-08-31,-0.007647521636506727,-0.007647521636506727
2022-09-01,0.004154509704427323,0.004154509704427323
2022-09-02,-0.011085494109844274,-0.011085494109844274
2022-09-06,-0.004662749105774133,-0.004662749105774133
2022-09-07,0.013187447859847268,0.013187447859847268
2022-09-08,0.005985369097760929,0.005985369097760929
2022-09-09,0.012529119184033322,0.012529119184033322
2022-09-12,0.006902126601169067,0.006902126601169067
2022-09-13,-0.0396158834064102,-0.0396158834064102
2022-09-14,0.0014789570137929697,0.0014789570137929697
2022-09-15,-0.0056181578862884995,-0.0056181578862884995
2022-09-16,-0.010615380036482214,-0.010615380036482214
2022-09-19,0.015395585386220434,0.015395585386220434
2022-09-20,-0.010155220618954242,-0.010155220618954242
2022-09-21,-0.016850102269406864,-0.016850102269406864
2022-09-22,-0.004392048081368505,-0.004392048081368505
2022-09-23,-0.015920926067199526,-0.015920926067199526
2022-09-26,-0.010987899828103442,-0.010987899828103442
2022-09-27,-0.00477115496029723,-0.00477115496029723
2022-09-28,0.018730952299421233,0.018730952299421233
2022-09-29,-0.015630252100840347,-0.015630252100840347
2022-09-30,-0.016527232371521206,-0.016527232371521206
2022-10-03,0.025589389257317352,0.025589389257317352
2022-10-04,0.02799783329947858,0.02799783329947858
2022-10-05,-0.0018112958998847128,-0.0018112958998847128
2022-10-06,-0.010821511052457988,-0.010821511052457988
2022-10-07,-0.020979254219198218,-0.020979254219198218
2022-10-10,-0.003168330323987334,-0.003168330323987334
2022-10-11,0.0002050580997949858,0.0002050580997949858
2022-10-12,-0.00017084671632616732,-0.00017084671632616732
2022-10-13,0.028365401045760574,0.028365401045760574
2022-10-14,-0.012728058223389072,-0.012728058223389072
2022-10-17,0.017571024639827737,0.017571024639827737
2022-10-18,0.01144558385709571,0.01144558385709571
2022-10-19,-0.003793825222396685,-0.003793825222396685
2022-10-20,-0.003512803676953391,-0.003512803676953391
2022-10-21,0.025368167891147486,0.025368167891147486
2022-10-24,0.01355910419946671,0.01355910419946671
2022-10-25,0.010524647329212211,0.010524647329212211
2022-10-26,-0.00015685290334721547,-0.00015685290334721547
2022-10-27,0.0063378514056224855,0.0063378514056224855
2022-10-28,0.025628234707239406,0.025628234707239406
2022-10-31,-0.003678258754863828,-0.003678258754863828
2022-11-01,-0.0027459954233409745,-0.0027459954233409745
2022-11-02,-0.015511702615878864,-0.015511702615878864
2022-11-03,-0.005003418484679001,-0.005003418484679001
2022-11-04,0.01283693038073519,0.01283693038073519
2022-11-07,0.012643394597261715,0.012643394597261715
2022-11-08,0.010262500761313076,0.010262500761313076
2022-11-09,-0.019532780708364728,-0.019532780708364728
2022-11-10,0.03643127248132316,0.03643127248132316
2022-11-11,0.0015128144280969202,0.0015128144280969202
2022-11-14,-0.005982880668187085,-0.005982880668187085
2022-11-15,0.0013110455588332126,0.0013110455588332126
2022-11-16,-0.000416604671923837,-0.000416604671923837
2022-11-17,-0.000297698788365941,-0.000297698788365941
2022-11-18,0.005777076322920793,0.005777076322920793
2022-11-21,-0.001184307920059191,-0.001184307920059191
2022-11-22,0.011590336445827853,0.011590336445827853
2022-11-23,0.0024907695012599262,0.0024907695012599262
2022-11-25,0.004238402852883683,0.004238402852883683
2022-11-28,-0.014116893701245803,-0.014116893701245803
2022-11-29,-0.00041333293968293106,-0.00041333293968293106
2022-11-30,0.021915704285672133,0.021915704285672133
2022-12-01,-0.004913436804531934,-0.004913436804531934
2022-12-02,0.0008713584478201586,0.0008713584478201586
2022-12-05,-0.013726457529237623,-0.013726457529237623
2022-12-06,-0.010386629788736501,-0.010386629788736501
2022-12-07,-0.00023786162400019073,-0.00023786162400019073
2022-12-08,0.00529368029739774,0.00529368029739774
2022-12-09,-0.009022867792799483,-0.009022867792799483
2022-12-12,0.015493462296256588,0.015493462296256588
2022-12-13,0.0034100596760442414,0.0034100596760442414
2022-12-14,-0.00410160255471248,-0.00410160255471248
2022-12-15,-0.022975318447915782,-0.022975318447915782
2022-12-16,-0.007393082696013464,-0.007393082696013464
2022-12-19,0.00019835500426923502,0.00019835500426923502
2022-12-20,0.0024262275194857352,0.0024262275194857352
2022-12-21,0.01561129095694791,0.01561129095694791
2022-12-22,-0.010753969436086863,-0.010753969436086863
2022-12-23,0.0050289086966996965,0.0050289086966996965
2022-12-27,0.00122846441947555,0.00122846441947555
2022-12-28,-0.011072540100550587,-0.011072540100550587
2022-12-29,0.009955819161169277,0.009955819161169277
2022-12-30,-0.002696629213483126,-0.002696629213483126
2023-01-03,-0.0002103049421661174,-0.0002103049421661174
2023-01-04,0.004146883827153003,0.004146883827153003
2023-01-05,-0.010354321283217671,-0.010354321283217671
2023-01-06,0.021227698820683427,0.021227698820683427
2023-01-09,-0.0030202534644083734,-0.0030202534644083734
2023-01-10,0.005316305316305225,0.005316305316305225
2023-01-11,0.007710715235309751,0.007710715235309751
2023-01-12,0.006127235414834287,0.006127235414834287
2023-01-13,0.0028264226813135007,0.0028264226813135007
2023-01-17,-0.011506276150627603,-0.011506276150627603
2023-01-18,-0.018636096413874204,-0.018636096413874204
2023-01-19,-0.00739831066914276,-0.00739831066914276
2023-01-20,0.010108935091583948,0.010108935091583948
2023-01-23,0.00755810479775354,0.00755810479775354
2023-01-24,0.0029353337088979803,0.0029353337088979803
2023-01-25,-8.868917400817189e-05,-8.868917400817189e-05
2023-01-26,0.00591313603169441,0.00591313603169441
2023-01-27,0.0006760132851306722,0.0006760132851306722
2023-01-30,-0.0076660988074956915,-0.0076660988074956915
2023-01-31,0.01098120467663155,0.01098120467663155
2023-02-01,-0.00023421946363744173,-0.00023421946363744173
2023-02-02,-0.0014934988871968535,-0.0014934988871968535
2023-02-03,-0.00395929260638761,-0.00395929260638761
2023-02-06,-0.00082445085684002,-0.00082445085684002
2023-02-07,0.008015559615724532,0.008015559615724532
2023-02-08,-0.006168508448810117,-0.006168508448810117
2023-02-09,-0.007677599647006872,-0.007677599647006872
2023-02-10,0.004772632951917988,0.004772632951917988
2023-02-13,0.011004572945862323,0.011004572945862323
2023-02-14,-0.004289716353449324,-0.004289716353449324
2023-02-15,0.0015532956243955454,0.0015532956243955454
2023-02-16,-0.012728975244337803,-0.012728975244337803
2023-02-17,0.003764189810012253,0.003764189810012253
2023-02-21,-0.020787810783676863,-0.020787810783676863
2023-02-22,-0.002502864724684861,-0.002502864724684861
2023-02-23,0.0031137579733364618,0.0031137579733364618
2023-02-24,-0.010728708335844717,-0.010728708335844717
2023-02-27,0.002528483519161684,0.002528483519161684
2023-02-28,-0.0068978091099699546,-0.0068978091099699546
2023-03-01,0.0003365767088916449,0.0003365767088916449
2023-03-02,0.009940965956015013,0.009940965956015013
2023-03-03,0.011993458113756184,0.011993458113756184
2023-03-06,0.0011073202849105623,0.0011073202849105623
2023-03-07,-0.017548055364563053,-0.017548055364563053
2023-03-08,-0.0015518500486855213,-0.0015518500486855213
2023-03-09,-0.016883552250632317,-0.016883552250632317
2023-03-10,-0.010570693449889923,-0.010570693449889923
2023-03-13,-0.0027570649790087387,-0.0027570649790087387
2023-03-14,0.010398994659126526,0.010398994659126526
2023-03-15,-0.008986038991324885,-0.008986038991324885
2023-03-16,0.011828564257028162,0.011828564257028162
2023-03-17,-0.004424919183540599,-0.004424919183540599
2023-03-20,0.010891918727498506,0.010891918727498506
2023-03-21,0.009797880207049525,0.009797880207049525
2023-03-22,-0.015744187465673964,-0.015744187465673964
2023-03-23,0.001891003782007461,0.001891003782007461
2023-03-24,0.003558278412079563,0.003558278412079563
2023-03-27,0.0060738730961336085,0.0060738730961336085
2023-03-28,-0.0013177653151911217,-0.0013177653151911217
2023-03-29,0.009666134773536283,0.009666134773536283
2023-03-30,0.004285323526730167,0.004285323526730167
2023-03-31,0.012589274906185777,0.012589274906185777
2023-04-03,0.009742976688583482,0.009742976688583482
2023-04-04,-0.00618599419878052,-0.00618599419878052
2023-04-05,0.0023528010245108533,0.0023528010245108533
2023-04-06,8.91371523650264e-05,8.91371523650264e-05
2023-04-10,0.002733295701001115,0.002733295701001115
2023-04-11,0.002992503925809631,0.002992503925809631
2023-04-12,-0.0011520737327188613,-0.0011520737327188613
2023-04-13,0.011149557862360604,0.011149557862360604
2023-04-14,-0.004474992687920398,-0.004474992687920398
2023-04-17,0.0027029409172372176,0.0027029409172372176
2023-04-18,-0.00014650297401042067,-0.00014650297401042067
2023-04-19,-0.0026667448130348603,-0.0026667448130348603
2023-04-20,-0.003643522463491311,-0.003643522463491311
2023-04-21,0.001209118523106012,0.001209118523106012
2023-04-24,0.0015022091310750163,0.0015022091310750163
2023-04-25,-0.01026440398811801,-0.01026440398811801
2023-04-26,-0.006775228812551992,-0.006775228812551992
2023-04-27,0.015108903781713812,0.015108903781713812
2023-04-28,0.007987267529252273,0.007987267529252273
2023-05-01,-0.0014035087719298511,-0.0014035087719298511
2023-05-02,-0.01112672757085964,-0.01112672757085964
2023-05-03,-0.00829089186308185,-0.00829089186308185
2023-05-04,-0.008837931446315506,-0.008837931446315506
2023-05-05,0.01635739245692247,0.01635739245692247
2023-05-08,-0.0016005216515012632,-0.0016005216515012632
2023-05-09,-0.0014249666023452567,-0.0014249666023452567
2023-05-10,-0.0010405208550108291,-0.0010405208550108291
2023-05-11,-0.006874590798166769,-0.006874590798166769
2023-05-12,-0.00047945821222017404,-0.00047945821222017404
2023-05-15,0.0012891620446708885,0.0012891620446708885
2023-05-16,-0.010120366489011268,-0.010120366489011268
2023-05-17,0.012643678160919603,0.012643678160919603
2023-05-18,0.004181850767668305,0.004181850767668305
2023-05-19,-0.003629008269379508,-0.003629008269379508
2023-05-22,-0.004060186290900436,-0.004060186290900436
2023-05-23,-0.006834532374100699,-0.006834532374100699
2023-05-24,-0.008390679705420734,-0.008390679705420734
2023-05-25,-0.001461009313934336,-0.001461009313934336
2023-05-26,0.009723831006523298,-0.009723831006523298
2023-05-30,-0.0010867924528301653,0.0010867924528301653
2023-05-31,-0.003324367614615076,0.003324367614615076
2023-06-01,0.003759968464780661,-0.003759968464780661
2023-06-02,0.021569042080778145,-0.021569042080778145
2023-06-05,-0.005855043321406406,0.005855043321406406
2023-06-06,-5.949016924955419e-05,5.949016924955419e-05
2023-06-07,0.002736710592854852,-0.002736710592854852
2023-06-08,0.004627844195912001,-0.004627844195912001
2023-06-09,0.0012992765391997008,-0.0012992765391997008
2023-06-12,0.005131381049279016,0.005131381049279016
2023-06-13,0.004254320335651096,0.004254320335651096
2023-06-14,-0.006953371508706341,-0.006953371508706341
2023-06-15,0.012650779641070864,0.012650779641070864
2023-06-16,0.004712126852120857,0.004712126852120857
2023-06-20,-0.0065406903684281925,-0.0065406903684281925
2023-06-21,-0.003521946675980936,-0.003521946675980936
2023-06-22,-0.0007302468234263726,-0.0007302468234263726
2023-06-23,-0.0068108740134463774,-0.0068108740134463774
2023-06-26,-0.00017659004620773633,-0.00017659004620773633
2023-06-27,0.006240616996850301,0.006240616996850301
2023-06-28,-0.0023988532311383093,-0.0023988532311383093
2023-06-29,0.007389812615465896,0.007389812615465896
2023-06-30,0.008441766366838355,0.008441766366838355
2023-07-03,-0.0001731951620818073,-0.0001731951620818073
2023-07-05,-0.003695470161965475,-0.003695470161965475
2023-07-06,-0.01095366426149702,-0.01095366426149702
2023-07-07,-0.005683982303477775,-0.005683982303477775
2023-07-10,0.006158470106373493,0.006158470106373493
2023-07-11,0.009312950272359899,0.009312950272359899
2023-07-12,0.0024953574744661644,0.0024953574744661644
2023-07-13,0.0011577424023154759,0.0011577424023154759
2023-07-14,0.002544087886672486,0.002544087886672486
2023-07-17,0.0024511217486591352,0.0024511217486591352
2023-07-18,0.010902396225872302,0.010902396225872302
2023-07-19,0.0031586136247225838,0.0031586136247225838
2023-07-20,0.004198224264601702,0.004198224264601702
2023-07-21,-8.474336883135258e-05,-8.474336883135258e-05
2023-07-24,0.005169783603593325,0.005169783603593325
2023-07-25,0.0006464124111182912,0.0006464124111182912
2023-07-26,0.0022469385462307034,0.0022469385462307034
2023-07-27,-0.007090012330456252,-0.007090012330456252
2023-07-28,0.004544043351867089,0.004544043351867089
2023-07-31,0.0028939087435377875,0.0028939087435377875
2023-08-01,0.0017369379464911017,0.0017369379464911017
2023-08-02,-0.00990015940934641,-0.00990015940934641
2023-08-03,-0.002570403638109786,-0.002570403638109786
2023-08-04,-0.004502718622564572,-0.004502718622564572
2023-08-07,0.01140727676158515,0.01140727676158515
2023-08-08,-0.004472070653091076,-0.004472070653091076
2023-08-09,-0.005452747563215121,-0.005452747563215121
2023-08-10,0.0013919663655475034,0.0013919663655475034
2023-08-11,0.0028367989560580398,0.0028367989560580398
2023-08-14,0.0005657548584199201,0.0005657548584199201
2023-08-15,-0.010290916287354013,-0.010290916287354013
2023-08-16,-0.005313223069671746,-0.005313223069671746
2023-08-17,-0.008184716119583046,-0.008184716119583046
2023-08-18,0.0008397034977993822,0.0008397034977993822
2023-08-21,-0.001186170982207413,-0.001186170982207413
2023-08-22,-0.005213764337851923,-0.005213764337851923
2023-08-23,0.005182855811786569,0.005182855811786569
2023-08-24,-0.011065407566189678,-0.011065407566189678
2023-08-25,0.006942003514938566,0.006942003514938566
2023-08-28,0.006312360008144946,0.006312360008144946
2023-08-29,0.008469676822570493,0.008469676822570493
2023-08-30,0.0019778140854760373,0.0019778140854760373
2023-08-31,-0.0047202197047717664,-0.0047202197047717664
2023-09-01,0.002615618981920642,0.002615618981920642
2023-09-05,-0.005790952353649459,-0.005790952353649459
2023-09-06,-0.0057958477508650574,-0.0057958477508650574
2023-09-07,0.0014211549058846806,0.0014211549058846806
2023-09-08,0.0023169601482855295,0.0023169601482855295
2023-09-11,0.0021382339343505308,0.0021382339343505308
2023-09-12,-0.00043250100916902845,-0.00043250100916902845
2023-09-13,-0.0022788242420745952,-0.0022788242420745952
2023-09-14,0.009714351798311593,0.009714351798311593
2023-09-15,-0.0002683281912152502,-0.0002683281912152502
2023-09-18,0.0005834543968574746,0.0005834543968574746
2023-09-19,-0.0033777014455417254,-0.0033777014455417254
2023-09-20,-0.0025275009334519982,-0.0025275009334519982
2023-09-21,-0.011287396700164098,-0.011287396700164098
2023-09-22,-0.0030579258525788022,-0.0030579258525788022
2023-09-25,0.0011977097452675611,0.0011977097452675611
2023-09-26,-0.011612639687217374,-0.011612639687217374
2023-09-27,-0.0024797047970479547,-0.0024797047970479547
2023-09-28,0.002988961557811143,0.002988961557811143
2023-09-29,-0.0049274164994689285,-0.0049274164994689285
2023-10-02,-0.002579688658265411,-0.002579688658265411
2023-10-03,-0.012991259884654216,-0.012991259884654216
2023-10-04,0.003764946838950678,0.003764946838950678
2023-10-05,-0.0006601452319510148,-0.0006601452319510148
2023-10-06,0.008887821282728803,0.008887821282728803
2023-10-09,0.005982142857142936,0.005982142857142936
2023-10-10,0.003993964675601314,0.003993964675601314
2023-10-11,0.0016501650165017256,0.0016501650165017256
2023-10-12,-0.005766062602965416,-0.005766062602965416
2023-10-13,0.0009172683157769868,0.0009172683157769868
2023-10-16,0.009075590504626474,0.009075590504626474
2023-10-17,0.0002929630280659179,0.0002929630280659179
2023-10-18,-0.009899250234301826,-0.009899250234301826
2023-10-19,-0.007661361888422147,-0.007661361888422147
2023-10-20,-0.008614779264911943,-0.008614779264911943
2023-10-23,-0.005742979132840165,-0.005742979132840165
2023-10-24,0.00610880938700209,0.00610880938700209
2023-10-25,-0.0035769034236076136,-0.0035769034236076136
2023-10-26,-0.008265460030165928,-0.008265460030165928
2023-10-27,-0.011315245163645238,-0.011315245163645238
