date,ZB=F Long Only,ZB=F Using TFT
2017-07-05,0.0018374846876276774,0.0018374846876276774
2017-07-06,-0.006928877114326437,-0.006928877114326437
2017-07-07,-0.004104247896572932,-0.004104247896572932
2017-07-10,0.002266639192252118,0.002266639192252118
2017-07-11,0.0004111842105263275,0.0004111842105263275
2017-07-12,0.004726674886970761,0.004726674886970761
2017-07-13,-0.0038862753119247584,-0.0038862753119247584
2017-07-14,0.002874743326488627,0.002874743326488627
2017-07-17,0.0016380016380015405,0.0016380016380015405
2017-07-18,0.006336876533115321,0.006336876533115321
2017-07-19,0.0006093845216330607,0.0006093845216330607
2017-07-20,0.0008120178643931109,0.0008120178643931109
2017-07-21,0.0046653144016226555,0.0046653144016226555
2017-07-24,-0.003432263274782965,-0.003432263274782965
2017-07-25,-0.010534846029173428,-0.010534846029173428
2017-07-26,0.0034807534807534957,0.0034807534807534957
2017-07-27,-0.0036727198530912553,-0.0036727198530912553
2017-07-28,0.0038910505836575737,0.0038910505836575737
2017-07-31,-0.001427988576091388,-0.001427988576091388
2017-08-01,0.006945863125638496,0.006945863125638496
2017-08-02,0.00121728545343891,0.00121728545343891
2017-08-03,0.005065856129685908,0.005065856129685908
2017-08-04,-0.0058467741935483986,-0.0058467741935483986
2017-08-07,0.0014195903467857374,0.0014195903467857374
2017-08-08,-0.003847711624139327,-0.003847711624139327
2017-08-09,0.006505387273836094,0.006505387273836094
2017-08-10,0.004039587962027857,0.004039587962027857
2017-08-11,0.0008046670690002866,0.0008046670690002866
2017-08-14,-0.0020100502512563345,-0.0020100502512563345
2017-08-15,-0.004833836858006091,-0.004833836858006091
2017-08-16,0.004250151791135304,0.004250151791135304
2017-08-17,0.00403063280935112,0.00403063280935112
2017-08-18,0.0010036130068244997,0.0010036130068244997
2017-08-21,0.0020052135552435235,0.0020052135552435235
2017-08-22,-0.003602161296778039,-0.003602161296778039
2017-08-23,0.005824462743522885,0.005824462743522885
2017-08-24,-0.0025958466453673834,-0.0025958466453673834
2017-08-25,0.002802802802802873,0.002802802802802873
2017-08-28,0.0013974845278499348,0.0013974845278499348
2017-08-29,0.0011961722488038617,0.0011961722488038617
2017-08-30,-0.00019912385503784158,-0.00019912385503784158
2017-08-31,0.002987452698665516,0.002987452698665516
2017-09-01,-0.005758538522636969,-0.005758538522636969
2017-09-05,0.011583782704214007,0.011583782704214007
2017-09-06,-0.00414610069101673,-0.00414610069101673
2017-09-07,0.006542426645519406,0.006542426645519406
2017-09-08,-0.0005909001378766598,-0.0005909001378766598
2017-09-11,-0.00808040993299175,-0.00808040993299175
2017-09-12,-0.004768527717067372,-0.004768527717067372
2017-09-13,-0.0027949690556997586,-0.0027949690556997586
2017-09-14,0.0010010010010010895,0.0010010010010010895
2017-09-15,0.00039999999999995595,0.00039999999999995595
2017-09-18,-0.004398240703718526,-0.004398240703718526
2017-09-19,-0.0014056224899597902,-0.0014056224899597902
2017-09-20,-0.00040217172732759376,-0.00040217172732759376
2017-09-21,-0.009454838060752313,-0.009454838060752313
2017-09-22,0.0014216084484159897,0.0014216084484159897
2017-09-25,0.005272764145203723,0.005272764145203723
2017-09-26,-0.0008069396812587781,-0.0008069396812587781
2017-09-27,-0.0119119725418938,-0.0119119725418938
2017-09-28,-0.0010216591744993675,0.0010216591744993675
2017-09-29,0.00020454080589082935,-0.00020454080589082935
2017-10-02,-0.0008179959100204082,0.0008179959100204082
2017-10-03,-0.00040933278755628244,0.00040933278755628244
2017-10-04,-0.00040950040950038513,0.00040950040950038513
2017-10-05,-0.002048340843916474,0.002048340843916474
2017-10-06,-0.002257799671592786,0.002257799671592786
2017-10-09,0.0012343139271755454,-0.0012343139271755454
2017-10-10,0.002671049928087088,-0.002671049928087088
2017-10-11,0.0004098360655737654,-0.0004098360655737654
2017-10-12,0.003482179434658006,0.003482179434658006
2017-10-13,0.005919575423555923,0.005919575423555923
2017-10-16,-0.0018262987012986898,-0.0018262987012986898
2017-10-17,0.0022362268753812753,0.0022362268753812753
2017-10-18,-0.006693711967545646,-0.006693711967545646
2017-10-19,0.0032673065141923807,0.0032673065141923807
2017-10-20,-0.00875228984327292,-0.00875228984327292
2017-10-23,0.0010266940451746365,0.0010266940451746365
2017-10-24,-0.004307692307692346,-0.004307692307692346
2017-10-25,-0.005150391429748713,-0.005150391429748713
2017-10-26,-0.001242493269828171,0.001242493269828171
2017-10-27,0.0031100974497200173,-0.0031100974497200173
2017-10-30,0.00785448532451416,-0.00785448532451416
2017-10-31,0.0006152584085314938,-0.0006152584085314938
2017-11-01,0.001844640295142419,-0.001844640295142419
2017-11-02,0.004705400981996677,-0.004705400981996677
2017-11-03,0.0012217470983506562,-0.0012217470983506562
2017-11-06,0.0036607687614398365,-0.0036607687614398365
2017-11-07,0.003039513677811634,-0.003039513677811634
2017-11-08,-0.0022222222222222365,0.0022222222222222365
2017-11-09,-0.0030370520348248498,-0.0030370520348248498
2017-11-10,-0.010154346060113784,-0.010154346060113784
2017-11-13,0.0006155108740253379,0.0006155108740253379
2017-11-14,0.0030756612671725136,0.0030756612671725136
2017-11-15,0.007358953393295176,0.007358953393295176
2017-11-16,-0.0028409090909090606,-0.0028409090909090606
2017-11-17,0.0014245014245013454,0.0014245014245013454
2017-11-20,-0.000812842918106127,-0.000812842918106127
2017-11-21,0.002847264592231058,0.002847264592231058
2017-11-22,0.0026363820726018616,0.0026363820726018616
2017-11-24,-0.0016181229773463146,-0.0016181229773463146
2017-11-27,0.000607779578606138,0.000607779578606138
2017-11-28,-0.00040494027130999477,-0.00040494027130999477
2017-11-29,-0.006279116872594748,-0.006279116872594748
2017-11-30,-0.0030574806359560114,-0.0030574806359560114
2017-12-01,0.01001840114496022,0.01001840114496022
2017-12-04,-0.0016194331983805377,-0.0016194331983805377
2017-12-05,0.0044606650446066265,0.0044606650446066265
2017-12-06,0.002220427937020597,0.002220427937020597
2017-12-07,-0.0076535750251762735,-0.0076535750251762735
2017-12-08,0.00020296326364932504,0.00020296326364932504
2017-12-11,0.0010146103896104819,0.0010146103896104819
2017-12-12,-0.002432596797080855,-0.002432596797080855
2017-12-13,0.00670595407437502,0.00670595407437502
2017-12-14,0.002624142107388039,0.002624142107388039
2017-12-15,0.0010066438494060748,0.0010066438494060748
2017-12-18,-0.007039420756234871,-0.007039420756234871
2017-12-19,-0.011342920802106526,-0.011342920802106526
2017-12-20,-0.01290719114935468,-0.01290719114935468
2017-12-21,0.004151100041511091,0.004151100041511091
2017-12-22,-0.0012401818933444053,0.0012401818933444053
2017-12-26,0.004139072847682224,-0.004139072847682224
2017-12-27,0.008656224237427956,-0.008656224237427956
2017-12-28,-0.0014303228442991145,0.0014303228442991145
2017-12-29,0.0018416206261511192,-0.0018416206261511192
2018-01-02,-0.008169934640522847,0.008169934640522847
2018-01-03,0.0037067545304778626,-0.0037067545304778626
2018-01-04,0.0,-0.0
2018-01-05,-0.003282724661469061,0.003282724661469061
2018-01-08,-0.00061753808151499,0.00061753808151499
2018-01-09,-0.009886714727085466,-0.009886714727085466
2018-01-10,-0.0010401497815685223,-0.0010401497815685223
2018-01-11,0.002498958767180426,0.002498958767180426
2018-01-12,0.0004154549231407678,0.0004154549231407678
2018-01-16,0.0020764119601328623,0.0020764119601328623
2018-01-17,-0.0033153750518026825,-0.0033153750518026825
2018-01-18,-0.0058212058212058215,-0.0058212058212058215
2018-01-19,-0.0029276453366792188,-0.0029276453366792188
2018-01-22,-0.002097315436241587,-0.002097315436241587
2018-01-23,0.003572929802438063,0.003572929802438063
2018-01-24,-0.005026178010471227,0.005026178010471227
2018-01-25,0.006314460113660214,-0.006314460113660214
2018-01-26,-0.004392386530014614,0.004392386530014614
2018-01-29,-0.004201680672268893,0.004201680672268893
2018-01-30,-0.005063291139240533,0.005063291139240533
2018-01-31,0.002968617472434376,-0.002968617472434376
2018-02-01,-0.008456659619450302,0.008456659619450302
2018-02-02,-0.012153518123667384,0.012153518123667384
2018-02-05,0.006259443125404607,-0.006259443125404607
2018-02-06,0.002359502359502441,-0.002359502359502441
2018-02-07,-0.009629788144660867,-0.009629788144660867
2018-02-08,-0.0036732929991356578,-0.0036732929991356578
2018-02-09,0.00043374539145513147,0.00043374539145513147
2018-02-12,0.001734229351831873,0.001734229351831873
2018-02-13,0.00108201687946341,0.00108201687946341
2018-02-14,-0.008214440121054878,-0.008214440121054878
2018-02-15,0.0043591979075849885,0.0043591979075849885
2018-02-16,0.001519097222222321,0.001519097222222321
2018-02-20,-0.002383531960996721,-0.002383531960996721
2018-02-21,-0.00825369244135532,-0.00825369244135532
2018-02-22,0.0030661410424879243,0.0030661410424879243
2018-02-23,0.0065502183406114245,0.0065502183406114245
2018-02-26,0.0010845986984815426,0.0010845986984815426
2018-02-27,-0.004550379198266508,-0.004550379198266508
2018-02-28,0.006094906399651823,0.006094906399651823
2018-03-01,0.006274340112505383,0.006274340112505383
2018-03-02,-0.006235218232638173,-0.006235218232638173
2018-03-05,-0.002163565556036362,-0.002163565556036362
2018-03-06,0.0019514310494361808,0.0019514310494361808
2018-03-07,-0.001947630383034027,-0.001947630383034027
2018-03-08,0.0032523850823937828,0.0032523850823937828
2018-03-09,-0.00302571860816947,-0.00302571860816947
2018-03-12,0.004118794710600504,0.004118794710600504
2018-03-13,0.0028065630397235974,0.0028065630397235974
2018-03-14,0.0049515608180839,0.0049515608180839
2018-03-15,-0.00042844901456728923,-0.00042844901456728923
2018-03-16,-0.002571795970852997,-0.002571795970852997
2018-03-19,0.0006446067898582264,0.0006446067898582264
2018-03-20,-0.004938801803736292,-0.004938801803736292
2018-03-21,-0.009063444108761365,-0.009063444108761365
2018-03-22,0.008710801393728262,0.008710801393728262
2018-03-23,-0.00021588946459416558,-0.00021588946459416558
2018-03-26,0.0,0.0
2018-03-27,0.0062621464046641595,0.0062621464046641595
2018-03-28,0.0017167381974247942,0.0017167381974247942
2018-03-29,0.005141388174807249,0.005141388174807249
2018-04-02,0.0008525149190110604,0.0008525149190110604
2018-04-03,-0.005962521294718859,-0.005962521294718859
2018-04-04,-0.0010711225364181676,-0.0010711225364181676
2018-04-05,-0.005575809564657974,-0.005575809564657974
2018-04-06,0.007763640284666806,0.007763640284666806
2018-04-09,0.00021399529210364143,0.00021399529210364143
2018-04-10,-0.0008557980316645786,-0.0008557980316645786
2018-04-11,0.0012847965738758127,0.0012847965738758127
2018-04-12,-0.0051325919589392255,-0.0051325919589392255
2018-04-13,0.00021496130696485594,0.00021496130696485594
2018-04-16,0.00042983021706421987,0.00042983021706421987
2018-04-17,0.0038668098818475105,0.0038668098818475105
2018-04-18,-0.007489835223625119,-0.007489835223625119
2018-04-19,-0.007977576541612796,-0.007977576541612796
2018-04-20,-0.004781569224081683,-0.004781569224081683
2018-04-23,-0.0008735531775496685,-0.0008735531775496685
2018-04-24,-0.0030601092896175297,-0.0030601092896175297
2018-04-25,-0.005481254110940581,-0.005481254110940581
2018-04-26,0.0044091710758378255,0.0044091710758378255
2018-04-27,0.006145741878841093,0.006145741878841093
2018-04-30,0.004144851657940762,0.004144851657940762
2018-05-01,-0.004779491635889643,-0.004779491635889643
2018-05-02,0.0006548788474132206,0.0006548788474132206
2018-05-03,0.0021815008726002727,0.0021815008726002727
2018-05-04,0.0006530256856769334,0.0006530256856769334
2018-05-07,-0.0006525995214270441,-0.0006525995214270441
2018-05-08,-0.0013060513713539779,-0.0013060513713539779
2018-05-09,-0.0050130775937227146,-0.0050130775937227146
2018-05-10,0.00372398685651687,0.00372398685651687
2018-05-11,-0.0004364906154518122,-0.0004364906154518122
2018-05-14,-0.0026200873362445254,-0.0026200873362445254
2018-05-15,-0.011821366024518443,-0.011821366024518443
2018-05-16,-0.0008861320336730483,-0.0008861320336730483
2018-05-17,-0.0035476718403547602,-0.0035476718403547602
2018-05-18,0.005340453938584844,0.005340453938584844
2018-05-21,0.0006640106241699861,0.0006640106241699861
2018-05-22,-0.00022119000221187957,-0.00022119000221187957
2018-05-23,0.006858407079646023,0.006858407079646023
2018-05-24,0.0039551746868820015,0.0039551746868820015
2018-05-25,0.006347121908513831,0.006347121908513831
2018-05-29,0.017833840800348,0.017833840800348
2018-05-30,-0.005555555555555536,-0.005555555555555536
2018-05-31,0.0038676407391491363,0.0038676407391491363
2018-06-01,-0.008133561643835607,-0.008133561643835607
2018-06-04,-0.004747518342684498,-0.004747518342684498
2018-06-05,0.001300954032957602,0.001300954032957602
2018-06-06,-0.007362494586401036,-0.007362494586401036
2018-06-07,0.00610820244328103,0.00610820244328103
2018-06-08,-0.000650477016478801,-0.000650477016478801
2018-06-11,-0.0026036016489476843,-0.0026036016489476843
2018-06-12,0.0006525995214270441,0.0006525995214270441
2018-06-13,-0.0021739130434782483,-0.0021739130434782483
2018-06-14,0.004793028322439996,0.004793028322439996
2018-06-15,0.002601908065914982,0.002601908065914982
2018-06-18,-0.000648788927335664,-0.000648788927335664
2018-06-19,0.003678857390175372,0.003678857390175372
2018-06-20,-0.003018542475204833,-0.003018542475204833
2018-06-21,-0.003676470588235281,-0.003676470588235281
2018-06-22,0.0,0.0
2018-06-25,0.002604731929672255,0.002604731929672255
2018-06-26,-0.0006494912318684154,-0.0006494912318684154
2018-06-27,0.007149046793760938,0.007149046793760938
2018-06-28,-0.002151000215100063,-0.002151000215100063
2018-06-29,0.0002155636990730514,0.0002155636990730514
2018-07-02,-0.0017241379310344307,-0.0017241379310344307
2018-07-03,0.004101899827288369,0.004101899827288369
2018-07-05,0.0010750376263168882,0.0010750376263168882
2018-07-06,0.0010738831615120237,0.0010738831615120237
2018-07-09,-0.0036472859901308663,-0.0036472859901308663
2018-07-10,-0.0008613264427217437,-0.0008613264427217437
2018-07-11,0.003232758620689724,0.003232758620689724
2018-07-12,-0.0012889366272824665,-0.0012889366272824665
2018-07-13,0.0027963002796300707,0.0027963002796300707
2018-07-16,-0.0038610038610038533,-0.0038610038610038533
2018-07-17,-0.0006459948320413078,-0.0006459948320413078
2018-07-18,-0.0021547080370609706,-0.0021547080370609706
2018-07-19,0.0038868494925501373,0.0038868494925501373
2018-07-20,-0.007528500752850054,-0.007528500752850054
2018-07-23,-0.009536194191590797,-0.009536194191590797
2018-07-24,0.0026258205689277947,0.0026258205689277947
2018-07-25,0.0015277171540812873,0.0015277171540812873
2018-07-26,-0.005011985181956891,-0.005011985181956891
2018-07-27,0.001752080595707417,0.001752080595707417
2018-07-30,-0.0021862702229995534,-0.0021862702229995534
2018-07-31,0.002410166520596002,0.002410166520596002
2018-08-01,-0.0052459016393442415,-0.0052459016393442415
2018-08-02,0.001538123489343013,0.001538123489343013
2018-08-03,0.00372970601140854,0.00372970601140854
2018-08-06,0.0019672131147541183,0.0019672131147541183
2018-08-07,-0.0045811518324607725,-0.0045811518324607725
2018-08-08,0.0002191540653078139,0.0002191540653078139
2018-08-09,0.004601226993865115,0.004601226993865115
2018-08-10,0.009596510359869193,0.009596510359869193
2018-08-13,-0.002376323179952511,-0.002376323179952511
2018-08-14,-0.0019488956258120194,-0.0019488956258120194
2018-08-15,0.004990236493816358,0.004990236493816358
2018-08-16,-0.001511226252158937,-0.001511226252158937
2018-08-17,0.0,0.0
2018-08-20,0.00648648648648642,0.00648648648648642
2018-08-21,-0.002363050483351281,-0.002363050483351281
2018-08-22,0.0023686477174849063,0.0023686477174849063
2018-08-23,0.0012889366272825775,0.0012889366272825775
2018-08-24,-0.0004290924694271281,-0.0004290924694271281
2018-08-27,-0.00321957501609782,-0.00321957501609782
2018-08-28,-0.004737295434969813,-0.004737295434969813
2018-08-29,0.00108178277801807,0.00108178277801807
2018-08-30,0.002593473092716625,0.002593473092716625
2018-08-31,0.0,0.0
2018-09-04,-0.007544729467557687,-0.007544729467557687
2018-09-05,0.0,0.0
2018-09-06,0.0034752389226759828,0.0034752389226759828
2018-09-07,-0.0071428571428571175,-0.0071428571428571175
2018-09-10,0.0010900370612600963,0.0010900370612600963
2018-09-11,-0.005226480836236891,-0.005226480836236891
2018-09-12,0.002189141856392185,0.002189141856392185
2018-09-13,0.000655307994757548,0.000655307994757548
2018-09-14,-0.004365858982754878,-0.004365858982754878
2018-09-17,-0.0008770006577505374,-0.0008770006577505374
2018-09-18,-0.007022163704191398,-0.007022163704191398
2018-09-19,-0.0024309392265193797,-0.0024309392265193797
2018-09-20,-0.005759858218874592,-0.005759858218874592
2018-09-21,0.0006684491978610207,0.0006684491978610207
2018-09-24,-0.0006680026720107257,-0.0006680026720107257
2018-09-25,-0.0033422459893047707,-0.0033422459893047707
2018-09-26,0.005365526492287165,-0.005365526492287165
2018-09-27,0.0008894818768068191,-0.0008894818768068191
2018-09-28,-0.0011108642523883772,0.0011108642523883772
2018-10-01,-0.0037811387900356097,0.0037811387900356097
2018-10-02,0.003795490064746554,-0.003795490064746554
2018-10-03,-0.014234875444839812,0.014234875444839812
2018-10-04,-0.004287003610108253,0.004287003610108253
2018-10-05,-0.004532064355313836,0.004532064355313836
2018-10-08,-0.0018210789893011725,0.0018210789893011725
2018-10-09,0.005017103762827713,-0.005017103762827713
2018-10-10,-0.003403675970047648,-0.003403675970047648
2018-10-11,0.011612021857923427,0.011612021857923427
2018-10-12,-0.0009002925950933882,-0.0009002925950933882
2018-10-15,-0.0031538634827663614,-0.0031538634827663614
2018-10-16,0.0015819209039547033,0.0015819209039547033
2018-10-17,-0.00248194945848379,-0.00248194945848379
2018-10-18,-0.00022619316896632657,-0.00022619316896632657
2018-10-19,-0.002941176470588225,-0.002941176470588225
2018-10-22,0.000680735194009463,0.000680735194009463
2018-10-23,0.0027210884353741083,0.0027210884353741083
2018-10-24,0.004296698326549109,-0.004296698326549109
2018-10-25,-0.0004503490204909033,0.0004503490204909033
2018-10-26,0.005181347150259086,-0.005181347150259086
2018-10-29,-0.0006723442402509772,0.0006723442402509772
2018-10-30,-0.0031397174254317317,0.0031397174254317317
2018-10-31,-0.0056242969628796935,0.0056242969628796935
2018-11-01,0.002262443438914019,-0.002262443438914019
2018-11-02,-0.009255079006772027,0.009255079006772027
2018-11-05,0.002961950330371277,-0.002961950330371277
2018-11-06,-0.0009086778736937529,0.0009086778736937529
2018-11-07,-0.00045475216007273556,-0.00045475216007273556
2018-11-08,-0.0013648771610554888,-0.0013648771610554888
2018-11-09,0.005239179954442008,0.005239179954442008
2018-11-12,0.004078857919782353,0.004078857919782353
2018-11-13,0.0009027307605506962,0.0009027307605506962
2018-11-14,0.0020293122886132497,0.0020293122886132497
2018-11-15,-0.0006750675067507261,-0.0006750675067507261
2018-11-16,0.005629362756135903,0.005629362756135903
2018-11-19,0.0015673981191222097,0.0015673981191222097
2018-11-20,0.0017885088307623143,0.0017885088307623143
2018-11-21,-0.0008926578888640568,-0.0008926578888640568
2018-11-23,0.000670091579182408,0.000670091579182408
2018-11-26,-0.0015625000000000222,-0.0015625000000000222
2018-11-27,0.0008942544153811571,0.0008942544153811571
2018-11-28,0.00022336385972754336,0.00022336385972754336
2018-11-29,0.0013398838767306742,0.0013398838767306742
2018-11-30,0.002899197145405985,0.002899197145405985
2018-12-03,0.0044474093840338735,0.0044474093840338735
2018-12-04,0.011512065530219218,0.011512065530219218
2018-12-06,0.00700372072663602,0.00700372072663602
2018-12-07,0.0010867202782003371,0.0010867202782003371
2018-12-10,0.0008684324793746256,0.0008684324793746256
2018-12-11,-0.0019522776572667988,-0.0019522776572667988
2018-12-12,-0.003477504890241234,-0.003477504890241234
2018-12-13,-0.0017448200654307522,-0.0017448200654307522
2018-12-14,0.001747869783701006,0.001747869783701006
2018-12-17,0.0034896401308615044,0.0034896401308615044
2018-12-18,0.004781569224081794,0.004781569224081794
2018-12-19,0.00302833657797974,0.00302833657797974
2018-12-20,-0.0006469700237222709,-0.0006469700237222709
2018-12-21,0.0,0.0
2018-12-24,0.004315925766076756,0.004315925766076756
2018-12-26,-0.004727116458960068,-0.004727116458960068
2018-12-27,0.00539723661485314,0.00539723661485314
2018-12-28,0.0,0.0
2018-12-31,0.0032209576980888333,0.0032209576980888333
2019-01-02,0.005136986301369939,0.005136986301369939
2019-01-03,0.012989778534923335,0.012989778534923335
2019-01-04,-0.011982341812066477,-0.011982341812066477
2019-01-07,-0.002553191489361728,-0.002553191489361728
2019-01-08,-0.003199658703071706,-0.003199658703071706
2019-01-09,-0.0032099293815536223,-0.0032099293815536223
2019-01-10,-0.0019321597252039968,-0.0019321597252039968
2019-01-11,0.003226500322649928,0.003226500322649928
2019-01-14,-0.002358490566037763,-0.002358490566037763
2019-01-15,0.0,0.0
2019-01-16,-0.0015044057597248806,-0.0015044057597248806
2019-01-17,-0.0010761945759792946,-0.0010761945759792946
2019-01-18,-0.003447532859297553,-0.003447532859297553
2019-01-22,0.0060540540540541254,0.0060540540540541254
2019-01-23,-0.003008811519449872,-0.003008811519449872
2019-01-24,0.005604656175900002,0.005604656175900002
2019-01-25,-0.004715969989281921,-0.004715969989281921
2019-01-28,0.0,0.0
2019-01-29,0.003876803790652694,0.003876803790652694
2019-01-30,0.00021454623471361955,0.00021454623471361955
2019-01-31,0.0068640068640069,0.0068640068640069
2019-02-01,-0.005112910097997414,-0.005112910097997414
2019-02-04,-0.00471092077087798,-0.00471092077087798
2019-02-05,0.003012048192771122,0.003012048192771122
2019-02-06,-0.00021450021450020174,-0.00021450021450020174
2019-02-07,0.005792748337266618,0.005792748337266618
2019-02-08,0.0025597269624573205,0.0025597269624573205
2019-02-11,-0.0034042553191488967,-0.0034042553191488967
2019-02-12,-0.0027754056362083723,-0.0027754056362083723
2019-02-13,-0.0014986084350245843,-0.0014986084350245843
2019-02-14,0.005145797598627766,0.005145797598627766
2019-02-15,0.0004266211604095904,0.0004266211604095904
2019-02-19,0.001918976545842277,0.001918976545842277
2019-02-20,-0.0017024898914662634,-0.0017024898914662634
2019-02-21,-0.005542528245576661,-0.005542528245576661
2019-02-22,0.004287245444801746,0.004287245444801746
2019-02-25,-0.0019210245464247322,-0.0019210245464247322
2019-02-26,0.0047048759623609104,0.0047048759623609104
2019-02-27,-0.008514261387824629,-0.008514261387824629
2019-02-28,-0.003005581794761736,-0.003005581794761736
2019-03-01,-0.004521963824289377,-0.004521963824289377
2019-03-04,0.004109885355829457,0.004109885355829457
2019-03-05,0.00021542438604060798,0.00021542438604060798
2019-03-06,0.003230669825543764,0.003230669825543764
2019-03-07,0.006225848003434953,0.006225848003434953
2019-03-08,0.0012801365478984916,0.0012801365478984916
2019-03-11,-0.002343916471340246,-0.002343916471340246
2019-03-12,0.0053395984621955606,0.0053395984621955606
2019-03-13,-0.0019120458891013214,-0.0019120458891013214
2019-03-14,-0.004257130693912314,-0.004257130693912314
2019-03-15,0.004702864471996637,0.004702864471996637
2019-03-18,-0.0006382978723403765,-0.0006382978723403765
2019-03-19,-0.002129018522461168,-0.002129018522461168
2019-03-20,0.0029869852784296658,0.0029869852784296658
2019-03-21,0.0014890448840672033,0.0014890448840672033
2019-03-22,0.009558198810535323,0.009558198810535323
2019-03-25,0.0031559015358719744,0.0031559015358719744
2019-03-26,0.0006291946308725205,0.0006291946308725205
2019-03-27,0.006497589603856602,0.006497589603856602
2019-03-28,-0.00020824656393170216,-0.00020824656393170216
2019-03-29,-0.0024994792751510397,-0.0024994792751510397
2019-04-01,-0.009605345583629132,-0.009605345583629132
2019-04-02,0.0006325110689437974,0.0006325110689437974
2019-04-03,-0.0054782975136957734,-0.0054782975136957734
2019-04-04,0.0012711864406780293,0.0012711864406780293
2019-04-05,0.0016927634363097521,0.0016927634363097521
2019-04-08,-0.0021123785382340943,-0.0021123785382340943
2019-04-09,0.002540220152413175,0.002540220152413175
2019-04-10,0.0014780405405405705,0.0014780405405405705
2019-04-11,-0.0033733923676997346,-0.0033733923676997346
2019-04-12,-0.0055003173259995375,-0.0055003173259995375
2019-04-15,0.0010636034886193357,0.0010636034886193357
2019-04-16,-0.004887377815554594,-0.004887377815554594
2019-04-17,-0.00021353833013026957,-0.00021353833013026957
2019-04-18,0.0036309269542931233,0.0036309269542931233
2019-04-22,-0.004256224728665714,-0.004256224728665714
2019-04-23,0.0019234879247702619,0.0019234879247702619
2019-04-24,0.0057593856655289155,0.0057593856655289155
2019-04-25,-0.0012725344644750614,-0.0012725344644750614
2019-04-26,0.0029730303673816127,0.0029730303673816127
2019-04-29,-0.004234596654668632,-0.004234596654668632
2019-04-30,0.003402083776312903,0.003402083776312903
2019-05-01,0.0008476372112735664,0.0008476372112735664
2019-05-02,-0.004446326487402064,-0.004446326487402064
2019-05-03,0.002977456401531242,0.002977456401531242
2019-05-06,0.002968617472434376,0.002968617472434376
2019-05-07,0.00634249471458781,0.00634249471458781
2019-05-08,-0.0035714285714285587,-0.0035714285714285587
2019-05-09,0.003162555344718543,0.003162555344718543
2019-05-10,-0.00021017234131992524,-0.00021017234131992524
2019-05-13,0.00546562959848651,0.00546562959848651
2019-05-14,-0.0018816642274722684,-0.0018816642274722684
2019-05-15,0.004608294930875667,0.004608294930875667
2019-05-16,-0.0029190992493745016,-0.0029190992493745016
2019-05-17,0.0016729401923880616,0.0016729401923880616
2019-05-20,-0.0020876826722338038,-0.0020876826722338038
2019-05-21,-0.001255230125522977,-0.001255230125522977
2019-05-22,0.00356095517385846,0.00356095517385846
2019-05-23,0.011479858067209303,0.011479858067209303
2019-05-24,-0.0030953363598844597,-0.0030953363598844597
2019-05-28,0.007037880356034032,0.007037880356034032
2019-05-29,0.004727646454265155,0.004727646454265155
2019-05-30,0.0020458265139116083,0.0020458265139116083
2019-05-31,0.00857492854226205,0.00857492854226205
2019-06-03,0.005668016194331882,0.005668016194331882
2019-06-04,-0.005837359098228689,-0.005837359098228689
2019-06-05,-0.0018222312208948654,-0.0018222312208948654
2019-06-06,0.0008113590263691961,0.0008113590263691961
2019-06-07,0.006485610052695545,0.006485610052695545
2019-06-10,-0.006846556584776509,-0.006846556584776509
2019-06-11,0.0008110300081103361,0.0008110300081103361
2019-06-12,0.0,0.0
2019-06-13,0.004254457050243188,0.004254457050243188
2019-06-14,0.0004034698406294446,0.0004034698406294446
2019-06-17,0.001814882032667775,0.001814882032667775
2019-06-18,0.0024154589371980784,0.0024154589371980784
2019-06-19,-0.004016064257028162,-0.004016064257028162
2019-06-20,0.00463709677419355,0.00463709677419355
2019-06-21,-0.007224563515954241,-0.007224563515954241
2019-06-24,0.005255710531635316,0.005255710531635316
2019-06-25,0.003217373818620528,0.003217373818620528
2019-06-26,-0.006013229104028905,-0.006013229104028905
2019-06-27,0.00483968542044777,0.00483968542044777
2019-06-28,-0.0008027292795504959,-0.0008027292795504959
2019-07-01,-0.0038160273147218593,0.0038160273147218593
2019-07-02,0.007056451612903247,-0.007056451612903247
2019-07-03,0.003603603603603567,-0.003603603603603567
2019-07-05,-0.010771992818671472,0.010771992818671472
2019-07-08,0.00282314982859444,-0.00282314982859444
2019-07-09,-0.002010858636637858,0.002010858636637858
2019-07-10,-0.0028208744710860323,0.0028208744710860323
2019-07-11,-0.0072741968074357954,0.0072741968074357954
2019-07-12,0.0012212497455730276,-0.0012212497455730276
2019-07-15,0.0022362268753812753,-0.0022362268753812753
2019-07-16,-0.0028397565922920753,0.0028397565922920753
2019-07-17,0.007323026851098424,-0.007323026851098424
2019-07-18,0.0014135702746365109,-0.0014135702746365109
2019-07-19,-0.00141157491429722,0.00141157491429722
2019-07-22,0.0012116316639740887,-0.0012116316639740887
2019-07-23,-0.004235578862444522,0.004235578862444522
2019-07-24,0.003443386672068005,-0.003443386672068005
2019-07-25,-0.0032297133629390906,0.0032297133629390906
2019-07-26,0.00020251113811253774,-0.00020251113811253774
2019-07-29,0.0028345818991699634,-0.0028345818991699634
2019-07-30,-0.0010094891984655519,-0.0010094891984655519
2019-07-31,0.006265157639450347,0.006265157639450347
2019-08-01,0.013456517372966381,0.013456517372966381
2019-08-02,0.005747126436781658,0.005747126436781658
2019-08-05,0.013399014778325169,0.013399014778325169
2019-08-06,0.0017499513902392572,0.0017499513902392572
2019-08-07,0.007569875776397561,0.007569875776397561
2019-08-08,-0.004045463301868613,-0.004045463301868613
2019-08-09,-0.0017408123791102792,-0.0017408123791102792
2019-08-12,0.0133695020344895,0.0133695020344895
2019-08-13,-0.003059273422562181,-0.003059273422562181
2019-08-14,0.012082853855005737,0.012082853855005737
2019-08-15,0.004927041879855931,0.004927041879855931
2019-08-16,-0.0009428625306430183,-0.0009428625306430183
2019-08-19,-0.007927519818799578,-0.007927519818799578
2019-08-20,0.004566210045662045,0.004566210045662045
2019-08-21,-0.001136363636363602,-0.001136363636363602
2019-08-22,-0.004361016306408838,-0.004361016306408838
2019-08-23,0.008760236145496147,0.008760236145496147
2019-08-26,-0.002643005474797011,-0.002643005474797011
2019-08-27,0.008517887563884052,-0.008517887563884052
2019-08-28,0.0024399399399399613,-0.0024399399399399613
2019-08-29,-0.005055233102415291,0.005055233102415291
2019-08-30,0.0,-0.0
2019-09-03,0.003951825366955264,-0.003951825366955264
2019-09-04,0.00018744142455484614,-0.00018744142455484614
2019-09-05,-0.01236881559220393,0.01236881559220393
2019-09-06,0.00379506641366234,-0.00379506641366234
2019-09-09,-0.009262759924385633,0.009262759924385633
2019-09-10,-0.009349360809005947,0.009349360809005947
2019-09-11,-0.003274268104776601,0.003274268104776601
2019-09-12,-0.006956521739130417,0.006956521739130417
2019-09-13,-0.013815917493675833,0.013815917493675833
2019-09-16,0.008484609313338609,-0.008484609313338609
2019-09-17,0.002739189982390977,-0.002739189982390977
2019-09-18,0.004292682926829272,-0.004292682926829272
2019-09-19,0.0023314552166311397,-0.0023314552166311397
2019-09-20,-0.002132196162046962,0.002132196162046962
2019-09-23,0.00485625485625496,-0.00485625485625496
2019-09-24,0.009085636961144505,-0.009085636961144505
2019-09-25,-0.011494252873563204,0.011494252873563204
2019-09-26,0.006589147286821806,-0.006589147286821806
2019-09-27,0.0001925298421254773,-0.0001925298421254773
2019-09-30,-0.00019249278152067006,0.00019249278152067006
2019-10-01,0.0023103581055063938,-0.0023103581055063938
2019-10-02,0.0038417210910488553,-0.0038417210910488553
2019-10-03,0.006697282816685801,-0.006697282816685801
2019-10-04,0.0036114807070899424,-0.0036114807070899424
2019-10-07,-0.0035984848484847953,0.0035984848484847953
2019-10-08,0.0009503896597604644,-0.0009503896597604644
2019-10-09,-0.006076718571971118,0.006076718571971118
2019-10-10,-0.008024455483377935,0.008024455483377935
2019-10-11,-0.011171032357473076,0.011171032357473076
2019-10-14,0.004285157771718007,-0.004285157771718007
2019-10-15,-0.007370054305663287,0.007370054305663287
2019-10-16,0.0021492770613520396,-0.0021492770613520396
2019-10-17,-0.0005849093390524196,0.0005849093390524196
2019-10-18,0.00019508388607092364,-0.00019508388607092364
2019-10-21,-0.0048761458942852,0.0048761458942852
2019-10-22,0.003920031360250986,-0.003920031360250986
2019-10-23,0.00019523623584527527,-0.00019523623584527527
2019-10-24,-0.0007807925043920028,0.0007807925043920028
2019-10-25,-0.003711662434069174,0.003711662434069174
2019-10-28,-0.006862745098039191,0.006862745098039191
2019-10-29,0.0025666337611056633,-0.0025666337611056633
2019-10-30,0.005710909807010722,-0.005710909807010722
2019-10-31,0.011161151360877142,-0.011161151360877142
2019-11-01,-0.004647560030983766,0.004647560030983766
2019-11-04,-0.007198443579766511,0.007198443579766511
2019-11-05,-0.009994121105232234,0.009994121105232234
2019-11-06,0.006927949326999139,-0.006927949326999139
2019-11-07,-0.014546884214664879,0.014546884214664879
2019-11-08,-0.001595850787951325,0.001595850787951325
2019-11-11,0.0005994005994005569,-0.0005994005994005569
2019-11-12,0.0031948881789136685,-0.0031948881789136685
2019-11-13,0.00398089171974525,-0.00398089171974525
2019-11-14,0.006542426645519406,-0.006542426645519406
2019-11-15,-0.002166633838881271,0.002166633838881271
2019-11-18,0.002960915909988149,-0.002960915909988149
2019-11-19,0.0035426097224955377,-0.0035426097224955377
2019-11-20,0.0060796234555795525,0.0060796234555795525
2019-11-21,-0.0037037037037036535,-0.0037037037037036535
2019-11-22,0.0009782821365682537,0.0009782821365682537
2019-11-25,0.0011727912431587217,0.0011727912431587217
2019-11-26,0.003319016009371234,0.003319016009371234
2019-11-27,-0.0031134461957579296,-0.0031134461957579296
2019-11-29,-0.002147179387077869,-0.002147179387077869
2019-12-02,-0.009780907668231587,-0.009780907668231587
2019-12-03,0.01698933227973143,0.01698933227973143
2019-12-04,-0.008547008547008517,-0.008547008547008517
2019-12-05,-0.0023510971786834256,-0.0023510971786834256
2019-12-06,-0.0043205027494108705,-0.0043205027494108705
2019-12-09,0.002169625246548401,0.002169625246548401
2019-12-10,0.0005904349537493303,0.0005904349537493303
2019-12-11,0.005114083398898517,0.005114083398898517
2019-12-12,-0.013307240704500956,-0.013307240704500956
2019-12-13,0.009321697738992496,0.009321697738992496
2019-12-16,-0.008646099430143495,-0.008646099430143495
2019-12-17,-0.0001982160555005219,-0.0001982160555005219
2019-12-18,-0.004956383822363186,-0.004956383822363186
2019-12-19,0.002191671647738591,-0.002191671647738591
2019-12-20,-0.005964214711729587,0.005964214711729587
2019-12-23,-0.0023999999999999577,0.0023999999999999577
2019-12-24,0.003207698476343168,-0.003207698476343168
2019-12-26,0.0005995203836930418,-0.0005995203836930418
2019-12-27,0.0027960854803275037,-0.0027960854803275037
2019-12-30,-0.004182433778131878,0.004182433778131878
2019-12-31,-0.0021999999999999797,0.0021999999999999797
2020-01-02,0.004409701342954486,-0.004409701342954486
2020-01-03,0.010776292157254064,-0.010776292157254064
2020-01-06,-0.0027640671273445605,-0.0027640671273445605
2020-01-07,-0.002771728370619675,-0.002771728370619675
2020-01-08,-0.00655151876116733,-0.00655151876116733
2020-01-09,0.0027977617905674546,0.0027977617905674546
2020-01-10,0.005181347150259086,0.005181347150259086
2020-01-13,-0.0023790642347343294,-0.0023790642347343294
2020-01-14,0.0041732909379967875,0.0041732909379967875
2020-01-15,0.0037601424896100966,0.0037601424896100966
2020-01-16,-0.002563091482649882,-0.002563091482649882
2020-01-17,-0.0051393556038742405,-0.0051393556038742405
2020-01-21,0.008344923504867818,0.008344923504867818
2020-01-22,0.0013793103448276334,0.0013793103448276334
2020-01-23,0.0047225501770955525,0.0047225501770955525
2020-01-24,0.006658832745789267,0.006658832745789267
2020-01-27,0.008754863813229541,0.008754863813229541
2020-01-28,-0.004435872709739663,-0.004435872709739663
2020-01-29,0.005811700891127369,0.005811700891127369
2020-01-30,0.004044684129429932,0.004044684129429932
2020-01-31,0.0038365624400538145,0.0038365624400538145
2020-02-03,0.0015287597936173292,0.0015287597936173292
2020-02-04,-0.010303377218088161,-0.010303377218088161
2020-02-05,-0.005976479660690148,-0.005976479660690148
2020-02-06,0.0015515903801397446,0.0015515903801397446
2020-02-07,0.007552285050348662,0.007552285050348662
2020-02-10,0.0034595425715933104,0.0034595425715933104
2020-02-11,-0.004213752154759609,-0.004213752154759609
2020-02-12,-0.00480861704173885,-0.00480861704173885
2020-02-13,0.0011596443757246888,0.0011596443757246888
2020-02-14,0.003281853281853264,0.003281853281853264
2020-02-18,0.004618048874350578,0.004618048874350578
2020-02-19,-0.0011492051331162267,-0.0011492051331162267
2020-02-20,0.005944391179290465,0.005944391179290465
2020-02-21,0.006290507052992833,0.006290507052992833
2020-02-24,0.010608069710172474,0.010608069710172474
2020-02-25,0.005810684161199564,0.005810684161199564
2020-02-26,0.002422661200149001,0.002422661200149001
2020-02-27,0.002416806097787605,0.002416806097787605
2020-02-28,0.017062314540059242,0.017062314540059242
2020-03-02,0.004923413566739532,0.004923413566739532
2020-03-03,0.006350934494647076,0.006350934494647076
2020-03-04,0.0005409304002885751,0.0005409304002885751
2020-03-05,0.008830419895476727,0.008830419895476727
2020-03-06,0.03447659878528042,0.03447659878528042
2020-03-09,0.032982213780003544,0.032982213780003544
2020-03-10,-0.032096288866599765,-0.032096288866599765
2020-03-11,0.0043177892918826455,0.0043177892918826455
2020-03-12,-0.008082545141874453,-0.008082545141874453
2020-03-13,-0.01282940360610263,-0.01282940360610263
2020-03-16,0.02476290832455219,0.02476290832455219
2020-03-17,-0.04027420736932308,-0.04027420736932308
2020-03-18,-0.032678571428571446,-0.032678571428571446
2020-03-19,0.020121838656082636,0.020121838656082636
2020-03-20,0.026782482808541452,0.026782482808541452
2020-03-23,0.013218188227000383,0.013218188227000383
2020-03-24,-0.004522525656635912,-0.004522525656635912
2020-03-25,-0.006115673597763438,-0.006115673597763438
2020-03-26,0.0021097046413502962,0.0021097046413502962
2020-03-27,0.0052631578947368585,0.0052631578947368585
2020-03-30,0.009249563699825547,0.009249563699825547
2020-03-31,-0.009164793359847878,-0.009164793359847878
2020-04-01,0.011518324607329822,0.011518324607329822
2020-04-02,0.002242926155969549,0.002242926155969549
2020-04-03,0.005680840075744431,0.005680840075744431
2020-04-06,-0.01095515234508726,-0.01095515234508726
2020-04-07,-0.007442021460713044,-0.007442021460713044
2020-04-08,-0.005231037489102031,-0.005231037489102031
2020-04-09,0.0031551270815075583,0.0031551270815075583
2020-04-13,-0.004018871221387332,-0.004018871221387332
2020-04-14,-0.002456140350877156,-0.002456140350877156
2020-04-15,0.016180091452690837,0.016180091452690837
2020-04-16,0.004672897196261738,0.004672897196261738
2020-04-17,-0.008440999138673577,-0.008440999138673577
2020-04-20,0.004864489228630919,0.004864489228630919
2020-04-21,0.008298755186721962,0.008298755186721962
2020-04-22,-0.007030178326474568,-0.007030178326474568
2020-04-23,0.002417544465550092,0.002417544465550092
2020-04-24,0.0032730404823428927,0.0032730404823428927
2020-04-27,-0.00789835164835162,-0.00789835164835162
2020-04-28,0.0070958809276566726,0.0070958809276566726
2020-04-29,-0.00257776250214814,-0.00257776250214814
2020-04-30,-0.0018952446588559324,0.0018952446588559324
2020-05-01,-0.0020714655618850886,0.0020714655618850886
2020-05-04,0.00034596090641758614,-0.00034596090641758614
2020-05-05,-0.0024208888120352823,0.0024208888120352823
2020-05-06,-0.008667013347200547,0.008667013347200547
2020-05-07,0.01346389228886169,-0.01346389228886169
2020-05-08,-0.007936507936507908,0.007936507936507908
2020-05-11,-0.006608695652173924,0.006608695652173924
2020-05-12,0.007352941176470562,-0.007352941176470562
2020-05-13,0.004692387904066786,-0.004692387904066786
2020-05-14,0.005362394049472474,-0.005362394049472474
2020-05-15,-0.0037852718513420314,0.0037852718513420314
2020-05-18,-0.015371329879101947,0.015371329879101947
2020-05-19,0.0026311173478337224,-0.0026311173478337224
2020-05-20,0.005598320503848786,-0.005598320503848786
2020-05-21,0.0005219206680584509,-0.0005219206680584509
2020-05-22,0.002956007650843251,-0.002956007650843251
2020-05-26,-0.007108183079056918,0.007108183079056918
2020-05-27,0.002793783830976171,-0.002793783830976171
2020-05-28,-0.0045272505659063045,0.0045272505659063045
2020-05-29,0.007521427322022101,-0.007521427322022101
2020-06-01,-0.00347222222222221,0.00347222222222221
2020-06-02,-0.0022648083623693083,0.0022648083623693083
2020-06-03,-0.010302077876724325,0.010302077876724325
2020-06-04,-0.008468595624558928,0.008468595624558928
2020-06-05,-0.008540925266903865,0.008540925266903865
2020-06-08,0.002153625269203152,-0.002153625269203152
2020-06-09,0.008237822349570267,-0.008237822349570267
2020-06-10,0.009058614564831258,-0.009058614564831258
2020-06-11,0.013729977116704761,-0.013729977116704761
2020-06-12,-0.0065983677721827005,0.0065983677721827005
2020-06-15,0.0006991784653032074,-0.0006991784653032074
2020-06-16,-0.009082969432314458,0.009082969432314458
2020-06-17,0.0028203772254538073,-0.0028203772254538073
2020-07-02,0.0008771929824560321,-0.0008771929824560321
2020-07-06,-0.0017528483786152238,0.0017528483786152238
2020-07-07,0.0057945566286214945,-0.0057945566286214945
2020-07-08,-0.00034916201117318746,0.00034916201117318746
2020-07-09,0.008033531260915217,-0.008033531260915217
2020-07-10,-0.0031185031185031464,0.0031185031185031464
2020-07-13,-0.0010427528675703845,0.0010427528675703845
2020-07-14,0.0036534446764091566,-0.0036534446764091566
2020-07-15,-0.0031201248049922414,0.0031201248049922414
2020-07-16,0.002782124847852563,-0.002782124847852563
2020-07-17,-0.0027744061036933942,0.0027744061036933942
2020-07-20,0.0015649452269170805,-0.0015649452269170805
2020-07-21,0.0015624999999999112,-0.0015624999999999112
2020-07-22,0.0019067429363841537,-0.0019067429363841537
2020-07-23,0.002595155709342656,-0.002595155709342656
2020-07-24,0.0,-0.0
2020-07-27,-0.002415875754961161,0.002415875754961161
2020-07-28,0.004324511330219716,-0.004324511330219716
2020-07-29,-0.0008611780916293332,0.0008611780916293332
2020-07-30,0.005688674366488566,-0.005688674366488566
2020-07-31,-0.00017140898183065634,0.00017140898183065634
2020-08-03,-0.0037716440939482565,0.0037716440939482565
2020-08-04,0.006539321975563617,-0.006539321975563617
2020-08-05,-0.0037613267225167224,0.0037613267225167224
2020-08-06,0.0008580744808648344,-0.0008580744808648344
2020-08-07,-0.0036008230452675427,0.0036008230452675427
2020-08-10,-0.0017208742040957237,0.0017208742040957237
2020-08-11,-0.011894500948112396,0.011894500948112396
2020-08-12,-0.0019190509420795587,0.0019190509420795587
2020-08-13,-0.005418633106100357,0.005418633106100357
2020-08-14,0.00017574692442878792,-0.00017574692442878792
2020-08-17,0.0028114566859953616,-0.0028114566859953616
2020-08-18,0.002628351147713426,-0.002628351147713426
2020-08-19,-0.002097168822090212,0.002097168822090212
2020-08-20,0.005078809106830118,-0.005078809106830118
2020-08-21,0.0013939710751000867,-0.0013939710751000867
2020-08-24,-0.0008700191404210633,0.0008700191404210633
2020-08-25,-0.005050505050505083,0.005050505050505083
2020-08-26,-0.00210047260633639,0.00210047260633639
2020-08-27,-0.0098228380985792,0.0098228380985792
2020-08-28,0.0001771479185119773,-0.0001771479185119773
2020-08-31,0.005313496280552554,-0.005313496280552554
2020-09-01,0.0035236081747709314,-0.0035236081747709314
2020-09-02,0.004915730337078594,-0.004915730337078594
2020-09-03,0.0036687631027254586,-0.0036687631027254586
2020-09-04,-0.013925152306353383,0.013925152306353383
2020-09-08,0.005119152691968276,-0.005119152691968276
2020-09-09,-0.0031612223393044925,0.0031612223393044925
2020-09-10,0.002995066948555225,-0.002995066948555225
2020-09-11,0.0019321974354471472,-0.0019321974354471472
2020-09-14,0.0005259467040672483,-0.0005259467040672483
2020-09-15,-0.0010513404590852815,0.0010513404590852815
2020-09-16,-0.0012278547623223446,0.0012278547623223446
2020-09-17,0.0010537407797681642,-0.0010537407797681642
2020-09-18,-0.0026315789473684292,0.0026315789473684292
2020-09-21,0.0035180299032542273,-0.0035180299032542273
2020-09-22,-0.008939526730937786,0.008939526730937786
2020-09-23,-0.0012380615493455815,0.0012380615493455815
2020-09-24,0.0028333628475296635,-0.0028333628475296635
2020-09-25,0.0003531696980398902,-0.0003531696980398902
2020-09-28,-0.0010591350397175514,0.0010591350397175514
2020-09-29,0.0021205159922248473,-0.0021205159922248473
2020-09-30,-0.005290072297654769,0.005290072297654769
2020-10-01,0.0003545470661230343,-0.0003545470661230343
2020-10-02,-0.0024809498493708615,0.0024809498493708615
2020-10-05,-0.009593178184402196,0.009593178184402196
2020-10-06,0.0026905829596413078,-0.0026905829596413078
2020-10-07,-0.0059033989266547016,0.0059033989266547016
2020-10-08,0.0030592046068023127,-0.0030592046068023127
2020-10-09,-0.0008970218873340929,0.0008970218873340929
2020-10-12,0.0019752199676781323,0.0019752199676781323
2020-10-13,0.00465949820788536,0.00465949820788536
2020-10-14,0.001070281840884757,0.001070281840884757
2020-10-15,-0.0007127583749109156,-0.0007127583749109156
2020-10-16,-0.001961483594864477,-0.001961483594864477
2020-10-19,-0.0023226728604609503,-0.0023226728604609503
2020-10-20,-0.005730659025787954,-0.005730659025787954
2020-10-21,-0.002341498559077837,-0.002341498559077837
2020-10-22,-0.004332912077992468,-0.004332912077992468
2020-10-23,0.001450589301903893,0.001450589301903893
2020-10-26,0.005793952562013427,-0.005793952562013427
2020-10-27,0.002880288028802802,-0.002880288028802802
2020-10-28,-0.00035900197451088633,0.00035900197451088633
2020-10-29,-0.006823487161070174,0.006823487161070174
2020-10-30,-0.002169589585970022,0.002169589585970022
2020-11-02,0.0016307302047471328,-0.0016307302047471328
2020-11-03,-0.0041606367583212345,0.0041606367583212345
2020-11-04,0.013987284287011903,-0.013987284287011903
2020-11-05,-0.000537441777140768,0.000537441777140768
2020-11-06,-0.005915038537372297,0.005915038537372297
2020-11-09,-0.018031013342949875,-0.018031013342949875
2020-11-10,-0.0011017260374587279,-0.0011017260374587279
2020-11-11,0.0038602941176471006,0.0038602941176471006
2020-11-12,0.009522065555759074,0.009522065555759074
2020-11-13,-0.0005441683294031829,-0.0005441683294031829
2020-11-16,-0.0016333938294010864,-0.0016333938294010864
2020-11-17,0.0038174877295036325,0.0038174877295036325
2020-11-18,-0.0001810938065918144,-0.0001810938065918144
2020-11-19,0.00416591197246885,0.00416591197246885
2020-11-20,0.004689754689754633,0.004689754689754633
2020-11-23,-0.003411131059245953,-0.003411131059245953
2020-11-24,-0.0032426589803639105,-0.0032426589803639105
2020-11-25,-0.00018073377914329392,-0.00018073377914329392
2020-11-27,0.005784526391901634,0.005784526391901634
2020-11-30,-0.0005391804457225424,-0.0005391804457225424
2020-12-01,-0.012048192771084376,-0.012048192771084376
2020-12-02,-0.0027302511831088783,-0.0027302511831088783
2020-12-03,0.004015331264829447,0.004015331264829447
2020-12-04,-0.006726049809125612,-0.006726049809125612
2020-12-07,0.004758418740849146,0.004758418740849146
2020-12-08,0.0030965391621129434,0.0030965391621129434
2020-12-09,-0.0034501543490103037,-0.0034501543490103037
2020-12-10,0.00564868804664731,0.00564868804664731
2020-12-11,0.0009059612248596416,0.0009059612248596416
2020-12-14,0.00018102824040555632,0.00018102824040555632
2020-12-15,-0.004343891402714961,-0.004343891402714961
2020-12-16,0.00036357025995270575,0.00036357025995270575
2020-12-17,-0.0014537524986371064,-0.0014537524986371064
2020-12-18,-0.00309372156505916,-0.00309372156505916
2020-12-21,0.001825483753194579,0.001825483753194579
2020-12-22,0.008928571428571397,0.008928571428571397
2020-12-23,-0.005598699656853889,-0.005598699656853889
2020-12-24,0.0039956411187795915,0.0039956411187795915
2020-12-28,0.0,0.0
2020-12-29,-0.0005426917510853446,-0.0005426917510853446
2020-12-30,0.0010859728506786848,0.0010859728506786848
2020-12-31,0.0019887904538058443,0.0019887904538058443
2021-01-04,-0.0009022013713461119,-0.0009022013713461119
2021-01-05,-0.005959906086328348,-0.005959906086328348
2021-01-06,-0.01326308139534882,-0.01326308139534882
2021-01-07,-0.0029460504511139574,-0.0029460504511139574
2021-01-08,-0.0027700831024930483,-0.0027700831024930483
2021-01-11,-0.0024074074074074137,-0.0024074074074074137
2021-01-12,-0.0009281603861147625,-0.0009281603861147625
2021-01-13,0.007060572277963528,0.007060572277963528
2021-01-14,-0.00682656826568262,-0.00682656826568262
2021-01-15,0.003529630317666621,0.003529630317666621
2021-01-19,0.000925583117364015,0.000925583117364015
2021-01-20,0.00018494544109493027,0.00018494544109493027
2021-01-21,-0.003328402366863936,-0.003328402366863936
2021-01-22,0.0025974025974024872,-0.0025974025974024872
2021-01-25,0.006476683937823857,-0.006476683937823857
2021-01-26,-0.0005515719801434393,0.0005515719801434393
2021-01-27,0.0033112582781456013,-0.0033112582781456013
2021-01-28,-0.005133846718005097,0.005133846718005097
2021-01-29,-0.004976041282712895,0.004976041282712895
2021-02-01,0.0016669753658085096,-0.0016669753658085096
2021-02-02,-0.003328402366863936,0.003328402366863936
2021-02-03,-0.003525046382189201,0.003525046382189201
2021-02-04,-0.0022342208154906285,0.0022342208154906285
2021-02-05,-0.004478447471543245,-0.004478447471543245
2021-02-08,0.0024367385192127777,0.0024367385192127777
2021-02-09,0.0,0.0
2021-02-10,0.002430815258040342,0.002430815258040342
2021-02-11,-0.0016787912702853625,-0.0016787912702853625
2021-02-12,-0.0065396113602391726,-0.0065396113602391726
2021-02-16,-0.012413014858002613,-0.012413014858002613
2021-02-17,0.0019043991620644185,0.0019043991620644185
2021-02-18,0.0005702337958564119,0.0005702337958564119
2021-02-19,-0.008548632218844943,-0.008548632218844943
2021-02-22,-0.004406974516190876,-0.004406974516190876
2021-02-23,-0.001347190146266386,-0.001347190146266386
2021-02-24,-0.003854307188282946,-0.003854307188282946
2021-02-25,-0.011414200038692202,-0.011414200038692202
2021-02-26,0.006653620352250478,0.006653620352250478
2021-03-01,-0.00019440124416791882,-0.00019440124416791882
2021-03-02,0.0017499513902392572,0.0017499513902392572
2021-03-03,-0.005822981366459645,-0.005822981366459645
2021-03-04,-0.008980866848887104,-0.008980866848887104
2021-03-05,0.0007880220646176994,0.0007880220646176994
2021-03-08,-0.0029527559055118058,-0.0029527559055118058
2021-03-09,0.006515301085883607,0.006515301085883607
2021-03-10,0.0023538642604943316,0.0023538642604943316
2021-03-11,-0.0015655577299412693,-0.0015655577299412693
2021-03-12,-0.014504116032928227,-0.014504116032928227
2021-03-15,0.0031821797931583795,0.0031821797931583795
2021-03-16,-0.0015860428231562196,-0.0015860428231562196
2021-03-17,-0.004368546465448819,-0.004368546465448819
2021-03-18,-0.007379337854008794,-0.007379337854008794
2021-03-19,0.0004018485031143104,0.0004018485031143104
2021-03-22,0.00803374171520388,0.00803374171520388
2021-03-23,-0.004383343295477182,-0.004383343295477182
2021-03-24,0.0038022813688212143,0.0038022813688212143
2021-03-25,-0.0003987240829346206,-0.0003987240829346206
2021-03-26,-0.004587155963302725,-0.004587155963302725
2021-03-29,-0.007613704668403165,-0.007613704668403165
2021-03-30,0.0016151827175450162,0.0016151827175450162
2021-03-31,-0.0028220116911913395,-0.0028220116911913395
2021-04-01,0.010511421063270632,0.010511421063270632
2021-04-05,-0.004000800160032014,-0.004000800160032014
2021-04-06,0.006025306286402854,0.006025306286402854
2021-04-07,-0.0009982032341784297,-0.0009982032341784297
2021-04-08,0.002597921662669922,0.002597921662669922
2021-04-09,-0.0017939007374925264,-0.0017939007374925264
2021-04-12,-0.0013977635782748132,-0.0013977635782748132
2021-04-13,0.0055988802239552715,0.0055988802239552715
2021-04-14,-0.001789620202823583,-0.001789620202823583
2021-04-15,0.013545816733067761,0.013545816733067761
2021-04-16,-0.0062893081761006275,-0.0062893081761006275
2021-04-19,-0.0031645569620253333,-0.0031645569620253333
2021-04-20,0.004166666666666652,0.004166666666666652
2021-04-21,-0.00019758940920766577,-0.00019758940920766577
2021-04-22,0.0019762845849802257,0.0019762845849802257
2021-04-23,-0.0009861932938856066,-0.0009861932938856066
2021-04-26,0.000987166831194486,0.000987166831194486
2021-04-27,-0.0063116370808679045,-0.0063116370808679045
2021-04-28,0.0003969829297341132,0.0003969829297341132
2021-04-29,-0.001984126984126977,-0.001984126984126977
2021-04-30,0.00039761431411533543,0.00039761431411533543
2021-05-03,0.0023847376788552754,0.0023847376788552754
2021-05-04,0.0023790642347343294,0.0023790642347343294
2021-05-05,0.0007911392405062223,0.0007911392405062223
2021-05-06,0.003162055335968361,0.003162055335968361
2021-05-07,-0.004137115839243477,-0.004137115839243477
2021-05-10,-0.002769535113748778,-0.002769535113748778
2021-05-11,-0.003769093433842463,-0.003769093433842463
2021-05-12,-0.008562325766626855,-0.008562325766626855
2021-05-13,0.0038160273147218593,0.0038160273147218593
2021-05-14,0.00400160064025612,0.00400160064025612
2021-05-17,-0.00019928258270229815,-0.00019928258270229815
2021-05-18,-0.0005979669124974718,-0.0005979669124974718
2021-05-19,-0.00398883127243721,-0.00398883127243721
2021-05-20,0.006007208650380402,0.006007208650380402
2021-05-21,0.0015923566878981443,0.0015923566878981443
2021-05-24,0.002782193958664525,0.002782193958664525
2021-05-25,0.005747126436781658,0.005747126436781658
2021-05-26,-0.00039408866995072067,-0.00039408866995072067
2021-05-27,-0.004730928444707239,-0.004730928444707239
2021-05-28,0.002178649237472685,0.002178649237472685
2021-06-01,-0.0025691699604742935,-0.0025691699604742935
2021-06-02,0.002377650089161909,0.002377650089161909
2021-06-03,-0.0027673453251630953,-0.0027673453251630953
2021-06-04,0.008919722497522375,0.008919722497522375
2021-06-07,-0.001571709233791796,-0.001571709233791796
2021-06-08,0.004919323101141293,0.004919323101141293
2021-06-09,0.0048952418249461616,0.0048952418249461616
2021-06-10,0.003312548713951591,0.003312548713951591
2021-06-11,-0.0005826374053213845,-0.0005826374053213845
2021-06-14,-0.003886513797124014,-0.003886513797124014
2021-06-15,-0.0003901677721420693,-0.0003901677721420693
2021-06-16,-0.004488680718188864,-0.004488680718188864
2021-06-17,0.011958439521662312,0.011958439521662312
2021-06-18,0.007555211158465802,0.007555211158465802
2021-06-21,-0.005575850797923443,-0.005575850797923443
2021-06-22,-0.01044083526682138,-0.01044083526682138
2021-06-23,-0.0009769441187964523,-0.0009769441187964523
2021-06-24,0.0009778994719342737,0.0009778994719342737
2021-06-25,-0.007424775302852682,-0.007424775302852682
2021-06-28,0.008267716535433012,0.008267716535433012
2021-06-29,0.00019523623584527527,0.00019523623584527527
2021-06-30,0.00409916064805782,0.00409916064805782
2021-07-01,-0.003499222395023316,-0.003499222395023316
2021-07-02,0.004486929379633242,0.004486929379633242
2021-07-06,0.007380073800737907,0.007380073800737907
2021-07-07,0.0073260073260073,0.0073260073260073
2021-07-08,0.004019138755980922,0.004019138755980922
2021-07-09,-0.008006099885627171,-0.008006099885627171
2021-07-12,-0.000768639508070712,-0.000768639508070712
2021-07-13,-0.006538461538461493,-0.006538461538461493
2021-07-14,0.007162214479287554,0.007162214479287554
2021-07-15,0.008072266000384465,0.008072266000384465
2021-07-16,-0.0005719733079122546,-0.0005719733079122546
2021-07-19,0.014307516215185112,0.014307516215185112
2021-07-20,-0.004513823584728183,-0.004513823584728183
2021-07-21,-0.008312866049499323,-0.008312866049499323
2021-07-22,0.0028576871785102043,0.0028576871785102043
2021-07-23,-0.002849544072948351,-0.002849544072948351
2021-07-26,0.0005715374357020409,0.0005715374357020409
2021-07-27,0.005331302361005319,0.005331302361005319
2021-07-28,-0.0037878787878787845,-0.0037878787878787845
2021-07-29,-0.0013307984790874583,-0.0013307984790874583
2021-07-30,0.0034266133637921303,0.0034266133637921303
2021-08-02,0.007778410168848504,0.007778410168848504
2021-08-03,0.0,0.0
2021-08-04,0.0011295180722892262,0.0011295180722892262
2021-08-05,-0.0030086498683715712,-0.0030086498683715712
2021-08-06,-0.00905318747642403,-0.00905318747642403
2021-08-09,-0.0030452988199467512,-0.0030452988199467512
2021-08-10,-0.00286368843069873,-0.00286368843069873
2021-08-11,-0.0011487650775416913,-0.0011487650775416913
2021-08-12,-0.0007667241709794492,-0.0007667241709794492
2021-08-13,0.009207749856128933,0.009207749856128933
2021-08-16,0.0043717924348982695,0.0043717924348982695
2021-08-17,0.0,0.0
2021-08-18,-0.00037850113550341735,-0.00037850113550341735
2021-08-19,0.004543733434305253,0.004543733434305253
2021-08-20,-0.00037693177534869893,-0.00037693177534869893
2021-08-23,0.00037707390648566985,0.00037707390648566985
2021-08-24,-0.004711647191858237,-0.004711647191858237
2021-08-25,-0.0066275326642680765,-0.0066275326642680765
2021-08-26,0.0007624857033929899,0.0007624857033929899
2021-08-27,0.002666666666666595,0.002666666666666595
2021-08-30,0.0032294832826746944,0.0032294832826746944
2021-08-31,-0.0030297292179511937,-0.0030297292179511937
2021-09-01,0.001519468186134798,0.001519468186134798
2021-09-02,0.0011378721790251678,0.0011378721790251678
2021-09-03,-0.0030308770600492307,-0.0030308770600492307
2021-09-07,-0.006080182405472145,-0.006080182405472145
2021-09-08,0.0042056968074937195,0.0042056968074937195
2021-09-09,0.005901389682086533,0.005901389682086533
2021-09-10,-0.005109765329295968,-0.005109765329295968
2021-09-13,0.0026631158455392434,0.0026631158455392434
2021-09-14,0.007019540884082742,0.007019540884082742
2021-09-15,-0.0028259231348907177,-0.0028259231348907177
2021-09-16,-0.0026450028339316534,-0.0026450028339316534
2021-09-17,-0.004925175222580069,-0.004925175222580069
2021-09-20,0.007805063773081988,0.007805063773081988
2021-09-21,-0.0003777861730260845,-0.0003777861730260845
2021-09-22,-0.009826152683295564,-0.009826152683295564
2021-09-23,-0.009732824427480913,-0.009732824427480913
2021-09-24,-0.007323183657737542,0.007323183657737542
2021-09-27,-0.0017472335468841083,0.0017472335468841083
2021-09-28,-0.008556981719175405,0.008556981719175405
2021-09-29,-0.0013730874852883046,0.0013730874852883046
2021-09-30,0.0007857002553526282,-0.0007857002553526282
2021-10-01,0.007065750736015675,-0.007065750736015675
2021-10-04,-0.0013642564802183177,0.0013642564802183177
2021-10-05,-0.006049960967993706,0.006049960967993706
2021-10-06,0.0019634792852936123,-0.0019634792852936123
2021-10-07,-0.0064667842445620405,0.0064667842445620405
2021-10-08,-0.004339250493096691,-0.004339250493096691
2021-10-11,-0.0017828843106180159,-0.0017828843106180159
2021-10-12,0.0069458225838459065,0.0069458225838459065
2021-10-13,0.006897910918407524,0.006897910918407524
2021-10-14,0.002740262282246997,0.002740262282246997
2021-10-15,-0.004489556900253766,-0.004489556900253766
2021-10-18,0.0011764705882353343,0.0011764705882353343
2021-10-19,-0.008029768899334155,-0.008029768899334155
2021-10-20,-0.000987166831194486,-0.000987166831194486
2021-10-21,-0.002371541501976271,-0.002371541501976271
2021-10-22,0.0033676703645006967,-0.0033676703645006967
2021-10-25,0.0015794669299111774,-0.0015794669299111774
2021-10-26,0.00275970825941263,-0.00275970825941263
2021-10-27,0.01258108905052091,-0.01258108905052091
2021-10-28,-0.0029120559114734768,0.0029120559114734768
2021-10-29,0.0021417445482865283,-0.0021417445482865283
2021-11-01,-0.002914319020788758,0.002914319020788758
2021-11-02,0.002533125487139465,-0.002533125487139465
2021-11-03,-0.0019436345966957758,0.0019436345966957758
2021-11-04,0.004284323271664947,-0.004284323271664947
2021-11-05,0.010665115377157308,0.010665115377157308
2021-11-08,-0.0036454336147352384,-0.0036454336147352384
2021-11-09,0.008858078182168327,0.008858078182168327
2021-11-10,-0.009734682191257837,-0.009734682191257837
2021-11-11,-0.0021202775636083304,-0.0021202775636083304
2021-11-12,-0.0025111068186207675,-0.0025111068186207675
2021-11-15,-0.006971340046475594,-0.006971340046475594
2021-11-16,-0.0015600624024960652,-0.0015600624024960652
2021-11-17,0.0027343749999999556,0.0027343749999999556
2021-11-18,0.003116478379431298,0.003116478379431298
2021-11-19,0.005436893203883519,0.005436893203883519
2021-11-22,-0.009269988412514474,-0.009269988412514474
2021-11-23,-0.005847953216374324,-0.005847953216374324
2021-11-24,0.0039215686274509665,0.0039215686274509665
2021-11-26,0.01796875000000009,0.01796875000000009
2021-11-29,-0.005372217958557135,-0.005372217958557135
2021-11-30,0.01041666666666674,0.01041666666666674
2021-12-01,0.00152730049637273,0.00152730049637273
2021-12-02,-0.00019062142584824748,-0.00019062142584824748
2021-12-03,0.011058150619637663,0.011058150619637663
2021-12-06,-0.009805770318687568,-0.009805770318687568
2021-12-07,-0.003808798324128726,-0.003808798324128726
2021-12-08,-0.0066908812846492305,-0.0066908812846492305
2021-12-09,0.0028868360277136684,0.0028868360277136684
2021-12-10,0.0001919017463059003,0.0001919017463059003
2021-12-13,0.007099002302379143,0.007099002302379143
2021-12-14,-0.0015240998285387386,-0.0015240998285387386
2021-12-15,-0.0028620492272467546,-0.0028620492272467546
2021-12-16,0.0022962112514350874,0.0022962112514350874
2021-12-17,0.002672775868652222,0.002672775868652222
2021-12-20,-0.0036176694592535696,-0.0036176694592535696
2021-12-21,-0.009745843684311084,-0.009745843684311084
2021-12-22,-0.0034735623311462627,-0.0034735623311462627
2021-12-23,-0.005615801704105361,-0.005615801704105361
2021-12-27,0.0017526777020446804,0.0017526777020446804
2021-12-28,-0.0005832037325038675,-0.0005832037325038675
2021-12-29,-0.007975102120210131,-0.007975102120210131
2021-12-30,0.0031372549019608176,0.0031372549019608176
2021-12-31,0.0035183737294761652,0.0035183737294761652
2022-01-03,-0.01577717179587068,-0.01577717179587068
2022-01-04,-0.006926578270334494,-0.006926578270334494
2022-01-05,-0.002789956157831841,-0.002789956157831841
2022-01-06,-0.0027977617905675656,-0.0027977617905675656
2022-01-07,-0.0052104208416833275,-0.0052104208416833275
2022-01-10,0.0014101531023367198,0.0014101531023367198
2022-01-11,0.003822168577750862,0.003822168577750862
2022-01-12,0.0006012024048096531,0.0006012024048096531
2022-01-13,0.003204486280793173,0.003204486280793173
2022-01-14,-0.007586344579756488,-0.007586344579756488
2022-01-18,-0.010661838664252632,-0.010661838664252632
2022-01-19,0.005693371289141824,-0.005693371289141824
2022-01-20,-0.0006065507480792487,0.0006065507480792487
2022-01-21,0.00950839571110662,-0.00950839571110662
2022-01-24,-0.00020040080160321772,0.00020040080160321772
2022-01-25,-0.004209260372820212,0.004209260372820212
2022-01-26,-0.005837359098228689,0.005837359098228689
2022-01-27,0.006883984612269689,-0.006883984612269689
2022-01-28,0.00221194450030171,-0.00221194450030171
2022-01-31,-0.0008025682182986049,0.0008025682182986049
2022-02-01,-0.002008032128514081,0.002008032128514081
2022-02-02,0.004426559356136783,0.004426559356136783
2022-02-03,-0.0070112179487179516,-0.0070112179487179516
2022-02-04,-0.010691950776679393,-0.010691950776679393
2022-02-07,0.0016313213703098572,0.0016313213703098572
2022-02-08,-0.004682410423452743,-0.004682410423452743
2022-02-09,0.0032726528942523814,0.0032726528942523814
2022-02-10,-0.010601427115188633,-0.010601427115188633
2022-02-11,0.0065938594683701,0.0065938594683701
2022-02-14,-0.005936540429887449,-0.005936540429887449
2022-02-15,-0.00658978583196046,-0.00658978583196046
2022-02-16,0.0006218905472636926,0.0006218905472636926
2022-02-17,0.007458048477315016,0.007458048477315016
2022-02-18,0.006991568990335262,0.006991568990335262
2022-02-22,-0.0004084133142739921,-0.0004084133142739921
2022-02-23,-0.0026557711950970786,-0.0026557711950970786
2022-02-24,-0.0008193363375665896,-0.0008193363375665896
2022-02-25,-0.0012300123001229846,-0.0012300123001229846
2022-02-28,0.015394088669950845,0.015394088669950845
2022-03-01,0.015767131594905948,0.015767131594905948
2022-03-02,-0.015721393034825892,-0.015721393034825892
2022-03-03,0.002224019409623912,0.002224019409623912
2022-03-04,0.014928384103288339,0.014928384103288339
2022-03-07,0.0025839793281654533,0.0025839793281654533
2022-03-08,-0.016058683584456834,-0.016058683584456834
2022-03-09,-0.00906709651420512,-0.00906709651420512
2022-03-10,-0.005693371289141935,-0.005693371289141935
2022-03-11,0.0022494887525561502,0.0022494887525561502
2022-03-14,-0.01591511936339518,-0.01591511936339518
2022-03-15,-0.003939456769645466,-0.003939456769645466
2022-03-16,0.0002081598667775797,0.0002081598667775797
2022-03-17,-0.0022892819979187795,-0.0022892819979187795
2022-03-18,0.006466416353775539,0.006466416353775539
2022-03-21,-0.017823834196891153,-0.017823834196891153
2022-03-22,-0.007596539354294163,-0.007596539354294163
2022-03-23,0.017435679353604128,0.017435679353604128
2022-03-24,-0.0012539184952977678,-0.0012539184952977678
2022-03-25,-0.015275162167817546,-0.015275162167817546
2022-03-28,0.003824904377390581,0.003824904377390581
2022-03-29,0.008890770533446224,0.008890770533446224
2022-03-30,0.003357112882920621,0.003357112882920621
2022-03-31,0.004182350480970376,0.004182350480970376
2022-04-01,-0.0016659725114535062,-0.0016659725114535062
2022-04-04,-0.006257822277847325,-0.006257822277847325
2022-04-05,-0.016582703610411365,-0.016582703610411365
2022-04-06,-0.006616862326574213,-0.006616862326574213
2022-04-07,-0.008165019338203683,-0.008165019338203683
2022-04-08,-0.007582322357019056,-0.007582322357019056
2022-04-11,-0.0076402532198209805,-0.0076402532198209805
2022-04-12,0.0026396832380113366,0.0026396832380113366
2022-04-13,0.005265467310223704,0.005265467310223704
2022-04-14,-0.014840680925360061,-0.014840680925360061
2022-04-18,-0.006202924235711116,-0.006202924235711116
2022-04-19,-0.005127061970575109,-0.005127061970575109
2022-04-20,0.011203226529240329,0.011203226529240329
2022-04-21,-0.006869044981165473,-0.006869044981165473
2022-04-22,0.000223114680945935,0.000223114680945935
2022-04-25,0.010260985946910495,0.010260985946910495
2022-04-26,0.006403179509825607,0.006403179509825607
2022-04-27,-0.006362439666520392,-0.006362439666520392
2022-04-28,-0.0022079929344226423,-0.0022079929344226423
2022-04-29,-0.0037618942243858866,-0.0037618942243858866
2022-05-02,-0.01132829853398487,-0.01132829853398487
2022-05-03,0.006515389800044957,0.006515389800044957
2022-05-04,0.0011160714285713969,0.0011160714285713969
2022-05-05,-0.02051282051282055,-0.02051282051282055
2022-05-06,-0.00705668108354196,-0.00705668108354196
2022-05-09,0.004585052728106387,0.004585052728106387
2022-05-10,0.012094933820173459,0.012094933820173459
2022-05-11,0.007440811724915397,0.007440811724915397
2022-05-12,0.009400179051029633,0.009400179051029633
2022-05-13,-0.013082039911308185,-0.013082039911308185
2022-05-16,0.005841383958661073,0.005841383958661073
2022-05-17,-0.008934554389099847,-0.008934554389099847
2022-05-18,0.011945007888212844,0.011945007888212844
2022-05-19,0.002004454342984463,0.002004454342984463
2022-05-20,0.00844632140475654,0.00844632140475654
2022-05-23,-0.010359268238924413,-0.010359268238924413
2022-05-24,0.01135857461024492,0.01135857461024492
2022-05-25,-0.00044043162299056693,-0.00044043162299056693
2022-05-26,-0.001101564221194118,-0.001101564221194118
2022-05-27,0.0017644464049404451,0.0017644464049404451
2022-05-31,-0.010568031704095149,-0.010568031704095149
2022-06-01,-0.00578549176680021,-0.00578549176680021
2022-06-02,0.0008952551477170445,0.0008952551477170445
2022-06-03,-0.00402504472271914,-0.00402504472271914
2022-06-06,-0.010552312528064656,-0.010552312528064656
2022-06-07,0.009303380984796883,0.009303380984796883
2022-06-08,-0.007194244604316502,-0.007194244604316502
2022-06-09,0.0006793478260869179,0.0006793478260869179
2022-06-10,-0.010409594930979815,-0.010409594930979815
2022-06-13,-0.022410244683283786,-0.022410244683283786
2022-06-14,-0.009122807017543866,-0.009122807017543866
2022-06-15,0.007790368271954673,0.007790368271954673
2022-06-16,0.009369875849144949,0.009369875849144949
2022-06-17,0.008586679043861789,0.008586679043861789
2022-06-21,-0.008973768982972863,-0.008973768982972863
2022-06-22,0.010215927559786397,0.010215927559786397
2022-06-23,0.008273960009193226,0.008273960009193226
2022-06-24,-0.0077501709596534685,-0.0077501709596534685
2022-06-27,-0.005283712382265104,-0.005283712382265104
2022-06-28,-0.0011547344110854896,-0.0011547344110854896
2022-06-29,0.013179190751445136,0.013179190751445136
2022-06-30,0.012323140118667197,0.012323140118667197
2022-07-01,0.005184851217312936,0.005184851217312936
2022-07-05,0.01300740076250273,0.01300740076250273
2022-07-06,-0.009740978525570099,-0.009740978525570099
2022-07-07,-0.00983679856919295,-0.00983679856919295
2022-07-08,-0.011289230074508882,-0.011289230074508882
2022-07-11,0.013701758392327124,0.013701758392327124
2022-07-12,0.00450551926109477,0.00450551926109477
2022-07-13,0.007176496972415292,0.007176496972415292
2022-07-14,-0.005566688933422381,-0.005566688933422381
2022-07-15,0.0033587102552619097,0.0033587102552619097
2022-07-18,-0.005579111805400605,-0.005579111805400605
2022-07-19,-0.004937163375224429,-0.004937163375224429
2022-07-20,-0.00045105999097883043,-0.00045105999097883043
2022-07-21,0.013312274368231014,0.013312274368231014
2022-07-22,0.012246715653529305,0.012246715653529305
2022-07-25,-0.004619445666520061,-0.004619445666520061
2022-07-26,0.005082872928176885,0.005082872928176885
2022-07-27,0.004397537379067673,0.004397537379067673
2022-07-28,0.002845884413309907,0.002845884413309907
2022-07-29,0.005893909626718985,0.005893909626718985
2022-08-01,0.00477430555555558,0.00477430555555558
2022-08-02,-0.011879049676025932,-0.011879049676025932
2022-08-03,-0.0008743169398907069,-0.0008743169398907069
2022-08-04,0.005906803762852686,0.005906803762852686
2022-08-05,-0.017181383210091328,-0.017181383210091328
2022-08-08,0.009515379508740818,0.009515379508740818
2022-08-09,-0.0013152126260411734,-0.0013152126260411734
2022-08-10,-0.0030728709394205467,-0.0030728709394205467
2022-08-11,-0.013650374284456146,-0.013650374284456146
2022-08-12,0.004241071428571441,0.004241071428571441
2022-08-15,0.006668148477439351,0.006668148477439351
2022-08-16,-0.0022079929344226423,-0.0022079929344226423
2022-08-17,-0.006417348971011316,-0.006417348971011316
2022-08-18,0.0008908685968820329,0.0008908685968820329
2022-08-19,-0.014018691588784993,-0.014018691588784993
2022-08-22,-0.004062288422478022,-0.004062288422478022
2022-08-23,-0.0029458418309540324,-0.0029458418309540324
2022-08-24,-0.007727272727272694,-0.007727272727272694
2022-08-25,0.010077874484654137,0.010077874484654137
2022-08-26,-0.0009070294784579991,-0.0009070294784579991
2022-08-29,-0.008170676350431227,-0.008170676350431227
2022-08-30,0.0016018306636156332,0.0016018306636156332
2022-08-31,-0.002741603838245399,-0.002741603838245399
2022-09-01,-0.016723940435280693,-0.016723940435280693
2022-09-02,0.007688723205964587,0.007688723205964587
2022-09-06,-0.015953757225433574,-0.015953757225433574
2022-09-07,0.008928571428571397,0.008928571428571397
2022-09-08,-0.0027945971122496083,-0.0027945971122496083
2022-09-09,-0.002568893040635234,-0.002568893040635234
2022-09-12,-0.004682744088035595,-0.004682744088035595
2022-09-13,-0.003528581510232831,-0.003528581510232831
2022-09-14,0.00047214353163371747,0.00047214353163371747
2022-09-15,-0.004247286455875465,-0.004247286455875465
2022-09-16,-0.0018957345971564177,-0.0018957345971564177
2022-09-19,-0.0018993352326686086,-0.0018993352326686086
2022-09-20,-0.008325404376783974,-0.008325404376783974
2022-09-21,-0.00047973135044376836,-0.00047973135044376836
2022-09-22,-0.015358771298296103,-0.015358771298296103
2022-09-23,0.0043870338776506035,0.0043870338776506035
2022-09-26,-0.017714147051686502,-0.017714147051686502
2022-09-27,-0.01333992094861658,-0.01333992094861658
2022-09-28,0.023034551827741723,0.023034551827741723
2022-09-29,-0.004894762604013669,-0.004894762604013669
2022-09-30,-0.005164781111657635,-0.005164781111657635
2022-10-03,0.015080346106304043,0.015080346106304043
2022-10-04,0.002679006332196865,0.002679006332196865
2022-10-05,-0.014573718727228568,-0.014573718727228568
2022-10-06,-0.003943800838057676,-0.003943800838057676
2022-10-07,-0.005939123979213035,-0.005939123979213035
2022-10-10,-0.010953447846651754,-0.010953447846651754
2022-10-11,0.004027183488547692,0.004027183488547692
2022-10-12,0.004011030333416876,0.004011030333416876
2022-10-13,-0.004744069912609228,-0.004744069912609228
2022-10-14,-0.0067737079779227605,-0.0067737079779227605
2022-10-17,-0.002778479413993451,-0.002778479413993451
2022-10-18,0.001519756838905817,0.001519756838905817
2022-10-19,-0.013404147698533153,-0.013404147698533153
2022-10-20,-0.012048192771084376,-0.012048192771084376
2022-10-21,-0.01089776855215363,-0.01089776855215363
2022-10-24,-0.006820566631689395,-0.006820566631689395
2022-10-25,0.014791336502905539,0.014791336502905539
2022-10-26,0.011712649661634655,0.011712649661634655
2022-10-27,0.007203498842294875,0.007203498842294875
2022-10-28,-0.008939974457215838,-0.008939974457215838
2022-10-31,-0.006185567010309256,-0.006185567010309256
2022-11-01,0.004408713692946042,0.004408713692946042
2022-11-02,-0.0025819777949909195,-0.0025819777949909195
2022-11-03,-0.0033652601604969856,-0.0033652601604969856
2022-11-04,-0.0072727272727273196,-0.0072727272727273196
2022-11-07,-0.007587650444793259,-0.007587650444793259
2022-11-08,0.011863959926179835,0.011863959926179835
2022-11-09,-0.002344971339239166,-0.002344971339239166
2022-11-10,0.03734656568294592,0.03734656568294592
2022-11-11,-0.0025176233635447742,-0.0025176233635447742
2022-11-14,-0.0012619888944976898,-0.0012619888944976898
2022-11-15,0.007076067728076785,0.007076067728076785
2022-11-16,0.015056461731492998,0.015056461731492998
2022-11-17,-0.004449938195302816,-0.004449938195302816
2022-11-18,-0.0032282095852992354,-0.0032282095852992354
2022-11-21,0.00024912805181864783,0.00024912805181864783
2022-11-22,0.009215442092154413,0.009215442092154413
2022-11-23,0.007897334649555665,0.007897334649555665
2022-11-25,-0.0002448579823701724,-0.0002448579823701724
2022-11-28,-0.0014695077149154967,-0.0014695077149154967
2022-11-29,-0.0053961246014225805,-0.0053961246014225805
2022-11-30,0.002466091245376001,0.002466091245376001
2022-12-01,0.019926199261992572,0.019926199261992572
2022-12-02,0.0021707670043416005,0.0021707670043416005
2022-12-05,-0.0074608904933815,-0.0074608904933815
2022-12-06,0.012366634335596594,0.012366634335596594
2022-12-07,0.011497005988023945,0.011497005988023945
2022-12-08,-0.007103954534690926,-0.007103954534690926
2022-12-09,-0.008347245409014992,-0.008347245409014992
2022-12-12,-0.0016835016835017313,-0.0016835016835017313
2022-12-13,0.01180438448566612,0.01180438448566612
2022-12-14,-0.0007142857142856673,-0.0007142857142856673
2022-12-15,0.007386228258279726,0.007386228258279726
2022-12-16,-0.006859035004730396,-0.006859035004730396
2022-12-19,-0.010478685401286048,-0.010478685401286048
2022-12-20,-0.012274368231046884,-0.012274368231046884
2022-12-21,-0.0007309941520468044,-0.0007309941520468044
2022-12-22,0.002194586686174116,0.002194586686174116
2022-12-23,-0.009975669099756668,-0.009975669099756668
2022-12-27,-0.014499877119685478,-0.014499877119685478
2022-12-28,-0.0032418952618453734,-0.0032418952618453734
2022-12-29,0.00475356517388037,0.00475356517388037
2022-12-30,-0.0012450199203187795,-0.0012450199203187795
2023-01-03,0.00698080279232105,0.00698080279232105
2023-01-04,0.01015102748204999,0.01015102748204999
2023-01-05,0.0002450980392156854,0.0002450980392156854
2023-01-06,0.013232050967900033,0.013232050967900033
2023-01-09,0.005320435308343363,0.005320435308343363
2023-01-10,-0.012990137118114031,-0.012990137118114031
2023-01-11,0.00682427492078963,0.00682427492078963
2023-01-12,0.012103606874848793,0.012103606874848793
2023-01-13,-0.005022721836881128,-0.005022721836881128
2023-01-17,-0.0021634615384615863,-0.0021634615384615863
2023-01-18,0.018067935437243943,0.018067935437243943
2023-01-19,-0.0023663038334121866,-0.0023663038334121866
2023-01-20,-0.009724857685009525,-0.009724857685009525
2023-01-23,-0.004790419161676662,-0.004790419161676662
2023-01-24,0.007701564380264703,0.007701564380264703
2023-01-25,-0.0002388344877000126,-0.0002388344877000126
2023-01-26,-0.0031055900621117516,-0.0031055900621117516
2023-01-27,-0.0019170860292355707,-0.0019170860292355707
2023-01-30,-0.0028811524609844152,-0.0028811524609844152
2023-01-31,0.0007223693715385782,0.0007223693715385782
2023-02-01,0.013715110683349296,0.013715110683349296
2023-02-02,0.0009494422027058746,0.0009494422027058746
2023-02-03,-0.013042447237372579,-0.013042447237372579
2023-02-06,-0.008169149447381119,-0.008169149447381119
2023-02-07,-0.004602713178294526,-0.004602713178294526
2023-02-08,-0.00048673643222196805,-0.00048673643222196805
2023-02-09,-0.0036523009495982306,-0.0036523009495982306
2023-02-10,-0.007331378299120228,-0.007331378299120228
2023-02-13,0.003446578040374293,0.003446578040374293
2023-02-14,-0.003189401373896006,-0.003189401373896006
2023-02-15,-0.005906965296578859,-0.005906965296578859
2023-02-16,-0.005199306759098743,-0.005199306759098743
2023-02-17,0.0017421602787457413,0.0017421602787457413
2023-02-21,-0.013416149068323002,-0.013416149068323002
2023-02-22,0.0037773860488541366,0.0037773860488541366
2023-02-23,0.004264927245358763,0.004264927245358763
2023-02-24,-0.009742692980264755,-0.009742692980264755
2023-02-27,0.0027749747729566288,0.0027749747729566288
2023-02-28,-0.0007547169811320531,-0.0007547169811320531
2023-03-01,-0.007552870090634434,-0.007552870090634434
2023-03-02,-0.007864028411973645,-0.007864028411973645
2023-03-03,0.01329583226796216,0.01329583226796216
2023-03-06,-0.0020186727226848555,-0.0020186727226848555
2023-03-07,0.003286978508217464,0.003286978508217464
2023-03-08,0.0015120967741935054,0.0015120967741935054
2023-03-09,0.004277805737292306,0.004277805737292306
2023-03-10,0.026559759458782306,0.026559759458782306
2023-03-13,0.016353429338540337,0.016353429338540337
2023-03-14,-0.011767531219980754,-0.011767531219980754
2023-03-15,0.012636695018225952,0.012636695018225952
2023-03-16,-0.008159347252219784,-0.008159347252219784
2023-03-17,0.01645293975320583,0.01645293975320583
2023-03-20,-0.009759581052130484,-0.009759581052130484
2023-03-21,-0.009855769230769251,-0.009855769230769251
2023-03-22,0.0024277737314881698,0.0024277737314881698
2023-03-23,0.021312666505207023,0.021312666505207023
2023-03-24,0.004268437277685555,0.004268437277685555
2023-03-27,-0.015112160566706057,-0.015112160566706057
2023-03-28,-0.0031167585710860646,-0.0031167585710860646
2023-03-29,-0.0009620009620009418,-0.0009620009620009418
2023-03-30,0.0026480500722194655,0.0026480500722194655
2023-03-31,0.007683073229291626,0.007683073229291626
2023-04-03,0.005956635692160983,0.005956635692160983
2023-04-04,0.009000473709142476,0.009000473709142476
2023-04-05,0.007042253521126751,0.007042253521126751
2023-04-06,0.0002331002331001919,0.0002331002331001919
2023-04-10,-0.011419249592169667,-0.011419249592169667
2023-04-11,-0.0014144271570014633,-0.0014144271570014633
2023-04-12,-0.001652502360717678,-0.001652502360717678
2023-04-13,-0.0026010877275951527,-0.0026010877275951527
2023-04-14,-0.008297771455666236,-0.008297771455666236
2023-04-17,-0.007410949079607931,-0.007410949079607931
2023-04-18,0.0021676300578035157,0.0021676300578035157
2023-04-19,-0.002403268445085316,-0.002403268445085316
2023-04-20,0.004577210310768409,0.004577210310768409
2023-04-21,-0.003117505995203884,-0.003117505995203884
2023-04-24,0.006495068559057016,0.006495068559057016
2023-04-25,0.01242829827915859,0.01242829827915859
2023-04-26,-0.004957507082152923,-0.004957507082152923
2023-04-27,-0.009964412811387935,-0.009964412811387935
2023-04-28,0.009585430146177742,0.009585430146177742
2023-05-01,-0.01519107524329455,-0.01519107524329455
2023-05-02,0.013738250180766354,0.013738250180766354
2023-05-03,0.003328578221588163,0.003328578221588163
2023-05-04,0.0018957345971564177,0.0018957345971564177
2023-05-05,-0.008751182592242168,-0.008751182592242168
2023-05-08,-0.008351228823669787,-0.008351228823669787
2023-05-09,-0.0014436958614052475,-0.0014436958614052475
2023-05-10,0.007710843373494036,0.007710843373494036
2023-05-11,0.0064562410329984665,0.0064562410329984665
2023-05-12,-0.006177239249227862,-0.006177239249227862
2023-05-15,-0.007171886206072231,-0.007171886206072231
2023-05-16,-0.005056585600770491,-0.005056585600770491
2023-05-17,-0.0026621490803484527,-0.0026621490803484527
2023-05-18,-0.006794467362290724,-0.006794467362290724
2023-05-19,-0.005863669679941341,-0.005863669679941341
2023-05-22,-0.002949127549766506,-0.002949127549766506
2023-05-23,0.0012324377618930793,0.0012324377618930793
2023-05-24,-0.002954209748892156,-0.002954209748892156
2023-05-25,-0.008148148148148127,-0.008148148148148127
2023-05-26,0.0007468259895444529,-0.0007468259895444529
2023-05-30,0.01243781094527363,-0.01243781094527363
2023-05-31,0.00687960687960687,-0.00687960687960687
2023-06-01,0.004148365056124925,-0.004148365056124925
2023-06-02,-0.0070473876063184004,0.0070473876063184004
2023-06-05,0.0,-0.0
2023-06-06,0.00024473813020065016,-0.00024473813020065016
2023-06-07,-0.011010521164668496,0.011010521164668496
2023-06-08,0.00915388421573482,-0.00915388421573482
2023-06-09,-0.0009806325079676492,0.0009806325079676492
2023-06-12,-0.0029447852760736692,-0.0029447852760736692
2023-06-13,-0.007137583066699538,-0.007137583066699538
2023-06-14,0.006941001487357434,0.006941001487357434
2023-06-15,0.006400787789266449,0.006400787789266449
2023-06-16,-0.003180039138943269,-0.003180039138943269
2023-06-20,0.007116564417178006,0.007116564417178006
2023-06-21,-0.003411306042884976,-0.003411306042884976
2023-06-22,-0.006356968215158965,-0.006356968215158965
2023-06-23,0.007135826771653475,0.007135826771653475
2023-06-26,0.001465917419985363,0.001465917419985363
2023-06-27,-0.004147353012930011,-0.004147353012930011
2023-06-28,0.005389514943655138,0.005389514943655138
2023-06-29,-0.016325536062378188,-0.016325536062378188
2023-06-30,0.005945008669804297,0.005945008669804297
2023-07-03,-0.002216202905688247,-0.002216202905688247
2023-07-05,-0.010858835143139234,-0.010858835143139234
2023-07-06,-0.009730538922155696,-0.009730538922155696
2023-07-07,-0.0022675736961451642,-0.0022675736961451642
2023-07-10,0.002525252525252597,0.002525252525252597
2023-07-11,0.0025188916876575096,0.0025188916876575096
2023-07-12,0.011306532663316604,0.011306532663316604
2023-07-13,0.009689440993788878,0.009689440993788878
2023-07-14,-0.004429133858267709,-0.004429133858267709
2023-07-17,0.000988630746416197,0.000988630746416197
2023-07-18,0.0017283950617283939,0.0017283950617283939
2023-07-19,0.0071481390189795935,0.0071481390189795935
2023-07-20,-0.011747430249632873,-0.011747430249632873
2023-07-21,0.0014858841010401136,0.0014858841010401136
2023-07-24,-0.0017309594460930278,-0.0017309594460930278
2023-07-25,-0.004954173891503544,-0.004954173891503544
2023-07-26,0.005227781926810948,0.005227781926810948
2023-07-27,-0.01832590391282818,-0.01832590391282818
2023-07-28,0.003027245206861817,0.003027245206861817
2023-07-31,0.0015090543259557165,0.0015090543259557165
2023-08-01,-0.01180311401305878,-0.01180311401305878
2023-08-02,-0.005590851334180469,-0.005590851334180469
2023-08-03,-0.01584462049578328,-0.01584462049578328
2023-08-04,0.013762659049597614,0.013762659049597614
2023-08-07,-0.0035860655737705027,-0.0035860655737705027
2023-08-08,0.007197943444730015,0.007197943444730015
2023-08-09,0.002552322613578406,0.002552322613578406
2023-08-10,-0.00865580448065173,-0.00865580448065173
2023-08-11,-0.007704160246533087,-0.007704160246533087
2023-08-14,-0.0005175983436852549,-0.0005175983436852549
2023-08-15,-0.004919730709476933,-0.004919730709476933
2023-08-16,-0.005984907624251856,-0.005984907624251856
2023-08-17,-0.006020942408376917,-0.006020942408376917
2023-08-18,0.004740584672109582,0.004740584672109582
2023-08-21,-0.011271297509829581,-0.011271297509829581
2023-08-22,0.003976670201484733,0.003976670201484733
2023-08-23,0.015843675732770013,0.015843675732770013
2023-08-24,-0.0031193137509747393,-0.0031193137509747393
2023-08-25,-0.0007822685788787531,-0.0007822685788787531
2023-08-28,0.0015657620041753528,0.0015657620041753528
2023-08-29,0.009640437727983286,0.009640437727983286
2023-08-30,0.0002580645161289752,0.0002580645161289752
2023-08-31,0.00361197110423106,0.00361197110423106
2023-09-01,-0.010796915167095134,-0.010796915167095134
2023-09-05,-0.010135135135135087,-0.010135135135135087
2023-09-06,0.0007876082961406627,0.0007876082961406627
2023-09-07,0.0013116474291710034,0.0013116474291710034
2023-09-08,0.001833900969347546,0.001833900969347546
2023-09-11,-0.003922594142259372,-0.003922594142259372
2023-09-12,0.0028878970858492448,0.0028878970858492448
2023-09-13,0.0020942408376962707,0.0020942408376962707
2023-09-14,-0.004963427377220442,-0.004963427377220442
2023-09-15,-0.0036755053819900185,-0.0036755053819900185
2023-09-18,0.002371541501976271,0.002371541501976271
2023-09-19,-0.004206098843322792,-0.004206098843322792
2023-09-20,0.007127771911298764,0.007127771911298764
2023-09-21,-0.024639580602883404,-0.024639580602883404
2023-09-22,0.005374899220639717,0.005374899220639717
2023-09-25,-0.017642341619887758,-0.017642341619887758
2023-09-26,-0.004081632653061273,-0.004081632653061273
2023-09-27,-0.007650273224043769,-0.007650273224043769
2023-09-28,0.0,0.0
2023-09-29,0.0024779735682818327,0.0024779735682818327
2023-10-02,-0.01235924196649274,-0.01235924196649274
2023-10-03,-0.015294771968854315,-0.015294771968854315
2023-10-04,0.0076249646992374576,0.0076249646992374576
2023-10-05,-0.0008408071748878809,-0.0008408071748878809
2023-10-06,-0.008415147265077194,-0.008415147265077194
2023-10-09,0.014144271570014189,0.014144271570014189
2023-10-10,0.0002789400278939702,0.0002789400278939702
2023-10-11,0.011712214166201829,0.011712214166201829
2023-10-12,-0.016813671444321887,-0.016813671444321887
2023-10-13,0.011774600504625754,0.011774600504625754
2023-10-16,-0.012745912995289599,-0.012745912995289599
2023-10-17,-0.012068481616615223,-0.012068481616615223
2023-10-18,-0.006534090909090962,-0.006534090909090962
2023-10-19,-0.013154132113239903,-0.013154132113239903
2023-10-20,0.005795421616922702,0.005795421616922702
2023-10-23,0.01382886776145198,0.01382886776145198
2023-10-24,0.00028417163967042747,0.00028417163967042747
2023-10-25,-0.014488636363636398,-0.014488636363636398
2023-10-26,0.013548573075814252,0.013548573075814252
2023-10-27,-0.0034129692832765013,-0.0034129692832765013
