date,ZN=F Long Only,ZN=F Using TFT
2017-07-05,0.0008742350443362579,0.0008742350443362579
2017-07-06,-0.0018717244821562229,-0.0018717244821562229
2017-07-07,-0.0011251406425802912,-0.0011251406425802912
2017-07-10,0.001877346683354153,0.001877346683354153
2017-07-11,0.0007495315427856752,0.0007495315427856752
2017-07-12,0.002746223942079684,0.002746223942079684
2017-07-13,-0.0008714054525084114,-0.0008714054525084114
2017-07-14,0.0021181161226015988,0.0021181161226015988
2017-07-17,0.0006216585851051004,0.0006216585851051004
2017-07-18,0.002857852882703682,0.002857852882703682
2017-07-19,-0.0004956015363647426,-0.0004956015363647426
2017-07-20,0.00012396181975948828,0.00012396181975948828
2017-07-21,0.001983143282102029,0.001983143282102029
2017-07-24,-0.0012370113805046934,-0.0012370113805046934
2017-07-25,-0.004582610849640845,-0.004582610849640845
2017-07-26,0.003483887022520893,0.003483887022520893
2017-07-27,-0.0014879107253564783,-0.0014879107253564783
2017-07-28,0.000993418601763274,0.000993418601763274
2017-07-31,-0.0004962163503287043,-0.0004962163503287043
2017-08-01,0.0027305448678167643,0.0027305448678167643
2017-08-02,-0.0009902215620745114,-0.0009902215620745114
2017-08-03,0.0019824061454589703,0.0019824061454589703
2017-08-04,-0.0022257944849758404,-0.0022257944849758404
2017-08-07,0.0007435865658693697,0.0007435865658693697
2017-08-08,-0.0012383900928792935,-0.0012383900928792935
2017-08-09,0.002603843769373837,0.002603843769373837
2017-08-10,0.0017313875834776837,0.0017313875834776837
2017-08-11,0.0019753086419753707,0.0019753086419753707
2017-08-14,-0.0020946278955150666,-0.0020946278955150666
2017-08-15,-0.0030868008396098823,-0.0030868008396098823
2017-08-16,0.002848649987614582,0.002848649987614582
2017-08-17,0.0016055329134248009,0.0016055329134248009
2017-08-18,0.0002466091245376667,0.0002466091245376667
2017-08-21,0.0007396449704142327,0.0007396449704142327
2017-08-22,-0.0022172949002217113,-0.0022172949002217113
2017-08-23,0.0028395061728394566,0.0028395061728394566
2017-08-24,-0.0018466083959128854,-0.0018466083959128854
2017-08-25,0.0014800197335964604,0.0014800197335964604
2017-08-28,0.0009852216748769127,0.0009852216748769127
2017-08-29,0.001476377952756014,0.001476377952756014
2017-08-30,-0.000859950859950831,-0.000859950859950831
2017-08-31,0.0013525144473134354,0.0013525144473134354
2017-09-01,-0.002333005893909612,-0.002333005893909612
2017-09-05,0.005661538461538385,0.005661538461538385
2017-09-06,-0.002570064863541832,-0.002570064863541832
2017-09-07,0.0033128834355828918,0.0033128834355828918
2017-09-08,-0.00012229423994125632,-0.00012229423994125632
2017-09-11,-0.003913894324853229,-0.003913894324853229
2017-09-12,-0.0027013752455795625,-0.0027013752455795625
2017-09-13,-0.0014774686037921647,-0.0014774686037921647
2017-09-14,-0.0002466091245375557,-0.0002466091245375557
2017-09-15,-0.0007400098667982302,-0.0007400098667982302
2017-09-18,-0.001727968402863489,-0.001727968402863489
2017-09-19,-0.0007418397626113293,-0.0007418397626113293
2017-09-20,0.0004949269982676974,0.0004949269982676974
2017-09-21,-0.005688844917140723,-0.005688844917140723
2017-09-22,0.0008706467661692141,0.0008706467661692141
2017-09-25,0.0026096681993288406,0.0026096681993288406
2017-09-26,-0.0004957858205255627,-0.0004957858205255627
2017-09-27,-0.004464285714285698,-0.004464285714285698
2017-09-28,0.0008719481813652674,0.0008719481813652674
2017-09-29,-0.0018668326073428831,-0.0018668326073428831
2017-10-02,-0.0004987531172069293,-0.0004987531172069293
2017-10-03,0.0006237524950098994,0.0006237524950098994
2017-10-04,0.0,0.0
2017-10-05,-0.0013714000748036304,-0.0013714000748036304
2017-10-06,-0.0009987515605492936,-0.0009987515605492936
2017-10-09,0.0004998750312421585,0.0004998750312421585
2017-10-10,0.001373969522857843,0.001373969522857843
2017-10-11,-0.00024946987651242036,-0.00024946987651242036
2017-10-12,0.0012476606363069909,0.0012476606363069909
2017-10-13,0.0024922118380061864,0.0024922118380061864
2017-10-16,-0.0022374145431944825,-0.0022374145431944825
2017-10-17,0.00012457954403877203,0.00012457954403877203
2017-10-18,-0.0023667164922770434,-0.0023667164922770434
2017-10-19,0.0009988762642028082,0.0009988762642028082
2017-10-20,-0.003492578271173774,-0.003492578271173774
2017-10-23,0.0007510326699211589,0.0007510326699211589
2017-10-24,-0.0015009380863039157,-0.0015009380863039157
2017-10-25,-0.0022547914317925244,-0.0022547914317925244
2017-10-26,-0.0006277463904582614,-0.0006277463904582614
2017-10-27,0.0017587939698493482,0.0017587939698493482
2017-10-30,0.003386004514672747,0.003386004514672747
2017-10-31,-0.0006249218847643734,-0.0006249218847643734
2017-11-01,-0.0002501250625313034,-0.0002501250625313034
2017-11-02,0.0018764073054791108,0.0018764073054791108
2017-11-03,0.0001248595330254343,0.0001248595330254343
2017-11-06,0.001622971285892616,0.001622971285892616
2017-11-07,0.0004985666209647022,0.0004985666209647022
2017-11-08,-0.0013703749844276025,-0.0013703749844276025
2017-11-09,-0.0004990019960079417,-0.0004990019960079417
2017-11-10,-0.003869196205691483,-0.003869196205691483
2017-11-13,-0.0006264879087833908,-0.0006264879087833908
2017-11-14,0.0008776328986961346,0.0008776328986961346
2017-11-15,0.0025053238131027555,0.0025053238131027555
2017-11-16,-0.0014994377108584755,-0.0014994377108584755
2017-11-17,0.0003754223501439835,0.0003754223501439835
2017-11-20,-0.0017513134851138146,-0.0017513134851138146
2017-11-21,0.0,0.0
2017-11-22,0.0033834586466165995,0.0033834586466165995
2017-11-24,-0.0011240164855751411,-0.0011240164855751411
2017-11-27,0.0012503125781444524,0.0012503125781444524
2017-11-28,-0.0012487512487512342,-0.0012487512487512342
2017-11-29,-0.0020005001250312793,-0.0020005001250312793
2017-11-30,-0.0032573289902280145,-0.0032573289902280145
2017-12-01,0.002890899949723469,0.002890899949723469
2017-12-04,-0.0013786188745457117,-0.0013786188745457117
2017-12-05,0.0007530120481926694,0.0007530120481926694
2017-12-06,0.0018811136192626865,0.0018811136192626865
2017-12-07,-0.0025034422330704187,-0.0025034422330704187
2017-12-08,0.0,0.0
2017-12-11,-0.00012548625925457024,-0.00012548625925457024
2017-12-12,-0.0011295180722891152,-0.0011295180722891152
2017-12-13,0.003769317753486545,0.003769317753486545
2017-12-14,-0.00037551633496057946,-0.00037551633496057946
2017-12-15,-0.001126972201352383,-0.001126972201352383
2017-12-18,-0.00150432493418573,-0.00150432493418573
2017-12-19,-0.004645323289391046,-0.004645323289391046
2017-12-20,-0.003405650857719489,-0.003405650857719489
2017-12-21,0.0005062650297431581,0.0005062650297431581
2017-12-22,-0.0003795066413662118,-0.0003795066413662118
2017-12-26,0.0012655024044545549,0.0012655024044545549
2017-12-27,0.0029069767441860517,0.0029069767441860517
2017-12-28,-0.0011342155009451682,-0.0011342155009451682
2017-12-29,0.0016401715871814382,0.0016401715871814382
2018-01-02,-0.0028970903136414927,-0.0028970903136414927
2018-01-03,0.000757958564931771,0.000757958564931771
2018-01-04,-0.0008836152486745297,-0.0008836152486745297
2018-01-05,-0.0012634238787112562,-0.0012634238787112562
2018-01-08,-0.00025300442757747454,-0.00025300442757747454
2018-01-09,-0.003542958370239102,-0.003542958370239102
2018-01-10,-0.0003809523809523707,-0.0003809523809523707
2018-01-11,0.00101626016260159,0.00101626016260159
2018-01-12,-0.001522842639593902,-0.001522842639593902
2018-01-16,0.00038129130655817356,0.00038129130655817356
2018-01-17,-0.002668021852369473,-0.002668021852369473
2018-01-18,-0.0016560509554139902,-0.0016560509554139902
2018-01-19,-0.001403598315682042,-0.001403598315682042
2018-01-22,-0.001533350370559683,-0.001533350370559683
2018-01-23,0.0026874840030715053,0.0026874840030715053
2018-01-24,-0.0017868538608806217,0.0017868538608806217
2018-01-25,0.001917913310318431,-0.001917913310318431
2018-01-26,-0.003062787136294043,0.003062787136294043
2018-01-29,-0.0020481310803891484,0.0020481310803891484
2018-01-30,-0.0014109799897383812,0.0014109799897383812
2018-01-31,-0.0005138086062941305,0.0005138086062941305
2018-02-01,-0.002955918262434132,0.002955918262434132
2018-02-02,-0.003995875225573653,0.003995875225573653
2018-02-05,0.004400155299598918,-0.004400155299598918
2018-02-06,0.001803891251127343,-0.001803891251127343
2018-02-07,-0.0039871382636655905,0.0039871382636655905
2018-02-08,-0.0009039256198346557,0.0009039256198346557
2018-02-09,0.0023264831329972147,-0.0023264831329972147
2018-02-12,-0.002321083172146965,0.002321083172146965
2018-02-13,0.0009047434406099786,-0.0009047434406099786
2018-02-14,-0.00555268595041325,0.00555268595041325
2018-02-15,0.0010388261264770993,-0.0010388261264770993
2018-02-16,0.0010377480866519129,-0.0010377480866519129
2018-02-20,-0.0007775042114811503,0.0007775042114811503
2018-02-21,-0.0023343275839708966,0.0023343275839708966
2018-02-22,0.0018198362147405778,-0.0018198362147405778
2018-02-23,0.002595043466978142,-0.002595043466978142
2018-02-26,0.0007764979940467764,-0.0007764979940467764
2018-02-27,-0.003620845726108879,0.003620845726108879
2018-02-28,0.002206359506813804,-0.002206359506813804
2018-03-01,0.004532504532504422,-0.004532504532504422
2018-03-02,-0.0033518112672424882,0.0033518112672424882
2018-03-05,-0.0011641443538998875,0.0011641443538998875
2018-03-06,0.00012950012950008194,-0.00012950012950008194
2018-03-07,-0.00025896672277614385,0.00025896672277614385
2018-03-08,0.001295169019557063,-0.001295169019557063
2018-03-09,-0.0011641443538998875,0.0011641443538998875
2018-03-12,0.0015540015540016494,-0.0015540015540016494
2018-03-13,0.0006464959917249491,-0.0006464959917249491
2018-03-14,0.0018090192531334814,-0.0018090192531334814
2018-03-15,-0.000386946988262582,0.000386946988262582
2018-03-16,-0.0010322580645161228,0.0010322580645161228
2018-03-19,0.00025833118057350113,-0.00025833118057350113
2018-03-20,-0.0023243801652892415,0.0023243801652892415
2018-03-21,-0.0063422210717059,0.0063422210717059
2018-03-22,0.004689331770222793,-0.004689331770222793
2018-03-23,0.000777907429015956,-0.000777907429015956
2018-03-26,-0.0011659541391372263,0.0011659541391372263
2018-03-27,0.0036316472114137355,-0.0036316472114137355
2018-03-28,0.0,-0.0
2018-03-29,0.0019384853967432392,-0.0019384853967432392
2018-04-02,0.0010318586353670334,-0.0010318586353670334
2018-04-03,-0.0034789331271742885,0.0034789331271742885
2018-04-04,-0.0001292991983449232,0.0001292991983449232
2018-04-05,-0.0021983706194232955,0.0021983706194232955
2018-04-06,0.0037584240539139113,-0.0037584240539139113
2018-04-09,-0.000903808908973569,0.000903808908973569
2018-04-10,-0.0011630912380460323,0.0011630912380460323
2018-04-11,0.0006469142191745103,-0.0006469142191745103
2018-04-12,-0.003103180760279267,0.003103180760279267
2018-04-13,0.00012970168612191912,-0.00012970168612191912
2018-04-16,-0.00012968486577613625,0.00012968486577613625
2018-04-17,0.0007782101167315147,-0.0007782101167315147
2018-04-18,-0.003499222395023316,0.003499222395023316
2018-04-19,-0.0026011184809467958,0.0026011184809467958
2018-04-20,-0.0023471117485982518,0.0023471117485982518
2018-04-23,-0.0018298261665141702,0.0018298261665141702
2018-04-24,0.0,-0.0
2018-04-25,-0.0020950635066125933,0.0020950635066125933
2018-04-26,0.0019682456370555546,-0.0019682456370555546
2018-04-27,0.0015715034049239573,-0.0015715034049239573
2018-04-30,0.0010460251046024993,-0.0010460251046024993
2018-05-01,-0.002089864158829724,0.002089864158829724
2018-05-02,0.0011780104712042494,-0.0011780104712042494
2018-05-03,0.0014380964832003684,-0.0014380964832003684
2018-05-04,0.00013054830287195784,-0.00013054830287195784
2018-05-07,-0.00013053126223727674,0.00013053126223727674
2018-05-08,-0.0014360313315926465,0.0014360313315926465
2018-05-09,-0.0020917767028370005,0.0020917767028370005
2018-05-10,0.0010480807022139604,-0.0010480807022139604
2018-05-11,0.00013087292239233328,-0.00013087292239233328
2018-05-14,-0.001308557969117996,0.001308557969117996
2018-05-15,-0.005372117400419318,0.005372117400419318
2018-05-16,-0.0005269397971281453,0.0005269397971281453
2018-05-17,-0.00026360880453402125,0.00026360880453402125
2018-05-18,0.0027686222808174232,-0.0027686222808174232
2018-05-21,0.0,-0.0
2018-05-22,0.0002629503023927615,-0.0002629503023927615
2018-05-23,0.00433753943217674,-0.00433753943217674
2018-05-24,0.000916110456746555,-0.000916110456746555
2018-05-25,0.0030073221757322965,-0.0030073221757322965
2018-05-29,0.011471776821796453,-0.011471776821796453
2018-05-30,-0.005155303518494692,0.005155303518494692
2018-05-31,0.0010364036792329667,-0.0010364036792329667
2018-06-01,-0.004658987964281103,0.004658987964281103
2018-06-04,-0.0028604862826681066,0.0028604862826681066
2018-06-05,0.0016951362628765398,-0.0016951362628765398
2018-06-06,-0.003384535277271561,0.003384535277271561
2018-06-07,0.0024817136886101654,-0.0024817136886101654
2018-06-08,0.0,-0.0
2018-06-11,-0.0013029315960911836,0.0013029315960911836
2018-06-12,-0.0002609262883235264,0.0002609262883235264
2018-06-13,-0.0018269607203444949,0.0018269607203444949
2018-06-14,0.001961040658909674,-0.001961040658909674
2018-06-15,0.0011743215031314591,-0.0011743215031314591
2018-06-18,0.00013032712107396982,-0.00013032712107396982
2018-06-19,0.001954652071931129,-0.001954652071931129
2018-06-20,-0.0014306151645206988,0.0014306151645206988
2018-06-21,-0.0009116957541026594,0.0009116957541026594
2018-06-22,-0.00026072220049533357,0.00026072220049533357
2018-06-25,0.0016951362628765398,-0.0016951362628765398
2018-06-26,-0.00026034886748238506,0.00026034886748238506
2018-06-27,0.0032552083333332593,-0.0032552083333332593
2018-06-28,-0.001687216093445798,0.001687216093445798
2018-06-29,0.0,-0.0
2018-07-02,-0.000910036401456038,0.000910036401456038
2018-07-03,0.0019518542615484247,-0.0019518542615484247
2018-07-05,-0.0005194805194804752,0.0005194805194804752
2018-07-06,0.0007796257796257589,-0.0007796257796257589
2018-07-09,-0.0018177096857958652,0.0018177096857958652
2018-07-10,-0.0009105098855358706,0.0009105098855358706
2018-07-11,0.0019528707199583106,-0.0019528707199583106
2018-07-12,-0.0007796257796257589,0.0007796257796257589
2018-07-13,0.0016905071521455817,-0.0016905071521455817
2018-07-16,-0.001557834609892228,0.001557834609892228
2018-07-17,-0.0003900663112729186,0.0003900663112729186
2018-07-18,-0.0005202913631633388,0.0005202913631633388
2018-07-19,0.0019521082769391462,-0.0019521082769391462
2018-07-20,-0.002597739966229362,0.002597739966229362
2018-07-23,-0.004167209272040617,0.004167209272040617
2018-07-24,0.0006538511834706107,-0.0006538511834706107
2018-07-25,0.000784108729743771,-0.000784108729743771
2018-07-26,-0.002611647949856355,0.002611647949856355
2018-07-27,0.0007855459544383603,-0.0007855459544383603
2018-07-30,-0.0005232862375719183,0.0005232862375719183
2018-07-31,0.0003926701570680091,-0.0003926701570680091
2018-08-01,-0.0020934188146015664,0.0020934188146015664
2018-08-02,0.001311131506490204,-0.001311131506490204
2018-08-03,0.002356946444939112,-0.002356946444939112
2018-08-06,0.0010450685826257633,-0.0010450685826257633
2018-08-07,-0.002218452303275442,0.002218452303275442
2018-08-08,0.00026157467957110825,-0.00026157467957110825
2018-08-09,0.0018305439330543738,-0.0018305439330543738
2018-08-10,0.005481597494126911,-0.005481597494126911
2018-08-13,-0.0010384215991692258,0.0010384215991692258
2018-08-14,-0.0011694386694386383,0.0011694386694386383
2018-08-15,0.002731885000650358,-0.002731885000650358
2018-08-16,-0.0014270887389724596,0.0014270887389724596
2018-08-17,-0.00012992074834350387,0.00012992074834350387
2018-08-20,0.0031185031185030354,-0.0031185031185030354
2018-08-21,-0.0014248704663212264,0.0014248704663212264
2018-08-22,0.0014269036191465467,-0.0014269036191465467
2018-08-23,-0.0002590673575129099,0.0002590673575129099
2018-08-24,-0.000647836227001819,0.000647836227001819
2018-08-27,-0.001426163619862586,0.001426163619862586
2018-08-28,-0.002077382498052449,0.002077382498052449
2018-08-29,0.0,-0.0
2018-08-30,0.001431173562321142,-0.001431173562321142
2018-08-31,0.001039365986748031,-0.001039365986748031
2018-09-04,-0.0027255029201816994,0.0027255029201816994
2018-09-05,0.00026028110359188616,-0.00026028110359188616
2018-09-06,0.0016913869372885415,-0.0016913869372885415
2018-09-07,-0.004156383945966957,0.004156383945966957
2018-09-10,0.0001304291117778522,-0.0001304291117778522
2018-09-11,-0.002608242044861764,0.002608242044861764
2018-09-12,0.0009152719665272979,-0.0009152719665272979
2018-09-13,-0.0001306335728281649,0.0001306335728281649
2018-09-14,-0.00195975960282202,0.00195975960282202
2018-09-17,-0.0003927215604137002,0.0003927215604137002
2018-09-18,-0.002750130958617092,0.002750130958617092
2018-09-19,-0.0010505581089954585,0.0010505581089954585
2018-09-20,-0.002234783751807523,0.002234783751807523
2018-09-21,0.0006587615283266679,-0.0006587615283266679
2018-09-24,-0.00039499670836073975,0.00039499670836073975
2018-09-25,-0.0014488935721812535,0.0014488935721812535
2018-09-26,0.002374356944994105,-0.002374356944994105
2018-09-27,0.0001315962626662337,-0.0001315962626662337
2018-09-28,0.000263157894736743,-0.000263157894736743
2018-10-01,-0.0009208103130755596,0.0009208103130755596
2018-10-02,0.0011849901250822192,-0.0011849901250822192
2018-10-03,-0.005786428195686533,0.005786428195686533
2018-10-04,-0.0022486772486772777,0.0022486772486772777
2018-10-05,-0.0015908789606257079,0.0015908789606257079
2018-10-08,0.00026556898154295183,-0.00026556898154295183
2018-10-09,0.0009292446568431867,-0.0009292446568431867
2018-10-10,-0.0005305039787798504,0.0005305039787798504
2018-10-11,0.005440552016985123,-0.005440552016985123
2018-10-12,-0.00039593506664903355,0.00039593506664903355
2018-10-15,-0.0015843675732769569,0.0015843675732769569
2018-10-16,0.0005289605924359009,-0.0005289605924359009
2018-10-17,-0.0014538725878932013,0.0014538725878932013
2018-10-18,0.0007941760423559874,-0.0007941760423559874
2018-10-19,-0.0015870916545430713,0.0015870916545430713
2018-10-22,0.0003974036296197081,-0.0003974036296197081
2018-10-23,0.0022510593220339548,-0.0022510593220339548
2018-10-24,0.003038710529792654,0.003038710529792654
2018-10-25,-0.0007903055848261786,-0.0007903055848261786
2018-10-26,0.004218296862641635,0.004218296862641635
2018-10-29,-0.0006563402467839596,-0.0006563402467839596
2018-10-30,-0.001444896886903968,-0.001444896886903968
2018-10-31,-0.0028939752696658383,-0.0028939752696658383
2018-11-01,0.0011873350923483628,0.0011873350923483628
2018-11-02,-0.004480168665173312,-0.004480168665173312
2018-11-05,0.0007941760423559874,0.0007941760423559874
2018-11-06,-0.001190318740907248,-0.001190318740907248
2018-11-07,-0.0001324152542372392,-0.0001324152542372392
2018-11-08,-0.0017216262746656552,-0.0017216262746656552
2018-11-09,0.002918546033430669,0.002918546033430669
2018-11-12,0.0022486772486771667,0.0022486772486771667
2018-11-13,0.0010558268443974228,0.0010558268443974228
2018-11-14,0.0019775873434411118,0.0019775873434411118
2018-11-15,0.000526315789473708,0.000526315789473708
2018-11-16,0.0028932140978432663,0.0028932140978432663
2018-11-19,0.001180173092053538,0.001180173092053538
2018-11-20,0.00039292730844797674,0.00039292730844797674
2018-11-21,-0.00091647028017805,-0.00091647028017805
2018-11-23,0.00039313327217915806,0.00039313327217915806
2018-11-26,-0.0011789363374378192,-0.0011789363374378192
2018-11-27,0.0009180327868851812,0.0009180327868851812
2018-11-28,0.001179245283018826,0.001179245283018826
2018-11-29,0.00026174584478466656,0.00026174584478466656
2018-11-30,0.0010467094073007832,0.0010467094073007832
2018-12-03,0.0011763168213305697,0.0011763168213305697
2018-12-04,0.0033942558746735685,0.0033942558746735685
2018-12-06,0.0029924538121259836,0.0029924538121259836
2018-12-07,0.0025943702166300042,0.0025943702166300042
2018-12-10,-0.0006469142191745103,-0.0006469142191745103
2018-12-11,-0.0019419989642671664,-0.0019419989642671664
2018-12-12,-0.0014269036191464357,-0.0014269036191464357
2018-12-13,0.0,0.0
2018-12-14,0.0014289425824889346,0.0014289425824889346
2018-12-17,0.0022052146841353704,0.0022052146841353704
2018-12-18,0.0019414962464405772,0.0019414962464405772
2018-12-19,-0.0002583645523833722,-0.0002583645523833722
2018-12-20,0.0011629409484430475,0.0011629409484430475
2018-12-21,-0.00025813113061434745,-0.00025813113061434745
2018-12-24,0.0030983733539891034,0.0030983733539891034
2018-12-26,-0.003088803088803105,-0.003088803088803105
2018-12-27,0.004131164471985471,0.004131164471985471
2018-12-28,0.0007714065312418583,0.0007714065312418583
2018-12-31,0.003211716341212645,0.003211716341212645
2019-01-02,0.001408631066717847,0.001408631066717847
2019-01-03,0.007928388746803128,0.007928388746803128
2019-01-04,-0.006977924384673928,-0.006977924384673928
2019-01-07,-0.002044205953749878,-0.002044205953749878
2019-01-08,-0.0024324670336705045,-0.0024324670336705045
2019-01-09,-0.0002566735112936591,-0.0002566735112936591
2019-01-10,0.0,0.0
2019-01-11,0.0019255455712452463,0.0019255455712452463
2019-01-14,-0.0003843689942344408,-0.0003843689942344408
2019-01-15,0.0,0.0
2019-01-16,-0.0015380671622661213,-0.0015380671622661213
2019-01-17,-0.001668806161745806,-0.001668806161745806
2019-01-18,-0.0028288543140028155,-0.0028288543140028155
2019-01-22,0.0033526756931012702,0.0033526756931012702
2019-01-23,-0.0015422182238786775,-0.0015422182238786775
2019-01-24,0.002960483974771444,0.002960483974771444
2019-01-25,-0.0028234086242300283,-0.0028234086242300283
2019-01-28,0.0007722007722008595,0.0007722007722008595
2019-01-29,0.0023148148148148806,0.0023148148148148806
2019-01-30,0.0017962535283551073,0.0017962535283551073
2019-01-31,0.0038422131147541894,0.0038422131147541894
2019-02-01,-0.00433784128604231,-0.00433784128604231
2019-02-04,-0.0017939518195797532,-0.0017939518195797532
2019-02-05,0.0012836970474967568,0.0012836970474967568
2019-02-06,0.00012820512820521657,0.00012820512820521657
2019-02-07,0.003204717343930241,0.003204717343930241
2019-02-08,0.0007666751852797304,0.0007666751852797304
2019-02-11,-0.002042900919305368,-0.002042900919305368
2019-02-12,-0.00140736949846465,-0.00140736949846465
2019-02-13,-0.0016655989750160582,-0.0016655989750160582
2019-02-14,0.003465092402464176,0.003465092402464176
2019-02-15,-0.0010231487402481143,-0.0010231487402481143
2019-02-19,0.0014082703879145786,0.0014082703879145786
2019-02-20,-0.0005113781641523651,-0.0005113781641523651
2019-02-21,-0.0020465592223074536,-0.0020465592223074536
2019-02-22,0.0019225839528325128,0.0019225839528325128
2019-02-25,-0.000895484201100194,-0.000895484201100194
2019-02-26,0.002432778489116494,0.002432778489116494
2019-02-27,-0.0033209860774044975,-0.0033209860774044975
2019-02-28,-0.0014097142124823714,-0.0014097142124823714
2019-03-01,-0.002566735112936369,-0.002566735112936369
2019-03-04,0.0019300051466804025,0.0019300051466804025
2019-03-05,0.00012841916013872634,0.00012841916013872634
2019-03-06,0.0020544427324087344,0.0020544427324087344
2019-03-07,0.003972321886212216,-0.003972321886212216
2019-03-08,0.0007657945118060283,-0.0007657945118060283
2019-03-11,-0.0008927432725417406,0.0008927432725417406
2019-03-12,0.001659433239724173,-0.001659433239724173
2019-03-13,-0.000127437237160688,0.000127437237160688
2019-03-14,-0.001147081315319931,0.001147081315319931
2019-03-15,0.0020415975500829298,-0.0020415975500829298
2019-03-18,-0.0008913790907932873,0.0008913790907932873
2019-03-19,-0.000764720876879954,0.000764720876879954
2019-03-20,0.001530612244897922,-0.001530612244897922
2019-03-21,0.00547631176770258,0.00547631176770258
2019-03-22,0.005446485117162725,0.005446485117162725
2019-03-25,0.002393550012597556,0.002393550012597556
2019-03-26,0.0006283775292195148,0.0006283775292195148
2019-03-27,0.0022607385079125297,0.0022607385079125297
2019-03-28,-0.0015037593984962294,-0.0015037593984962294
2019-03-29,-0.0022590361445783413,-0.0022590361445783413
2019-04-01,-0.004905660377358512,-0.004905660377358512
2019-04-02,0.0012640626975097824,0.0012640626975097824
2019-04-03,-0.002146193662416307,-0.002146193662416307
2019-04-04,0.0003795546558704732,0.0003795546558704732
2019-04-05,0.0003794106487922111,0.0003794106487922111
2019-04-08,-0.0011378002528444897,-0.0011378002528444897
2019-04-09,0.0015187950892292523,0.0015187950892292523
2019-04-10,0.001263743207380319,0.001263743207380319
2019-04-11,-0.0018932222642937813,-0.0018932222642937813
2019-04-12,-0.003793626707132014,-0.003793626707132014
2019-04-15,0.0005077430820004114,0.0005077430820004114
2019-04-16,-0.002664298401420906,-0.002664298401420906
2019-04-17,0.0002544205571810565,0.0002544205571810565
2019-04-18,0.0022892025944296623,0.0022892025944296623
2019-04-22,-0.0016495368608044902,-0.0016495368608044902
2019-04-23,0.0015251652262329163,0.0015251652262329163
2019-04-24,0.003299492385786751,0.003299492385786751
2019-04-25,-0.0011383759170250363,-0.0011383759170250363
2019-04-26,0.002279346587311659,0.002279346587311659
2019-04-29,-0.0018951358180669953,-0.0018951358180669953
2019-04-30,0.0018987341772152,0.0018987341772152
2019-05-01,-0.0007580543272267537,-0.0007580543272267537
2019-05-02,-0.003287394107978292,-0.003287394107978292
2019-05-03,0.0013954078396549718,0.0013954078396549718
2019-05-06,0.0022802128198631255,0.0022802128198631255
2019-05-07,0.003159757330637003,0.003159757330637003
2019-05-08,-0.002141867204233372,-0.002141867204233372
2019-05-09,0.0018939393939394478,0.0018939393939394478
2019-05-10,0.0,0.0
2019-05-13,0.0035286704473849184,0.0035286704473849184
2019-05-14,-0.0007534848675122552,-0.0007534848675122552
2019-05-15,0.0027648611285659985,0.0027648611285659985
2019-05-16,-0.0020052638175209747,-0.0020052638175209747
2019-05-17,0.0005023232450080961,0.0005023232450080961
2019-05-20,-0.0016317308899209682,-0.0016317308899209682
2019-05-21,-0.0011315061604224574,-0.0011315061604224574
2019-05-22,0.002391441157961083,0.002391441157961083
2019-05-23,0.006152687091913522,0.006152687091913522
2019-05-24,-0.002495944090852409,-0.002495944090852409
2019-05-28,0.004003503065181935,0.004003503065181935
2019-05-29,0.0018691588785046953,0.0018691588785046953
2019-05-30,0.0004975124378110429,0.0004975124378110429
2019-05-31,0.005469915464942909,0.005469915464942909
2019-06-03,0.004080118694361978,0.004080118694361978
2019-06-04,-0.002339613348109837,-0.002339613348109837
2019-06-05,0.00037027894347074763,0.00037027894347074763
2019-06-06,-0.0002467612584824419,-0.0002467612584824419
2019-06-07,0.002221399481673547,0.002221399481673547
2019-06-10,-0.003570988794483476,-0.003570988794483476
2019-06-11,0.0,0.0
2019-06-12,0.0016065249629262368,0.0016065249629262368
2019-06-13,0.002837754472547749,0.002837754472547749
2019-06-14,-0.0004921259842519676,-0.0004921259842519676
2019-06-17,0.0002461841457410685,0.0002461841457410685
2019-06-18,0.0013536795471327245,0.0013536795471327245
2019-06-19,-0.0018434312400147368,-0.0018434312400147368
2019-06-20,0.009111056390051608,0.009111056390051608
2019-06-21,-0.0042703757930697694,-0.0042703757930697694
2019-06-24,0.003308418086018783,0.003308418086018783
2019-06-25,0.0014655593551538004,0.0014655593551538004
2019-06-26,-0.004146341463414638,-0.004146341463414638
2019-06-27,0.0026940974773450588,0.0026940974773450588
2019-06-28,0.0002442598925256334,0.0002442598925256334
2019-07-01,-0.00219780219780219,-0.00219780219780219
2019-07-02,0.0035487028879099825,0.0035487028879099825
2019-07-03,0.0008535544445800181,0.0008535544445800181
2019-07-05,-0.006091617933723148,-0.006091617933723148
2019-07-08,0.0002451581269919956,0.0002451581269919956
2019-07-09,-0.0015931372549019551,-0.0015931372549019551
2019-07-10,0.0011047011169755816,0.0011047011169755816
2019-07-11,-0.0035556645414418497,-0.0035556645414418497
2019-07-12,0.0009843730773964054,0.0009843730773964054
2019-07-15,0.0004917025199753233,0.0004917025199753233
2019-07-16,-0.001965843469713735,-0.001965843469713735
2019-07-17,0.003447002339037386,0.003447002339037386
2019-07-18,0.0022083179977916423,0.0022083179977916423
2019-07-19,-0.0008568980291345785,-0.0008568980291345785
2019-07-22,0.0004900759617740835,0.0004900759617740835
2019-07-23,-0.0018368846436443986,-0.0018368846436443986
2019-07-24,0.001226843332106542,0.001226843332106542
2019-07-25,-0.0018380100477882744,-0.0018380100477882744
2019-07-26,-0.0004910385465258793,-0.0004910385465258793
2019-07-29,0.0018422991893882745,0.0018422991893882745
2019-07-30,-0.0008581586367537586,-0.0008581586367537586
2019-07-31,0.0006134969325153339,0.0006134969325153339
2019-08-01,0.009932556713672547,0.009932556713672547
2019-08-02,0.001335599805730947,0.001335599805730947
2019-08-05,0.0076391415060022005,0.0076391415060022005
2019-08-06,-0.0006016847172082285,-0.0006016847172082285
2019-08-07,0.003010234798314304,0.003010234798314304
2019-08-08,-0.0018007202881152873,-0.0018007202881152873
2019-08-09,-0.0018039687312086938,-0.0018039687312086938
2019-08-12,0.005301204819277094,0.005301204819277094
2019-08-13,-0.004194630872483174,-0.004194630872483174
2019-08-14,0.005295462751233604,0.005295462751233604
2019-08-15,0.0033520890697953387,0.0033520890697953387
2019-08-16,-0.00023863500775567204,-0.00023863500775567204
2019-08-19,-0.003699725504236806,-0.003699725504236806
2019-08-20,0.002275994250119817,0.002275994250119817
2019-08-21,-0.0015537229592446078,-0.0015537229592446078
2019-08-22,-0.0017955470433325127,-0.0017955470433325127
2019-08-23,0.005036575128912313,0.005036575128912313
2019-08-26,-0.0013124925426559741,-0.0013124925426559741
2019-08-27,0.0027479091995221694,0.0027479091995221694
2019-08-28,0.0016680567139282232,0.0016680567139282232
2019-08-29,-0.003092660877839881,-0.003092660877839881
2019-08-30,0.0007159050232670161,0.0007159050232670161
2019-09-03,0.003100035769643572,0.003100035769643572
2019-09-04,0.0011886366337809928,0.0011886366337809928
2019-09-05,-0.007242075270093795,-0.007242075270093795
2019-09-06,0.0005979430758191739,0.0005979430758191739
2019-09-09,-0.003705031672044945,-0.003705031672044945
2019-09-10,-0.00527831094049902,-0.00527831094049902
2019-09-11,-0.0016883743367100967,-0.0016883743367100967
2019-09-12,-0.003503261657405221,-0.003503261657405221
2019-09-13,-0.006303794399321161,-0.006303794399321161
2019-09-16,0.003537879712089742,0.003537879712089742
2019-09-17,0.0014587892049597873,0.0014587892049597873
2019-09-18,0.0007283321194464509,0.0007283321194464509
2019-09-19,0.000849102377486588,0.000849102377486588
2019-09-20,0.005938674100109065,0.005938674100109065
2019-09-23,0.003012048192771122,0.003012048192771122
2019-09-24,0.004924924924925023,0.004924924924925023
2019-09-25,-0.005857040401625602,-0.005857040401625602
2019-09-26,0.002524948899843782,0.002524948899843782
2019-09-27,0.0008395298632766224,0.0008395298632766224
2019-09-30,-0.0005991611743558778,-0.0005991611743558778
2019-10-01,0.0026378896882492953,0.0026378896882492953
2019-10-02,0.0037072470700789673,0.0037072470700789673
2019-10-03,0.004646729417371542,0.004646729417371542
2019-10-04,0.0011859582542694813,0.0011859582542694813
2019-10-07,-0.0029613835583984782,-0.0029613835583984782
2019-10-08,0.0014256861114412267,0.0014256861114412267
2019-10-09,-0.0032032269545616554,-0.0032032269545616554
2019-10-10,-0.0044037134015710855,-0.0044037134015710855
2019-10-11,-0.006335923490735196,-0.006335923490735196
2019-10-14,0.0026467757459094354,0.0026467757459094354
2019-10-15,-0.003479721622270171,-0.003479721622270171
2019-10-16,0.0016857314870559748,0.0016857314870559748
2019-10-17,-0.0006010337780982811,-0.0006010337780982811
2019-10-18,0.0009622323791196319,0.0009622323791196319
2019-10-21,-0.003124248978610966,-0.003124248978610966
2019-10-22,0.0014464802314368974,0.0014464802314368974
2019-10-23,0.00036109773712089677,0.00036109773712089677
2019-10-24,-0.0001203224642040146,-0.0001203224642040146
2019-10-25,-0.002406738868832692,-0.002406738868832692
2019-10-28,-0.0028950542822677727,-0.0028950542822677727
2019-10-29,0.0008468424872973834,0.0008468424872973834
2019-10-30,0.001692251903783415,0.001692251903783415
2019-10-31,0.006274888379389498,0.006274888379389498
2019-11-01,-0.002158532198105245,-0.002158532198105245
2019-11-04,-0.003364980170652565,-0.003364980170652565
2019-11-05,-0.005064512239237873,-0.005064512239237873
2019-11-06,0.0031511331959761524,0.0031511331959761524
2019-11-07,-0.007249003262051468,-0.007249003262051468
2019-11-08,0.0,0.0
2019-11-11,0.0,0.0
2019-11-12,0.0010952902519167917,0.0010952902519167917
2019-11-13,0.0027960126428396848,0.0027960126428396848
2019-11-14,0.0035155776457751475,0.0035155776457751475
2019-11-15,-0.0015704276395264172,-0.0015704276395264172
2019-11-18,0.0014519056261343977,0.0014519056261343977
2019-11-19,0.0008457170472393472,0.0008457170472393472
2019-11-20,0.002776436504104307,0.002776436504104307
2019-11-21,-0.0024076080414108247,-0.0024076080414108247
2019-11-22,-0.00024134186074575847,-0.00024134186074575847
2019-11-25,0.00048280024140012756,0.00048280024140012756
2019-11-26,0.0013270599589818577,0.0013270599589818577
2019-11-27,-0.002409638554216831,-0.002409638554216831
2019-11-29,-0.0006038647342995196,-0.0006038647342995196
2019-12-02,-0.0031419939577039813,-0.0031419939577039813
2019-12-03,0.008364650260637596,0.008364650260637596
2019-12-04,-0.004327963452753103,-0.004327963452753103
2019-12-05,-0.0007244626901714568,-0.0007244626901714568
2019-12-06,-0.003141614306428231,-0.003141614306428231
2019-12-09,0.0007272727272726875,0.0007272727272726875
2019-12-10,-0.0004844961240310086,-0.0004844961240310086
2019-12-11,0.0027872031022782018,0.0027872031022782018
2019-12-12,-0.006646525679758319,-0.006646525679758319
2019-12-13,0.005109489051094984,0.005109489051094984
2019-12-16,-0.004357298474945481,-0.004357298474945481
2019-12-17,0.0003646973012398913,0.0003646973012398913
2019-12-18,-0.001944343176570662,-0.001944343176570662
2019-12-19,0.001826372823572342,0.001826372823572342
2019-12-20,-0.002430724355858005,-0.002430724355858005
2019-12-23,-0.001218323586744674,-0.001218323586744674
2019-12-24,0.0017077335935593574,0.0017077335935593574
2019-12-26,0.00048709206039943,0.00048709206039943
2019-12-27,0.002190847127556017,0.002190847127556017
2019-12-30,-0.0009715812484819564,-0.0009715812484819564
2019-12-31,-0.0008509603695598944,-0.0008509603695598944
2020-01-02,0.001581700936853725,0.001581700936853725
2020-01-03,0.005952380952380931,0.005952380952380931
2020-01-06,-0.0010868252626494712,-0.0010868252626494712
2020-01-07,-0.0007253384912959682,-0.0007253384912959682
2020-01-08,-0.003024437454633433,-0.003024437454633433
2020-01-09,0.0009707559762164308,0.0009707559762164308
2020-01-10,0.0014547217844587124,0.0014547217844587124
2020-01-13,-0.0012105072025178076,-0.0012105072025178076
2020-01-14,0.0016967640286025265,0.0016967640286025265
2020-01-15,0.0015728977616455975,0.0015728977616455975
2020-01-16,-0.001449625513408992,-0.001449625513408992
2020-01-17,-0.0008468424872973834,-0.0008468424872973834
2020-01-21,0.0041167211526820235,0.0041167211526820235
2020-01-22,-0.00024116724948752832,-0.00024116724948752832
2020-01-23,0.0018091906886985587,0.0018091906886985587
2020-01-24,0.0038526366482061203,0.0038526366482061203
2020-01-27,0.004677380666826547,0.004677380666826547
2020-01-28,-0.0021487405992598463,-0.0021487405992598463
2020-01-29,0.0031104199066873672,0.0031104199066873672
2020-01-30,0.002265951103160413,0.002265951103160413
2020-01-31,0.002617801047120505,0.002617801047120505
2020-02-03,-0.0005934013766911717,-0.0005934013766911717
2020-02-04,-0.005225032656454132,-0.005225032656454132
2020-02-05,-0.002626238510206491,-0.002626238510206491
2020-02-06,0.00011968880909640767,0.00011968880909640767
2020-02-07,0.003949258018190571,0.003949258018190571
2020-02-10,0.0021456669448087773,0.0021456669448087773
2020-02-11,-0.002735815391935237,-0.002735815391935237
2020-02-12,-0.0023854961832061594,-0.0023854961832061594
2020-02-13,0.0005978000956479157,0.0005978000956479157
2020-02-14,0.0016728402437566903,0.0016728402437566903
2020-02-18,0.001670046522724622,0.001670046522724622
2020-02-19,-0.0009527212099559312,-0.0009527212099559312
2020-02-20,0.002741685540588845,0.002741685540588845
2020-02-21,0.003209700427960094,0.003209700427960094
2020-02-24,0.006043370067543519,0.006043370067543519
2020-02-25,0.0035335689045936647,0.0035335689045936647
2020-02-26,0.001525821596244148,0.001525821596244148
2020-02-27,0.0008203445447088065,0.0008203445447088065
2020-02-28,0.01053864168618257,0.01053864168618257
2020-03-02,0.0031286210892236266,0.0031286210892236266
2020-03-03,0.005429132493935507,0.005429132493935507
2020-03-04,0.0018382352941177516,0.0018382352941177516
2020-03-05,0.0037844036697247674,0.0037844036697247674
2020-03-06,0.009368216611447489,0.009368216611447489
2020-03-09,0.009054895302773147,0.009054895302773147
2020-03-10,-0.012563095905776756,-0.012563095905776756
2020-03-11,-0.0029535385663977953,-0.0029535385663977953
2020-03-12,-0.001822946337017184,-0.001822946337017184
2020-03-13,-0.00798995548453374,-0.00798995548453374
2020-03-16,0.01668392590035661,0.01668392590035661
2020-03-17,-0.014486192847442236,-0.014486192847442236
2020-03-18,-0.01240238860817644,-0.01240238860817644
2020-03-19,0.006976744186046435,0.006976744186046435
2020-03-20,0.00877598152424941,0.00877598152424941
2020-03-23,0.012477106227106294,0.012477106227106294
2020-03-24,-0.0054267947993216215,-0.0054267947993216215
2020-03-25,-0.0007957258156189306,-0.0007957258156189306
2020-03-26,0.0028441410693971214,0.0028441410693971214
2020-03-27,0.0038570618264321954,0.0038570618264321954
2020-03-30,0.004068256300146844,0.004068256300146844
2020-03-31,-0.0010129431626336727,-0.0010129431626336727
2020-04-01,0.00214060387561954,0.00214060387561954
2020-04-02,-0.0006745362563237434,-0.0006745362563237434
2020-04-03,0.001799977500281269,0.001799977500281269
2020-04-06,-0.0052779337450870045,-0.0052779337450870045
2020-04-07,-0.003612553623842829,-0.003612553623842829
2020-04-08,-0.0004532064355313725,-0.0004532064355313725
2020-04-09,0.0029471775107685616,0.0029471775107685616
2020-04-13,-0.0012432188065099048,-0.0012432188065099048
2020-04-14,0.001018445173701421,0.001018445173701421
2020-04-15,0.0067827266561157895,0.0067827266561157895
2020-04-16,0.0005614192679093133,0.0005614192679093133
2020-04-17,-0.0024688587139490847,-0.0024688587139490847
2020-04-20,0.0015749803127460549,0.0015749803127460549
2020-04-21,0.0020217904077277637,0.0020217904077277637
2020-04-22,-0.002466091245376112,-0.002466091245376112
2020-04-23,-0.00022474435329811193,-0.00022474435329811193
2020-04-24,0.0006743846240304663,0.0006743846240304663
2020-04-27,-0.0032573289902280145,-0.0032573289902280145
2020-04-28,0.0025918413342347346,0.0025918413342347346
2020-04-29,-0.00033719231201523314,-0.00033719231201523314
2020-04-30,0.0006746120980436476,0.0006746120980436476
2020-05-01,-0.001348314606741563,-0.001348314606741563
2020-05-04,0.0006750675067506151,0.0006750675067506151
2020-05-05,-0.0007870474477175149,-0.0007870474477175149
2020-05-06,-0.002250478226623165,-0.002250478226623165
2020-05-07,0.005413330325927612,0.005413330325927612
2020-05-08,-0.0024677509814918785,-0.0024677509814918785
2020-05-11,-0.0023614078488698453,-0.0023614078488698453
2020-05-12,0.00236699729486034,0.00236699729486034
2020-05-13,0.0019116158776566472,0.0019116158776566472
2020-05-14,0.0014590347923681968,0.0014590347923681968
2020-05-15,-0.0006724195898240026,-0.0006724195898240026
2020-05-18,-0.00527083099697212,-0.00527083099697212
2020-05-19,0.0019165727170236124,0.0019165727170236124
2020-05-20,0.0015753347586362487,0.0015753347586362487
2020-05-21,-0.00011234692731154627,-0.00011234692731154627
2020-05-22,0.000674157303370837,0.000674157303370837
2020-05-26,-0.0014596900965641035,-0.0014596900965641035
2020-05-27,0.001236927920836628,0.001236927920836628
2020-05-28,-0.001235399820305516,-0.001235399820305516
2020-05-29,0.0030360958056898646,0.0030360958056898646
2020-06-01,-0.00033632286995510796,-0.00033632286995510796
2020-06-02,-0.0010093080632499474,-0.0010093080632499474
2020-06-03,-0.004490345756623215,-0.004490345756623215
2020-06-04,-0.002593594948128053,-0.002593594948128053
2020-06-05,-0.0047484454494064465,-0.0047484454494064465
2020-06-08,0.001363171646029837,0.001363171646029837
2020-06-09,0.0030629608621668414,0.0030629608621668414
2020-06-10,0.005202442886224734,0.005202442886224734
2020-06-11,0.003937893789379032,0.003937893789379032
2020-06-12,-0.0022413986327468605,-0.0022413986327468605
2020-06-15,0.0,0.0
2020-06-16,-0.0022464337863641326,-0.0022464337863641326
2020-06-17,0.0012383203872565751,0.0012383203872565751
2020-07-02,0.0010120319352300289,0.0010120319352300289
2020-07-06,-0.0007863401482812726,-0.0007863401482812726
2020-07-07,0.001573917931422253,0.001573917931422253
2020-07-08,-0.00011224604332693566,-0.00011224604332693566
2020-07-09,0.0022451728783117186,0.0022451728783117186
2020-07-10,-0.0020161290322581182,-0.0020161290322581182
2020-07-13,0.0,0.0
2020-07-14,0.0014590347923681968,0.0014590347923681968
2020-07-15,-0.0005603496581867429,-0.0005603496581867429
2020-07-16,0.00100919488674589,0.00100919488674589
2020-07-17,-0.0008961577237593943,-0.0008961577237593943
2020-07-20,0.0002242403856933528,0.0002242403856933528
2020-07-21,0.0008967604528640205,0.0008967604528640205
2020-07-22,0.0003359838727741149,0.0003359838727741149
2020-07-23,0.0004478280340349805,0.0004478280340349805
2020-07-24,-0.0003357206803938917,-0.0003357206803938917
2020-07-27,-0.0007836113287809088,-0.0007836113287809088
2020-07-28,0.0016804839793860271,0.0016804839793860271
2020-07-29,0.0003355329381500294,0.0003355329381500294
2020-07-30,0.001900715563506239,0.001900715563506239
2020-07-31,0.00044637875237141245,0.00044637875237141245
2020-08-03,-0.0010039040713887282,-0.0010039040713887282
2020-08-04,0.0027914247431888306,0.0027914247431888306
2020-08-05,-0.0017815388041421132,-0.0017815388041421132
2020-08-06,0.000557724484104849,0.000557724484104849
2020-08-07,-0.0014492753623188692,-0.0014492753623188692
2020-08-10,-0.0005582226191804818,-0.0005582226191804818
2020-08-11,-0.0044682752457551045,-0.0044682752457551045
2020-08-12,-0.0004488330341113622,-0.0004488330341113622
2020-08-13,-0.0015716210148181142,-0.0015716210148181142
2020-08-14,0.0011243534967393387,0.0011243534967393387
2020-08-17,0.0014600179694519433,0.0014600179694519433
2020-08-18,0.00044858136144432237,0.00044858136144432237
2020-08-19,-0.00011209505660803032,-0.00011209505660803032
2020-08-20,0.0013452914798206539,0.0013452914798206539
2020-08-21,0.0,0.0
2020-08-24,-0.0003358710255262354,-0.0003358710255262354
2020-08-25,-0.001455930115354498,-0.001455930115354498
2020-08-26,0.0,0.0
2020-08-27,-0.0024674742036787656,-0.0024674742036787656
2020-08-28,0.002023836294130943,0.002023836294130943
2020-08-31,0.001122082585278239,0.001122082585278239
2020-09-01,0.0012329074198609291,0.0012329074198609291
2020-09-02,0.000895555804321102,0.000895555804321102
2020-09-03,0.0015658203780337665,0.0015658203780337665
2020-09-04,-0.005136795086543855,-0.005136795086543855
2020-09-08,0.0025816589965204084,0.0025816589965204084
2020-09-09,-0.0006717420510523597,-0.0006717420510523597
2020-09-10,0.0008962581223392885,0.0008962581223392885
2020-09-11,0.001231251399149258,0.001231251399149258
2020-09-14,-0.00022358859698157207,-0.00022358859698157207
2020-09-15,-0.0004472772000447822,-0.0004472772000447822
2020-09-16,-0.00022373867322966756,-0.00022373867322966756
2020-09-17,0.0,0.0
2020-09-18,-0.00022378874342621202,-0.00022378874342621202
2020-09-21,0.0011191941801902416,0.0011191941801902416
2020-09-22,-0.0010061486864170188,-0.0010061486864170188
2020-09-23,-0.0008952551477170445,-0.0008952551477170445
2020-09-24,0.0005600358422939156,0.0005600358422939156
2020-09-25,0.000447777902160551,0.000447777902160551
2020-09-28,-0.00011189437171310601,-0.00011189437171310601
2020-09-29,0.0011190689346463056,0.0011190689346463056
2020-09-30,-0.0017885088307623143,-0.0017885088307623143
2020-10-01,0.00011198208286677946,0.00011198208286677946
2020-10-02,-0.0007837868099876966,-0.0007837868099876966
2020-10-05,-0.0036978933213805965,-0.0036978933213805965
2020-10-06,0.0008997863007536022,0.0008997863007536022
2020-10-07,-0.0023598157096302863,-0.0023598157096302863
2020-10-08,0.0014642937598559058,0.0014642937598559058
2020-10-09,-0.0006748397255651462,-0.0006748397255651462
2020-10-12,0.0005627462014632378,0.0005627462014632378
2020-10-13,0.002137232845894177,0.002137232845894177
2020-10-14,0.00011224604332693566,0.00011224604332693566
2020-10-15,-0.0006734006734007147,-0.0006734006734007147
2020-10-16,-0.0004492362982928544,-0.0004492362982928544
2020-10-19,-0.0010112359550561445,-0.0010112359550561445
2020-10-20,-0.0015746260263187484,-0.0015746260263187484
2020-10-21,-0.0009012053621718641,-0.0009012053621718641
2020-10-22,-0.0018040365317397722,-0.0018040365317397722
2020-10-23,0.00022591212018530094,0.00022591212018530094
2020-10-26,0.0020327498588368353,0.0020327498588368353
2020-10-27,0.0014651189000338682,0.0014651189000338682
2020-10-28,-0.0003376097231599928,-0.0003376097231599928
2020-10-29,-0.002814364516492196,-0.002814364516492196
2020-10-30,-0.0013547076089410748,-0.0013547076089410748
2020-11-02,0.000565227221343001,0.000565227221343001
2020-11-03,-0.0014687605920234992,-0.0014687605920234992
2020-11-04,0.006449422946367855,0.006449422946367855
2020-11-05,-0.0007869589657111264,-0.0007869589657111264
2020-11-06,-0.002362736273627375,-0.002362736273627375
2020-11-09,-0.006992218337656508,-0.006992218337656508
2020-11-10,-0.0010221465076660774,-0.0010221465076660774
2020-11-11,0.001250568440199995,0.001250568440199995
2020-11-12,0.0039741115022140505,0.0039741115022140505
2020-11-13,-0.00033928975344943435,-0.00033928975344943435
2020-11-16,-0.0005656748500961761,-0.0005656748500961761
2020-11-17,0.0019243830654289695,0.0019243830654289695
2020-11-18,-0.000790871088012679,-0.000790871088012679
2020-11-19,0.0012437810945273853,0.0012437810945273853
2020-11-20,0.0010163749294183066,0.0010163749294183066
2020-11-23,-0.0013537906137184308,-0.0013537906137184308
2020-11-24,-0.0004518752824220762,-0.0004518752824220762
2020-11-25,0.00011301989150092062,0.00011301989150092062
2020-11-27,0.002034128150073533,0.002034128150073533
2020-11-30,-0.0001127777151235243,-0.0001127777151235243
2020-12-01,-0.00496277915632759,-0.00496277915632759
2020-12-02,0.0,0.0
2020-12-03,0.0017002947177511274,0.0017002947177511274
2020-12-04,-0.001923729772547289,-0.001923729772547289
2020-12-07,0.0023809523809523725,0.0023809523809523725
2020-12-08,0.0005655468838365874,0.0005655468838365874
2020-12-09,-0.0012434998869546021,-0.0012434998869546021
2020-12-10,0.0019241652518393604,0.0019241652518393604
2020-12-11,0.0013556258472662286,0.0013556258472662286
2020-12-14,0.0,0.0
2020-12-15,-0.0014666064981949667,-0.0014666064981949667
2020-12-16,0.00022596316800371774,0.00022596316800371774
2020-12-17,-0.00022591212018530094,-0.00022591212018530094
2020-12-18,-0.0006778895040108202,-0.0006778895040108202
2020-12-21,0.0014697569248163234,0.0014697569248163234
2020-12-22,-0.0030480921201173627,-0.0030480921201173627
2020-12-23,-0.0015853244253198895,-0.0015853244253198895
2020-12-24,0.0007939208347509386,0.0007939208347509386
2020-12-28,0.00033998186763373184,0.00033998186763373184
2020-12-29,0.0,0.0
2020-12-30,0.00033986631924776134,0.00033986631924776134
2020-12-31,0.0007927519818800022,0.0007927519818800022
2021-01-04,0.00033948172456721437,0.00033948172456721437
2021-01-05,-0.002036199095022617,-0.002036199095022617
2021-01-06,-0.004647472228519578,-0.004647472228519578
2021-01-07,-0.0018221159321262226,-0.0018221159321262226
2021-01-08,-0.0021677124928694003,-0.0021677124928694003
2021-01-11,-0.0017150697461696396,-0.0017150697461696396
2021-01-12,-0.00022906883518492016,-0.00022906883518492016
2021-01-13,0.0027494558368656996,0.0027494558368656996
2021-01-14,-0.0014852050725465693,-0.0014852050725465693
2021-01-15,0.0021739130434783593,0.0021739130434783593
2021-01-19,0.0005708414202534318,0.0005708414202534318
2021-01-20,0.0002282062984937383,0.0002282062984937383
2021-01-21,-0.0005703855806524771,-0.0005703855806524771
2021-01-22,0.0010272799908686014,-0.0010272799908686014
2021-01-25,0.0025085518814138563,-0.0025085518814138563
2021-01-26,0.0,-0.0
2021-01-27,0.0011373976342128334,-0.0011373976342128334
2021-01-28,-0.002044989775051076,0.002044989775051076
2021-01-29,-0.0015938069216757667,0.0015938069216757667
2021-02-01,0.0011402508551880963,-0.0011402508551880963
2021-02-02,-0.0018223234624146212,0.0018223234624146212
2021-02-03,-0.0010269283432222664,0.0010269283432222664
2021-02-04,0.0,-0.0
2021-02-05,-0.0007995431182181711,0.0007995431182181711
2021-02-08,0.0,-0.0
2021-02-09,0.00022862368541387568,-0.00022862368541387568
2021-02-10,0.0014857142857143124,-0.0014857142857143124
2021-02-11,-0.000456464681045321,0.000456464681045321
2021-02-12,-0.002283365681013838,0.002283365681013838
2021-02-16,-0.005607048861425823,0.005607048861425823
2021-02-17,-0.00023014959723821615,0.00023014959723821615
2021-02-18,0.0008057090239410591,-0.0008057090239410591
2021-02-19,-0.002990224266820052,0.002990224266820052
2021-02-22,-0.0009228284692582855,0.0009228284692582855
2021-02-23,0.0006927606511950568,-0.0006927606511950568
2021-02-24,-0.0019614630206530315,0.0019614630206530315
2021-02-25,-0.010982658959537539,0.010982658959537539
2021-02-26,0.0009351256575103051,-0.0009351256575103051
2021-03-01,0.0036202265561136038,-0.0036202265561136038
2021-03-02,0.0026762857807773877,-0.0026762857807773877
2021-03-03,-0.003713589416270202,0.003713589416270202
2021-03-04,-0.004775771694816577,0.004775771694816577
2021-03-05,-0.000351123595505598,0.000351123595505598
2021-03-08,-0.0035124692658938805,0.0035124692658938805
2021-03-09,0.003172365174480163,-0.003172365174480163
2021-03-10,0.0016397282736004826,-0.0016397282736004826
2021-03-11,0.0007015902712814714,-0.0007015902712814714
2021-03-12,-0.006076186024772112,0.006076186024772112
2021-03-15,0.0012932047966141003,-0.0012932047966141003
2021-03-16,0.0,-0.0
2021-03-17,0.0011741223435481896,-0.0011741223435481896
2021-03-18,-0.005981001524569041,0.005981001524569041
2021-03-19,-0.0005899008966493424,0.0005899008966493424
2021-03-22,0.002951245425569571,-0.002951245425569571
2021-03-23,-0.006238229755178959,0.006238229755178959
2021-03-24,0.0013028544356270544,-0.0013028544356270544
2021-03-25,0.0003548616039743546,-0.0003548616039743546
2021-03-26,-0.0028378857750975817,0.0028378857750975817
2021-03-29,-0.00308312581524961,0.00308312581524961
2021-03-30,-0.0013084334483168814,0.0013084334483168814
2021-03-31,-0.0019056693663649371,0.0019056693663649371
2021-04-01,0.003699284009546444,-0.003699284009546444
2021-04-05,-0.0023778385447628114,0.0023778385447628114
2021-04-06,0.004409486354427283,-0.004409486354427283
2021-04-07,0.0010678690080683229,-0.0010678690080683229
2021-04-08,0.0013037809647979959,-0.0013037809647979959
2021-04-09,-0.0020123106060605522,0.0020123106060605522
2021-04-12,-0.0008302692444549509,0.0008302692444549509
2021-04-13,0.0034425451092117143,-0.0034425451092117143
2021-04-14,-0.0011830119484206314,0.0011830119484206314
2021-04-15,0.0055667416794977775,-0.0055667416794977775
2021-04-16,-0.0021201413427561766,0.0021201413427561766
2021-04-19,-0.0010623229461755868,0.0010623229461755868
2021-04-20,0.002481389578163684,-0.002481389578163684
2021-04-21,-0.00023573785950026238,0.00023573785950026238
2021-04-22,0.00011789672247108918,-0.00011789672247108918
2021-04-23,-0.0008251797713073605,0.0008251797713073605
2021-04-26,-0.00047192071731949614,0.00047192071731949614
2021-04-27,-0.002596789423984891,0.002596789423984891
2021-04-28,0.0004733727810650734,-0.0004733727810650734
2021-04-29,-0.0008280104092737162,0.0008280104092737162
2021-04-30,0.0003551556765715169,-0.0003551556765715169
2021-05-03,0.0022485207100590987,-0.0022485207100590987
2021-05-04,0.000708466170740385,-0.000708466170740385
2021-05-05,0.0009439528023598154,-0.0009439528023598154
2021-05-06,0.0009430625957798089,-0.0009430625957798089
2021-05-07,0.0005888587916618171,-0.0005888587916618171
2021-05-10,-0.0010593220338983578,0.0010593220338983578
2021-05-11,-0.0011782726522917564,0.0011782726522917564
2021-05-12,-0.004010852896071726,0.004010852896071726
2021-05-13,0.0020135023096055082,-0.0020135023096055082
2021-05-14,0.0016548463356973464,-0.0016548463356973464
2021-05-17,-0.0004720320981826953,0.0004720320981826953
2021-05-18,0.0003541912632820665,-0.0003541912632820665
2021-05-19,-0.0027145048979110298,0.0027145048979110298
2021-05-20,0.0034319526627220043,-0.0034319526627220043
2021-05-21,-0.0003538153084090556,0.0003538153084090556
2021-05-24,0.0014157621519583774,-0.0014157621519583774
2021-05-25,0.0025918944392082643,-0.0025918944392082643
2021-05-26,-0.0004700352526439966,0.0004700352526439966
2021-05-27,-0.0016458970138725215,0.0016458970138725215
2021-05-28,0.0012953367875647714,-0.0012953367875647714
2021-06-01,-0.000940844407856023,0.000940844407856023
2021-06-02,0.0009417304296646112,-0.0009417304296646112
2021-06-03,-0.002469716570622116,0.002469716570622116
2021-06-04,0.004480075453902277,-0.004480075453902277
2021-06-07,-0.0007042253521126751,0.0007042253521126751
2021-06-08,0.0024665257223397408,-0.0024665257223397408
2021-06-09,0.002108963093145899,-0.002108963093145899
2021-06-10,0.0011691804045363963,-0.0011691804045363963
2021-06-11,-0.0007006890108607333,0.0007006890108607333
2021-06-14,-0.002103540960617045,0.002103540960617045
2021-06-15,0.00011710973181866535,-0.00011710973181866535
2021-06-16,-0.005503512880562056,0.005503512880562056
2021-06-17,0.0015306723183798887,-0.0015306723183798887
2021-06-18,0.00188102515871158,-0.00188102515871158
2021-06-21,-0.0007040600797935115,0.0007040600797935115
2021-06-22,-0.005284170972287505,0.005284170972287505
2021-06-23,-0.0012985479872505978,0.0012985479872505978
2021-06-24,-0.00011820330969269932,0.00011820330969269932
2021-06-25,-0.002364345667336565,0.002364345667336565
2021-06-28,0.0030809337599242426,-0.0030809337599242426
2021-06-29,0.0,-0.0
2021-06-30,0.0017720023626697223,-0.0017720023626697223
2021-07-01,-0.00176886792452835,0.00176886792452835
2021-07-02,0.003071470761961015,-0.003071470761961015
2021-07-06,0.004122011541632276,-0.004122011541632276
2021-07-07,0.0024630541871921707,-0.0024630541871921707
2021-07-08,0.002574002574002643,-0.002574002574002643
2021-07-09,-0.003500991947718468,0.003500991947718468
2021-07-12,-0.00011710973181866535,0.00011710973181866535
2021-07-13,-0.003162333099086423,0.003162333099086423
2021-07-14,0.0035248501938667243,-0.0035248501938667243
2021-07-15,0.0025758107949889197,-0.0025758107949889197
2021-07-16,-0.00011678150181015923,0.00011678150181015923
2021-07-19,0.006774118196682943,-0.006774118196682943
2021-07-20,-0.00011600928074251282,0.00011600928074251282
2021-07-21,-0.004176818656456693,0.004176818656456693
2021-07-22,0.0010485844110450504,-0.0010485844110450504
2021-07-23,-0.0008147113594041411,0.0008147113594041411
2021-07-26,0.0004659289458357474,-0.0004659289458357474
2021-07-27,0.0019792758179066894,-0.0019792758179066894
2021-07-28,-0.0015105740181269312,0.0015105740181269312
2021-07-29,-0.000349121377865691,0.000349121377865691
2021-07-30,0.0017462165308497202,-0.0017462165308497202
2021-08-02,0.004067402672864651,-0.004067402672864651
2021-08-03,0.0,-0.0
2021-08-04,-0.0012731481481481621,0.0012731481481481621
2021-08-05,-0.0024336539575848803,0.0024336539575848803
2021-08-06,-0.0037174721189591198,0.0037174721189591198
2021-08-09,-0.0016324626865671377,0.0016324626865671377
2021-08-10,-0.0017519271198318531,0.0017519271198318531
2021-08-11,0.00023400023400022008,-0.00023400023400022008
2021-08-12,-0.0009357819628026398,0.0009357819628026398
2021-08-13,0.0037466338836202873,-0.0037466338836202873
2021-08-16,0.0027994867607605833,-0.0027994867607605833
2021-08-17,-0.0004652785855531194,0.0004652785855531194
2021-08-18,-0.0009309903409752129,0.0009309903409752129
2021-08-19,0.0013977868375072422,-0.0013977868375072422
2021-08-20,-0.0015121554030476103,0.0015121554030476103
2021-08-23,0.0006989748369059523,-0.0006989748369059523
2021-08-24,-0.0017462165308498312,0.0017462165308498312
2021-08-25,-0.002682215743440186,0.002682215743440186
2021-08-26,-0.0002338634237605275,-0.0002338634237605275
2021-08-27,0.0022222222222221255,0.0022222222222221255
2021-08-30,0.001750495973859234,0.001750495973859234
2021-08-31,-0.0005824790307549232,-0.0005824790307549232
2021-09-01,0.0,0.0
2021-09-02,0.0005828185103158301,0.0005828185103158301
2021-09-03,-0.0009319664492077884,-0.0009319664492077884
2021-09-07,-0.002798507462686617,-0.002798507462686617
2021-09-08,0.0017539756782039007,0.0017539756782039007
2021-09-09,0.0017509046340609125,0.0017509046340609125
2021-09-10,-0.002446982055464897,0.002446982055464897
2021-09-13,0.0011680878402056116,-0.0011680878402056116
2021-09-14,0.0021001050052502634,-0.0021001050052502634
2021-09-15,-0.0015135638607520763,0.0015135638607520763
2021-09-16,-0.0022154850746268773,0.0022154850746268773
2021-09-17,-0.0022204043473179613,0.0022204043473179613
2021-09-20,0.003279456547200743,-0.003279456547200743
2021-09-21,0.00011674060238142658,-0.00011674060238142658
2021-09-22,-0.006536710633827436,0.006536710633827436
2021-09-23,-0.0045823052520267415,0.0045823052520267415
2021-09-24,-0.002714825306893265,0.002714825306893265
2021-09-27,-0.001657000828500399,0.001657000828500399
2021-09-28,-0.0024896265560165887,0.0024896265560165887
2021-09-29,0.0,-0.0
2021-09-30,0.001069645828381205,-0.001069645828381205
2021-10-01,0.004274011634809449,-0.004274011634809449
2021-10-04,-0.0007093037002009472,0.0007093037002009472
2021-10-05,-0.0026026262865255223,0.0026026262865255223
2021-10-06,-0.0001186098920650247,0.0001186098920650247
2021-10-07,-0.002491103202846956,0.002491103202846956
2021-10-08,-0.001902723272684037,-0.001902723272684037
2021-10-11,-0.0022637912546169536,-0.0022637912546169536
2021-10-12,0.0022689276331502306,0.0022689276331502306
2021-10-13,0.0005957345406886194,0.0005957345406886194
2021-10-14,0.00214336746844479,0.00214336746844479
2021-10-15,-0.004039923954372582,-0.004039923954372582
2021-10-18,-0.0015509424958244367,-0.0015509424958244367
2021-10-19,-0.0015533516549169901,-0.0015533516549169901
2021-10-20,0.0005983724269986723,0.0005983724269986723
2021-10-21,-0.003468484631025004,-0.003468484631025004
2021-10-22,0.001200192030724967,-0.001200192030724967
2021-10-25,0.0016782546152001032,-0.0016782546152001032
2021-10-26,0.0003590234561992034,-0.0003590234561992034
2021-10-27,0.004306735255413363,-0.004306735255413363
2021-10-28,-0.0032162001191184952,0.0032162001191184952
2021-10-29,-0.00035850860420649777,0.00035850860420649777
2021-11-01,-0.0003586371787208664,0.0003586371787208664
2021-11-02,0.0023917723032766958,-0.0023917723032766958
2021-11-03,-0.0015509424958244367,0.0015509424958244367
2021-11-04,0.004182100609391837,-0.004182100609391837
2021-11-05,0.003926701570680535,0.003926701570680535
2021-11-08,-0.004029868436648099,-0.004029868436648099
2021-11-09,0.004165179102701311,0.004165179102701311
2021-11-10,-0.008414316188670279,-0.008414316188670279
2021-11-11,-0.0031074459184893266,-0.0031074459184893266
2021-11-12,0.0015585661191703792,0.0015585661191703792
2021-11-15,-0.0017955470433325127,-0.0017955470433325127
2021-11-16,-0.0009593476436023929,-0.0009593476436023929
2021-11-17,0.002160604969391411,0.002160604969391411
2021-11-18,0.000958198586657133,0.000958198586657133
2021-11-19,0.0022735431374896198,0.0022735431374896198
2021-11-22,-0.006685768863419317,-0.006685768863419317
2021-11-23,-0.0016826923076923572,-0.0016826923076923572
2021-11-24,0.0003611846857694001,0.0003611846857694001
2021-11-26,0.010350222650138408,0.010350222650138408
2021-11-29,-0.0009529481834424924,-0.0009529481834424924
2021-11-30,0.0038154286395613024,0.0038154286395613024
2021-12-01,0.000712673714217793,0.000712673714217793
2021-12-02,-0.0024925816023738667,-0.0024925816023738667
2021-12-03,0.006187529747739173,0.006187529747739173
2021-12-06,-0.00591296121097451,-0.00591296121097451
2021-12-07,-0.0023792529145848507,-0.0023792529145848507
2021-12-08,-0.0008347245409014992,-0.0008347245409014992
2021-12-09,0.0011934598400764607,0.0011934598400764607
2021-12-10,0.00011920371915596917,0.00011920371915596917
2021-12-13,0.0032181168057210385,0.0032181168057210385
2021-12-14,-0.0016633004633479498,-0.0016633004633479498
2021-12-15,-0.001071046054980318,-0.001071046054980318
2021-12-16,0.004646175839885691,0.004646175839885691
2021-12-17,0.0004743270484999229,0.0004743270484999229
2021-12-20,0.0,0.0
2021-12-21,-0.0046224961479198745,-0.0046224961479198745
2021-12-22,-0.00369135508454399,-0.00369135508454399
2021-12-23,-0.0014342058085334841,-0.0014342058085334841
2021-12-27,0.00011968880909640767,0.00011968880909640767
2021-12-28,0.0003590234561992034,0.0003590234561992034
2021-12-29,-0.0029907883718147676,-0.0029907883718147676
2021-12-30,0.0014398848092151972,0.0014398848092151972
2021-12-31,0.00047927150730897594,0.00047927150730897594
2022-01-03,-0.007904191616766476,-0.007904191616766476
2022-01-04,-0.0012071463061322785,-0.0012071463061322785
2022-01-05,-0.0033840947546531774,-0.0033840947546531774
2022-01-06,-0.002425418384671363,-0.002425418384671363
2022-01-07,-0.0018234865061999006,-0.0018234865061999006
2022-01-10,-0.0012178784557300704,-0.0012178784557300704
2022-01-11,0.0019509815876113112,0.0019509815876113112
2022-01-12,0.0014603870025555743,0.0014603870025555743
2022-01-13,0.001093693036821053,0.001093693036821053
2022-01-14,-0.00412721534353,-0.00412721534353
2022-01-18,-0.006338371526084852,-0.006338371526084852
2022-01-19,0.0023307163886163718,-0.0023307163886163718
2022-01-20,0.00024476808224216384,-0.00024476808224216384
2022-01-21,0.004771809617031719,-0.004771809617031719
2022-01-24,0.0015830491962980364,-0.0015830491962980364
2022-01-25,-0.003039513677811523,0.003039513677811523
2022-01-26,-0.004756097560975614,0.004756097560975614
2022-01-27,0.0011028060286728536,-0.0011028060286728536
2022-01-28,0.0023255813953488857,-0.0023255813953488857
2022-01-31,0.00012211503236048138,-0.00012211503236048138
2022-02-01,-0.00073260073260073,0.00073260073260073
2022-02-02,0.0019550342130987275,-0.0019550342130987275
2022-02-03,-0.003780487804878052,0.003780487804878052
2022-02-04,-0.006855184233076295,0.006855184233076295
2022-02-07,0.0011093307038088085,-0.0011093307038088085
2022-02-08,-0.0025855700566362882,0.0025855700566362882
2022-02-09,0.001357857054684608,-0.001357857054684608
2022-02-10,-0.0075197238658777366,0.0075197238658777366
2022-02-11,0.004719910570115449,-0.004719910570115449
2022-02-14,-0.0032142415626158494,0.0032142415626158494
2022-02-15,-0.0019843730621357247,0.0019843730621357247
2022-02-16,0.0006213495712688033,-0.0006213495712688033
2022-02-17,0.004843517138599207,-0.004843517138599207
2022-02-18,0.0019775058707205417,-0.0019775058707205417
2022-02-22,-0.0016035524855063654,0.0016035524855063654
2022-02-23,-0.001482579688658281,0.001482579688658281
2022-02-24,0.0014847809948033142,-0.0014847809948033142
2022-02-25,-0.0017296763034346796,0.0017296763034346796
2022-02-28,0.009529702970296983,-0.009529702970296983
2022-03-01,0.009930121368149969,-0.009930121368149969
2022-03-02,-0.010924981791696986,0.010924981791696986
2022-03-03,0.0019636720667648433,-0.0019636720667648433
2022-03-04,0.007594316511513988,-0.007594316511513988
2022-03-07,-0.0035254072453196894,0.0035254072453196894
2022-03-08,-0.007075759424179595,0.007075759424179595
2022-03-09,-0.004546013023712936,0.004546013023712936
2022-03-10,-0.003949642063687975,0.003949642063687975
2022-03-11,-0.0006195786864932051,0.0006195786864932051
2022-03-14,-0.008431494110353377,0.008431494110353377
2022-03-15,-0.001125422033262491,0.001125422033262491
2022-03-16,-0.0028793189784677153,0.0028793189784677153
2022-03-17,0.0005021971123666535,-0.0005021971123666535
2022-03-18,0.002384238925837723,-0.002384238925837723
2022-03-21,-0.011016524787180737,0.011016524787180737
2022-03-22,-0.004177215189873462,0.004177215189873462
2022-03-23,0.0017795856107791774,-0.0017795856107791774
2022-03-24,-0.0017764243116356049,0.0017764243116356049
2022-03-25,-0.011185966696326433,0.011185966696326433
2022-03-28,0.0012855122766421978,-0.0012855122766421978
2022-03-29,0.0051354474258569205,-0.0051354474258569205
2022-03-30,0.0024268744411801713,-0.0024268744411801713
2022-03-31,0.0020387359836901986,-0.0020387359836901986
2022-04-01,-0.005213631739572788,0.005213631739572788
2022-04-04,-0.001150453790106143,0.001150453790106143
2022-04-05,-0.009598157153826503,0.009598157153826503
2022-04-06,-0.0019382349140716348,0.0019382349140716348
2022-04-07,-0.0011651993785602999,0.0011651993785602999
2022-04-08,-0.0034996759559300372,0.0034996759559300372
2022-04-11,-0.003121748178980255,0.003121748178980255
2022-04-12,0.006263048016701411,-0.006263048016701411
2022-04-13,0.0024636929460581936,-0.0024636929460581936
2022-04-14,-0.007114215496054843,0.007114215496054843
2022-04-18,-0.0024752475247524774,0.0024752475247524774
2022-04-19,-0.00444038135039837,0.00444038135039837
2022-04-20,0.0032795487340941953,-0.0032795487340941953
2022-04-21,-0.006276150627615107,0.006276150627615107
2022-04-22,0.0015789473684211242,-0.0015789473684211242
2022-04-25,0.005648975302154469,-0.005648975302154469
2022-04-26,0.0036577400391901715,-0.0036577400391901715
2022-04-27,-0.002082519849017306,0.002082519849017306
2022-04-28,-0.0036520151297769754,0.0036520151297769754
2022-04-29,-0.0017017934284592195,0.0017017934284592195
2022-05-02,-0.006818777865198022,0.006818777865198022
2022-05-03,0.0014523369421706178,-0.0014523369421706178
2022-05-04,0.00540540540540535,-0.00540540540540535
2022-05-05,-0.009179124049304987,0.009179124049304987
2022-05-06,-0.002249867654843807,0.002249867654843807
2022-05-09,0.003316089667064537,-0.003316089667064537
2022-05-10,0.005023796932839719,-0.005023796932839719
2022-05-11,0.00407787424362005,-0.00407787424362005
2022-05-12,0.0061574741255077114,-0.0061574741255077114
2022-05-13,-0.0069010416666667185,0.0069010416666667185
2022-05-16,0.004195620820768298,-0.004195620820768298
2022-05-17,-0.006789398093745902,0.006789398093745902
2022-05-18,0.004863941106875158,-0.004863941106875158
2022-05-19,0.002223966509680819,-0.002223966509680819
2022-05-20,0.00352434408040736,-0.00352434408040736
2022-05-23,-0.004552549427679464,0.004552549427679464
2022-05-24,0.006664053312426477,-0.006664053312426477
2022-05-25,0.0018172377985461452,-0.0018172377985461452
2022-05-26,0.0,-0.0
2022-05-27,-0.0009069707178025466,0.0009069707178025466
2022-05-31,-0.005317079496822696,0.005317079496822696
2022-06-01,-0.0066492829204694015,0.0066492829204694015
2022-06-02,0.001968762304764393,-0.001968762304764393
2022-06-03,-0.0019648938957296247,0.0019648938957296247
2022-06-06,-0.004987531172069848,0.004987531172069848
2022-06-07,0.004221079013322804,-0.004221079013322804
2022-06-08,-0.002889793773807936,0.002889793773807936
2022-06-09,-0.001580819391384547,0.001580819391384547
2022-06-10,-0.009367990500065981,0.009367990500065981
2022-06-13,-0.012919552477357432,0.012919552477357432
2022-06-14,-0.007151531507219033,0.007151531507219033
2022-06-15,0.006251698831204022,-0.006251698831204022
2022-06-16,0.005672609400324102,-0.005672609400324102
2022-06-17,0.002954606500134238,-0.002954606500134238
2022-06-21,-0.0029459025174075615,0.0029459025174075615
2022-06-22,0.0052377115229653715,-0.0052377115229653715
2022-06-23,0.006012024048096087,-0.006012024048096087
2022-06-24,-0.0026560424966799445,0.0026560424966799445
2022-06-27,-0.004527296937416825,0.004527296937416825
2022-06-28,-0.000936329588014928,0.000936329588014928
2022-06-29,0.0069621100548935555,-0.0069621100548935555
2022-06-30,0.008642467756947214,-0.008642467756947214
2022-07-01,0.006195623517005089,-0.006195623517005089
2022-07-05,0.005502423686623903,-0.005502423686623903
2022-07-06,-0.0072964169381107835,0.0072964169381107835
2022-07-07,-0.006562541015881385,0.006562541015881385
2022-07-08,-0.005416831813978118,0.005416831813978118
2022-07-11,0.006376195536663021,-0.006376195536663021
2022-07-12,0.002375923970432847,-0.002375923970432847
2022-07-13,0.0022386094284960745,-0.0022386094284960745
2022-07-14,-0.0035474970437524567,0.0035474970437524567
2022-07-15,0.0011867088607595555,-0.0011867088607595555
2022-07-18,-0.0014487027525352802,0.0014487027525352802
2022-07-19,-0.004220522289633322,0.004220522289633322
2022-07-20,-0.0015894039735099286,0.0015894039735099286
2022-07-21,0.009551605200318392,-0.009551605200318392
2022-07-22,0.00827858081471744,-0.00827858081471744
2022-07-25,-0.001954906816108437,0.001954906816108437
2022-07-26,0.001697571167406542,-0.001697571167406542
2022-07-27,0.00469299960891667,-0.00469299960891667
2022-07-28,0.004671078240560567,-0.004671078240560567
2022-07-29,0.0012914890869171192,-0.0012914890869171192
2022-08-01,0.0018057526118921974,-0.0018057526118921974
2022-08-02,-0.010171237285953372,0.010171237285953372
2022-08-03,-0.0002601456815817249,0.0002601456815817249
2022-08-04,0.005334374186833246,-0.005334374186833246
2022-08-05,-0.011259220913679258,0.011259220913679258
2022-08-08,0.004057591623036538,-0.004057591623036538
2022-08-09,-0.003128666405944447,0.003128666405944447
2022-08-10,0.002223094023800165,-0.002223094023800165
2022-08-11,-0.005480167014613735,0.005480167014613735
2022-08-12,0.0014431907635790164,-0.0014431907635790164
2022-08-15,0.0036682824577491946,-0.0036682824577491946
2022-08-16,-0.00261062524474609,0.00261062524474609
2022-08-17,-0.00523491689569433,0.00523491689569433
2022-08-18,0.0006578081831338789,-0.0006578081831338789
2022-08-19,-0.006179332106231894,0.006179332106231894
2022-08-22,-0.0033073157825108668,0.0033073157825108668
2022-08-23,-0.0007963897000266007,0.0007963897000266007
2022-08-24,-0.0031880977683315104,0.0031880977683315104
2022-08-25,0.004530916844349697,-0.004530916844349697
2022-08-26,-0.00172459538339087,0.00172459538339087
2022-08-29,-0.0046511627906976605,0.0046511627906976605
2022-08-30,-0.0002670226969292422,0.0002670226969292422
2022-08-31,-0.0010683760683760646,0.0010683760683760646
2022-09-01,-0.007620320855614926,0.007620320855614926
2022-09-02,0.005792806143068763,-0.005792806143068763
2022-09-06,-0.008974015537101532,0.008974015537101532
2022-09-07,0.004865522367887509,-0.004865522367887509
2022-09-08,-0.0017484868863483216,0.0017484868863483216
2022-09-09,-0.0020210185933710045,0.0020210185933710045
2022-09-12,-0.0012150668286755595,0.0012150668286755595
2022-09-13,-0.005812381724790483,0.005812381724790483
2022-09-14,0.00027192386131891233,-0.00027192386131891233
2022-09-15,-0.0040777490825064655,0.0040777490825064655
2022-09-16,0.002320185614849146,-0.002320185614849146
2022-09-19,-0.003404139433551223,0.003404139433551223
2022-09-20,-0.004508812679327789,0.004508812679327789
2022-09-21,-0.0019214932747735336,0.0019214932747735336
2022-09-22,-0.007700770077007646,0.007700770077007646
2022-09-23,-0.0011086474501108556,0.0011086474501108556
2022-09-26,-0.011237513873473937,0.011237513873473937
2022-09-27,-0.004209344745334631,0.004209344745334631
2022-09-28,0.017753980555164084,-0.017753980555164084
2022-09-29,-0.003599612349439285,0.003599612349439285
2022-09-30,-0.0034736695845490884,0.0034736695845490884
2022-10-03,0.010178471834913605,-0.010178471834913605
2022-10-04,0.0026224982746720915,-0.0026224982746720915
2022-10-05,-0.008535242290748868,0.008535242290748868
2022-10-06,-0.005276312135517935,0.005276312135517935
2022-10-07,-0.004048017867113396,0.004048017867113396
2022-10-10,-0.0042046250875963365,0.0042046250875963365
2022-10-11,0.0011259676284307574,-0.0011259676284307574
2022-10-12,0.003092928440882936,-0.003092928440882936
2022-10-13,-0.0042046250875963365,0.0042046250875963365
2022-10-14,-0.003800140745953584,0.003800140745953584
2022-10-17,0.0009889799378355324,-0.0009889799378355324
2022-10-18,0.0018348623853210455,-0.0018348623853210455
2022-10-19,-0.008171315863623518,0.008171315863623518
2022-10-20,-0.005823863636363669,0.005823863636363669
2022-10-21,0.004000571510215822,-0.004000571510215822
2022-10-24,-0.0005692329585883504,0.0005692329585883504
2022-10-25,0.007546632493236505,-0.007546632493236505
2022-10-26,0.004804974561899433,-0.004804974561899433
2022-10-27,0.00534458509142044,-0.00534458509142044
2022-10-28,-0.00615556799104644,0.00615556799104644
2022-10-31,-0.003659909909909942,0.003659909909909942
2022-11-01,-0.00014128284826220305,0.00014128284826220305
2022-11-02,0.0004239084357777756,-0.0004239084357777756
2022-11-03,-0.005367231638418124,0.005367231638418124
2022-11-04,0.00014200511218409595,-0.00014200511218409595
2022-11-07,-0.0036916086894789313,0.0036916086894789313
2022-11-08,0.005842952828844172,-0.005842952828844172
2022-11-09,0.00042504958911870894,-0.00042504958911870894
2022-11-10,0.01982721994051828,-0.01982721994051828
2022-11-11,-0.0018053048187751664,0.0018053048187751664
2022-11-14,-0.0016694490818029983,0.0016694490818029983
2022-11-15,0.0039018952062430667,-0.0039018952062430667
2022-11-16,0.005691282620766236,-0.005691282620766236
2022-11-17,-0.005106970324361582,-0.005106970324361582
2022-11-18,-0.002913429522752531,-0.002913429522752531
2022-11-21,0.00013914011409488225,0.00013914011409488225
2022-11-22,0.002643294379521377,0.002643294379521377
2022-11-23,0.0030525877618980957,0.0030525877618980957
2022-11-25,0.000691658597316458,0.000691658597316458
2022-11-28,-0.0009676527508984956,-0.0009676527508984956
2022-11-29,-0.001798810017988095,-0.001798810017988095
2022-11-30,0.004435819240365957,0.004435819240365957
2022-12-01,0.00952249516974879,0.00952249516974879
2022-12-02,0.0005468215994530734,0.0005468215994530734
2022-12-05,-0.0066949036753655156,-0.0066949036753655156
2022-12-06,0.0044016506189821225,0.0044016506189821225
2022-12-07,0.006710490276636616,0.006710490276636616
2022-12-08,-0.005849544279689867,-0.005849544279689867
2022-12-09,-0.003147235905856638,-0.003147235905856638
2022-12-12,-0.0020590253946465298,-0.0020590253946465298
2022-12-13,0.008253094910591452,0.008253094910591452
2022-12-14,-0.0006821282401091588,-0.0006821282401091588
2022-12-15,0.0021843003412969075,0.0021843003412969075
2022-12-16,-0.00027244244653312766,-0.00027244244653312766
2022-12-19,-0.005450333832947241,-0.005450333832947241
2022-12-20,-0.005206192629127249,-0.005206192629127249
2022-12-21,0.0009640545379423493,0.0009640545379423493
2022-12-22,-0.00013758943313157967,-0.00013758943313157967
2022-12-23,-0.004128250997660676,-0.004128250997660676
2022-12-27,-0.006632582561834965,-0.006632582561834965
2022-12-28,-0.0012519126443176765,-0.0012519126443176765
2022-12-29,0.0022284122562674646,0.0022284122562674646
2022-12-30,-0.001250694830461363,-0.001250694830461363
2023-01-03,0.0030610825100876315,0.0030610825100876315
2023-01-04,0.004855042308225865,0.004855042308225865
2023-01-05,-0.0015184980673661475,-0.0015184980673661475
2023-01-06,0.010645651873358197,0.010645651873358197
2023-01-09,0.003556771545827564,0.003556771545827564
2023-01-10,-0.005452562704471142,-0.005452562704471142
2023-01-11,0.003837719298245723,0.003837719298245723
2023-01-12,0.006963407973784808,0.006963407973784808
2023-01-13,-0.004067796610169538,-0.004067796610169538
2023-01-17,-0.0008168822328114,-0.0008168822328114
2023-01-18,0.010764409320070945,0.010764409320070945
2023-01-19,-0.0022917228363440456,-0.0022917228363440456
2023-01-20,-0.004999324415619566,-0.004999324415619566
2023-01-23,-0.0032590983161325804,-0.0032590983161325804
2023-01-24,0.0029972752043596618,0.0029972752043596618
2023-01-25,0.000950828579190377,0.000950828579190377
2023-01-26,-0.0024426652191613663,-0.0024426652191613663
2023-01-27,-0.0021765746156985344,-0.0021765746156985344
2023-01-30,-0.002862985685071595,-0.002862985685071595
2023-01-31,0.002050861361772016,0.002050861361772016
2023-02-01,0.008459544276163244,-0.008459544276163244
2023-02-02,0.0005411987552428332,-0.0005411987552428332
2023-02-03,-0.00973630831643002,0.00973630831643002
2023-02-06,-0.008056807319404613,0.008056807319404613
2023-02-07,-0.002340308370044064,0.002340308370044064
2023-02-08,0.0015178694632260736,-0.0015178694632260736
2023-02-09,-0.0033066960595204975,0.0033066960595204975
2023-02-10,-0.003041194359966859,0.003041194359966859
2023-02-13,0.0008319467554076532,-0.0008319467554076532
2023-02-14,-0.004017733444167337,0.004017733444167337
2023-02-15,-0.002503825288635464,0.002503825288635464
2023-02-16,-0.0013945056477479012,0.0013945056477479012
2023-02-17,0.0009775171065493637,-0.0009775171065493637
2023-02-21,-0.008370535714285698,0.008370535714285698
2023-02-22,0.0012661789532921741,-0.0012661789532921741
2023-02-23,0.002107629619221507,-0.002107629619221507
2023-02-24,-0.004627033090297217,0.004627033090297217
2023-02-27,0.001972108747710921,-0.001972108747710921
2023-02-28,0.00028117531280758,-0.00028117531280758
2023-03-01,-0.005481377371749807,0.005481377371749807
2023-03-02,-0.00423968343697001,0.00423968343697001
2023-03-03,0.005109281862049286,-0.005109281862049286
2023-03-06,-0.0008472182999152977,0.0008472182999152977
2023-03-07,-0.0004239683436969566,0.0004239683436969566
2023-03-08,-0.0005655308921249658,0.0005655308921249658
2023-03-09,0.005092658084594692,-0.005092658084594692
2023-03-10,0.014496833216045113,-0.014496833216045113
2023-03-13,0.013457269700333008,-0.013457269700333008
2023-03-14,-0.00698151950718684,0.00698151950718684
2023-03-15,0.010476978218913802,-0.010476978218913802
2023-03-16,-0.007639836289222379,0.007639836289222379
2023-03-17,0.01292273852075887,-0.01292273852075887
2023-03-20,-0.0046145494028230205,0.0046145494028230205
2023-03-21,-0.008317425688573743,0.008317425688573743
2023-03-22,0.0006874742197167105,-0.0006874742197167105
2023-03-23,0.01992305578455622,-0.01992305578455622
2023-03-24,0.001077731375454638,-0.001077731375454638
2023-03-27,-0.00968914008881716,0.00968914008881716
2023-03-28,-0.002989536621823663,0.002989536621823663
2023-03-29,-0.0009540684203352967,0.0009540684203352967
2023-03-30,0.0004092769440655619,0.0004092769440655619
2023-03-31,0.0030001363698350936,0.0030001363698350936
2023-04-03,0.004622705642420177,0.004622705642420177
2023-04-04,0.006902151847340665,0.006902151847340665
2023-04-05,0.0028225806451613877,0.0028225806451613877
2023-04-06,-0.00026806058169148717,-0.00026806058169148717
2023-04-10,-0.008848371095321106,-0.008848371095321106
2023-04-11,-0.0012173677803327676,-0.0012173677803327676
2023-04-12,0.0028439869989165256,0.0028439869989165256
2023-04-13,-0.002160702228224176,-0.002160702228224176
2023-04-14,-0.005142779807822406,-0.005142779807822406
2023-04-17,-0.004353149231397069,-0.004353149231397069
2023-04-18,0.0010930454980189186,0.0010930454980189186
2023-04-19,-0.0025931486283609084,-0.0025931486283609084
2023-04-20,0.004105090311986803,0.004105090311986803
2023-04-21,-0.0016353229762877675,-0.0016353229762877675
2023-04-24,0.00354900354900356,0.00354900354900356
2023-04-25,0.008025027203482082,0.008025027203482082
2023-04-26,-0.0021589529078397396,-0.0021589529078397396
2023-04-27,-0.007031778228532848,-0.007031778228532848
2023-04-28,0.004085523627944898,0.004085523627944898
2023-05-01,-0.0061033500610334634,-0.0061033500610334634
2023-05-02,0.009279475982532759,0.009279475982532759
2023-05-03,0.0029745808545158514,0.0029745808545158514
2023-05-04,0.005661903478026531,0.005661903478026531
2023-05-05,-0.007238605898123307,-0.007238605898123307
2023-05-08,-0.00472589792060496,-0.00472589792060496
2023-05-09,0.0001356668023335672,0.0001356668023335672
2023-05-10,0.00623982637004894,0.00623982637004894
2023-05-11,0.001213265031005717,0.001213265031005717
2023-05-12,-0.0052511108119025485,-0.0052511108119025485
2023-05-15,-0.0017596101786681029,-0.0017596101786681029
2023-05-16,-0.0027118644067796183,-0.0027118644067796183
2023-05-17,-0.0029911624745071475,-0.0029911624745071475
2023-05-18,-0.005727533069684987,-0.005727533069684987
2023-05-19,-0.003154574132492094,-0.003154574132492094
2023-05-22,-0.000825536598789256,-0.000825536598789256
2023-05-23,0.0012393280088129899,0.0012393280088129899
2023-05-24,-0.0016503919680924684,-0.0016503919680924684
2023-05-25,-0.007025761124121788,-0.007025761124121788
2023-05-26,-0.0019422863485016872,-0.0019422863485016872
2023-05-30,0.0068112315818738,0.0068112315818738
2023-05-31,0.004003865801463391,0.004003865801463391
2023-06-01,0.0026127612761275287,0.0026127612761275287
2023-06-02,-0.007680702235632997,-0.007680702235632997
2023-06-05,0.0005528680027644395,0.0005528680027644395
2023-06-06,-0.0006907031357922255,-0.0006907031357922255
2023-06-07,-0.004423555432679027,-0.004423555432679027
2023-06-08,0.004443210219383431,0.004443210219383431
2023-06-09,-0.0033176665745092704,-0.0033176665745092704
2023-06-12,0.0004160887656032841,-0.0004160887656032841
2023-06-13,-0.006100097046998432,0.006100097046998432
2023-06-14,0.0016738736225414552,-0.0016738736225414552
2023-06-15,0.005570254839158961,-0.005570254839158961
2023-06-16,-0.0037390943082675765,0.0037390943082675765
2023-06-20,0.0023630803447316495,-0.0023630803447316495
2023-06-21,-0.0018028012758285472,0.0018028012758285472
2023-06-22,0.0023617671575437704,-0.0023617671575437704
2023-06-23,0.0030492030492030864,-0.0030492030492030864
2023-06-26,0.0013817880337156918,-0.0013817880337156918
2023-06-27,-0.0035876914585345476,-0.0035876914585345476
2023-06-28,0.0037390943082675765,0.0037390943082675765
2023-06-29,-0.009933774834437137,-0.009933774834437137
2023-06-30,0.0012541806020067714,0.0012541806020067714
2023-07-03,-0.0029227557411273253,-0.0029227557411273253
2023-07-05,-0.005164712451144582,-0.005164712451144582
2023-07-06,-0.006734951592535454,-0.006734951592535454
2023-07-07,0.0005650515609549878,0.0005650515609549878
2023-07-10,0.004235493434985083,0.004235493434985083
2023-07-11,0.001124701251230098,0.001124701251230098
2023-07-12,0.00898750175537133,-0.00898750175537133
2023-07-13,0.00695894224077942,-0.00695894224077942
2023-07-14,-0.004284727021423684,0.004284727021423684
2023-07-17,0.0013881177123820088,-0.0013881177123820088
2023-07-18,0.0002772387025229417,-0.0002772387025229417
2023-07-19,0.0022172949002217113,-0.0022172949002217113
2023-07-20,-0.007605088495575174,0.007605088495575174
2023-07-21,0.000836003901351523,-0.000836003901351523
2023-07-24,-0.0015313935681470214,0.0015313935681470214
2023-07-25,-0.004043502509760155,0.004043502509760155
2023-07-26,0.004759904801904025,-0.004759904801904025
2023-07-27,-0.010032046816218498,0.010032046816218498
2023-07-28,0.002955665024630516,-0.002955665024630516
2023-07-31,0.0005613247263542842,-0.0005613247263542842
2023-08-01,-0.004768583450210362,0.004768583450210362
2023-08-02,-0.0007046223224351778,0.0007046223224351778
2023-08-03,-0.00507685798900015,0.00507685798900015
2023-08-04,0.008221119773210495,-0.008221119773210495
2023-08-07,-0.00014058765640379,0.00014058765640379
2023-08-08,0.0025309336332959287,-0.0025309336332959287
2023-08-09,-0.00014025245441795509,0.00014025245441795509
2023-08-10,-0.004769252349558162,0.004769252349558162
2023-08-11,-0.0060606060606061,0.0060606060606061
2023-08-14,-0.001701644923425949,0.001701644923425949
2023-08-15,-0.0021306818181817677,0.0021306818181817677
2023-08-16,-0.00185053380782918,0.00185053380782918
2023-08-17,-0.0025670279520821904,0.0025670279520821904
2023-08-18,0.0032885330283098924,-0.0032885330283098924
2023-08-21,-0.005130397605814463,0.005130397605814463
2023-08-22,-0.00014324595330184042,0.00014324595330184042
2023-08-23,0.007736389684813716,-0.007736389684813716
2023-08-24,-0.0028433323855558967,0.0028433323855558967
2023-08-25,-0.0014257199885941985,0.0014257199885941985
2023-08-28,0.001856082238720802,-0.001856082238720802
2023-08-29,0.006270485962662109,-0.006270485962662109
2023-08-30,0.00028324599915019455,-0.00028324599915019455
2023-08-31,0.0018405776582188782,-0.0018405776582188782
2023-09-01,-0.0036743923120406974,0.0036743923120406974
2023-09-05,-0.00553191489361704,0.00553191489361704
2023-09-06,-0.002424761089716121,0.002424761089716121
2023-09-07,0.0030025736345438148,-0.0030025736345438148
2023-09-08,-0.0007127583749109156,0.0007127583749109156
2023-09-11,-0.001141226818830221,0.001141226818830221
2023-09-12,0.0009997143673237119,-0.0009997143673237119
2023-09-13,0.0011413896418890346,-0.0011413896418890346
2023-09-14,-0.002565198802907176,0.002565198802907176
2023-09-15,-0.0017145306472353683,0.0017145306472353683
2023-09-18,0.00028624588521530825,-0.00028624588521530825
2023-09-19,-0.003433967663471149,0.003433967663471149
2023-09-20,0.003302225412778137,-0.003302225412778137
2023-09-21,-0.007012020606754432,0.007012020606754432
2023-09-22,0.0024499207378585464,-0.0024499207378585464
2023-09-25,-0.004744105807935606,0.004744105807935606
2023-09-26,-0.000577784197602238,0.000577784197602238
2023-09-27,-0.004914004914004955,0.004914004914004955
2023-09-28,0.002614379084967311,-0.002614379084967311
2023-09-29,0.0018832391713747842,-0.0018832391713747842
2023-10-02,-0.006795835743204193,0.006795835743204193
2023-10-03,-0.006405590333381839,0.006405590333381839
2023-10-04,0.00439560439560438,-0.00439560439560438
2023-10-05,0.00189642596644779,-0.00189642596644779
2023-10-06,-0.004368083867210215,0.004368083867210215
2023-10-09,0.009359461830944715,-0.009359461830944715
2023-10-10,-0.0011590843233845183,0.0011590843233845183
2023-10-11,0.0020307513780097874,-0.0020307513780097874
2023-10-12,-0.0065141864504921765,0.0065141864504921765
2023-10-13,0.004516975083782571,-0.004516975083782571
2023-10-16,-0.004786771105309007,0.004786771105309007
2023-10-17,-0.009182334936598147,0.009182334936598147
2023-10-18,-0.003236245954692518,0.003236245954692518
2023-10-19,-0.004279811097992914,0.004279811097992914
2023-10-20,0.005483918778716568,-0.005483918778716568
2023-10-23,0.004569575471698117,-0.004569575471698117
2023-10-24,-0.0011738811445340946,0.0011738811445340946
2023-10-25,-0.006463934185397369,0.006463934185397369
2023-10-26,0.006358125092414513,-0.006358125092414513
2023-10-27,0.0007346459006758455,-0.0007346459006758455
