date,BRL=X Long Only,BRL=X Using TFT
2017-06-27,-0.01397575943433682,-0.01397575943433682
2017-06-28,0.0052203450614654034,0.0052203450614654034
2017-06-29,-0.009812810463350474,-0.009812810463350474
2017-06-30,0.007074259808276473,0.007074259808276473
2017-07-03,-0.03784782098978612,-0.03784782098978612
2017-07-04,0.03864426210812533,0.03864426210812533
2017-07-05,0.0026360044209112754,0.0026360044209112754
2017-07-06,-0.00670860245662197,-0.00670860245662197
2017-07-07,0.003133605001408135,0.003133605001408135
2017-07-10,-0.036272117782086166,-0.036272117782086166
2017-07-12,0.023727814024957494,0.023727814024957494
2017-07-13,-0.014232558344064117,-0.014232558344064117
2017-07-14,0.0009978964028591886,0.0009978964028591886
2017-07-17,-0.010062303750316803,-0.010062303750316803
2017-07-18,0.001101420742723791,0.001101420742723791
2017-07-19,-0.008958908544756339,-0.008958908544756339
2017-07-20,-0.0015859029104656752,-0.0015859029104656752
2017-07-21,-0.009308375568674587,-0.009308375568674587
2017-07-24,0.019016144172896876,0.019016144172896876
2017-07-25,-0.010479328103335517,-0.010479328103335517
2017-07-26,0.008523138484546777,-0.008523138484546777
2017-07-27,-0.010626888536082735,0.010626888536082735
2017-07-28,0.00481274966034384,-0.00481274966034384
2017-07-31,0.007961679995625692,-0.007961679995625692
2017-08-01,-0.01633261405857034,0.01633261405857034
2017-08-02,-0.0009596847730702907,0.0009596847730702907
2017-08-03,-0.0033944183577108156,0.0033944183577108156
2017-08-04,-0.00022492029540244207,0.00022492029540244207
2017-08-07,0.005720743228441183,-0.005720743228441183
2017-08-08,-0.0016297611715324622,0.0016297611715324622
2017-08-09,0.0005441151051466253,0.0005441151051466253
2017-08-10,0.008445519879337837,0.008445519879337837
2017-08-11,0.006756995921251896,0.006756995921251896
2017-08-14,0.001291934824340979,0.001291934824340979
2017-08-15,0.002989592024153165,0.002989592024153165
2017-08-16,-0.006149646254519858,-0.006149646254519858
2017-08-17,-0.0051142276870393966,-0.0051142276870393966
2017-08-18,0.006949272692471586,0.006949272692471586
2017-08-21,0.0013865738627634183,0.0013865738627634183
2017-08-22,-0.0046259671194396335,-0.0046259671194396335
2017-08-23,-0.0007904069351989396,-0.0007904069351989396
2017-08-24,-0.006707780826605281,-0.006707780826605281
2017-08-25,0.0022935056932087416,0.0022935056932087416
2017-08-28,0.0038772853213722147,0.0038772853213722147
2017-08-29,0.002247793494049244,0.002247793494049244
2017-08-30,-0.0005054100184902488,-0.0005054100184902488
2017-08-31,-0.0017066496117240648,-0.0017066496117240648
2017-09-01,-0.00405216497255978,-0.00405216497255978
2017-09-04,0.01007633032417643,0.01007633032417643
2017-09-05,-0.012052754152086065,-0.012052754152086065
2017-09-06,-0.007517392314072779,-0.007517392314072779
2017-09-07,-0.0057449100179881585,-0.0057449100179881585
2017-09-08,-9.681738624767178e-05,-9.681738624767178e-05
2017-09-11,0.025858748690375633,0.025858748690375633
2017-09-12,-0.024546076601261735,-0.024546076601261735
2017-09-13,0.007162018182483854,0.007162018182483854
2017-09-14,0.003107024958687754,0.003107024958687754
2017-09-15,-0.004310887604471847,-0.004310887604471847
2017-09-18,-0.0026939365553166894,-0.0026939365553166894
2017-09-19,0.008103717028263402,0.008103717028263402
2017-09-20,-0.0006698748867189908,0.0006698748867189908
2017-09-21,-0.0007022875945326135,0.0007022875945326135
2017-09-22,0.0012457839223656286,-0.0012457839223656286
2017-09-25,-0.003509305436369514,0.003509305436369514
2017-09-26,0.010821157524260272,-0.010821157524260272
2017-09-27,0.002090363005181173,-0.002090363005181173
2017-09-28,0.00884987428372308,-0.00884987428372308
2017-09-29,-0.0034461975415077672,0.0034461975415077672
2017-10-02,-0.005501638401572473,0.005501638401572473
2017-10-03,-0.003319199102278736,0.003319199102278736
2017-10-04,-0.003837730782024873,-0.003837730782024873
2017-10-05,-0.0024197876489642223,-0.0024197876489642223
2017-10-06,0.0061279481110090295,0.0061279481110090295
2017-10-09,0.000983351842714475,0.000983351842714475
2017-10-10,0.009919210440459736,0.009919210440459736
2017-10-11,-0.002824169365472029,-0.002824169365472029
2017-10-12,-0.0025489435959011875,-0.0025489435959011875
2017-10-13,-0.00022084013272971603,-0.00022084013272971603
2017-10-16,-0.007194688975845076,-0.007194688975845076
2017-10-17,0.007660055202594052,0.007660055202594052
2017-10-18,-0.004479062587753435,-0.004479062587753435
2017-10-19,0.0044358349896578275,0.0044358349896578275
2017-10-20,-0.0016402981777798864,-0.0016402981777798864
2017-10-23,0.00821511654667395,0.00821511654667395
2017-10-24,0.013632500361449695,0.013632500361449695
2017-10-25,0.00253522449448651,0.00253522449448651
2017-10-26,-0.003515692495468903,-0.003515692495468903
2017-10-27,0.017114384029378815,0.017114384029378815
2017-10-30,-0.01573098346122992,-0.01573098346122992
2017-10-31,0.01622975389775827,0.01622975389775827
2017-11-01,-0.005384417218066595,-0.005384417218066595
2017-11-02,-0.0010398363796310095,-0.0010398363796310095
2017-11-03,-0.000489874181681671,-0.000489874181681671
2017-11-06,0.008576817251496616,0.008576817251496616
2017-11-07,-0.0135758696583278,-0.0135758696583278
2017-11-08,0.006835218914339913,0.006835218914339913
2017-11-09,-0.005749065639218509,-0.005749065639218509
2017-11-10,-0.0007997394723641138,-0.0007997394723641138
2017-11-13,0.008526544956034554,0.008526544956034554
2017-11-14,-0.00015266822284432102,-0.00015266822284432102
2017-11-15,0.010989350893587435,0.010989350893587435
2017-11-17,-0.012470129287677767,-0.012470129287677767
2017-11-20,-0.004922695478481343,-0.004922695478481343
2017-11-21,-0.00015362229954052342,-0.00015362229954052342
2017-11-22,0.0010141215751600097,0.0010141215751600097
2017-11-23,-0.010560890099959752,-0.010560890099959752
2017-11-24,-0.000806712797372211,-0.000806712797372211
2017-11-27,0.003912661934622141,0.003912661934622141
2017-11-28,-0.0020105805668461096,-0.0020105805668461096
2017-11-29,-0.005175982977870586,-0.005175982977870586
2017-11-30,0.010935595862211711,0.010935595862211711
2017-12-01,0.008136048479618685,0.008136048479618685
2017-12-04,-0.0042186066346282525,-0.0042186066346282525
2017-12-05,-0.004543522918090015,-0.004543522918090015
2017-12-06,-0.0007093147653202125,-0.0007093147653202125
2017-12-07,-0.001851693384121611,-0.001851693384121611
2017-12-08,0.016355958809748383,0.016355958809748383
2017-12-11,0.0001825564517929923,0.0001825564517929923
2017-12-12,0.004714346948988535,0.004714346948988535
2017-12-13,-6.048338785502594e-05,-6.048338785502594e-05
2017-12-14,0.0016650539193656666,0.0016650539193656666
2017-12-15,0.009611325682551186,0.009611325682551186
2017-12-18,-0.014489260422051675,-0.014489260422051675
2017-12-19,-0.0004556894515496124,-0.0004556894515496124
2017-12-20,-0.0006077663232680885,-0.0006077663232680885
2017-12-21,0.0024326887126331354,0.0024326887126331354
2017-12-22,0.0031245020892092246,0.0031245020892092246
2017-12-25,0.0094351553066232,0.0094351553066232
2017-12-26,-0.0007489685968167237,-0.0007489685968167237
2017-12-27,-0.007734969175705042,-0.007734969175705042
2017-12-28,0.0010876762584455246,-0.0010876762584455246
2017-12-29,-0.0006639568706511279,0.0006639568706511279
2018-01-01,-0.0010570459166920898,0.0010570459166920898
2018-01-02,0.0010279620675437418,-0.0010279620675437418
2018-01-03,-0.016067654707981882,0.016067654707981882
2018-01-04,-0.006845111504482859,0.006845111504482859
2018-01-05,-0.0007418203565615622,0.0007418203565615622
2018-01-08,-0.00201045617142126,0.00201045617142126
2018-01-09,0.003843101271149507,-0.003843101271149507
2018-01-10,0.002408108557519162,-0.002408108557519162
2018-01-11,-0.006283124196930778,-0.006283124196930778
2018-01-12,-0.003781266760573887,-0.003781266760573887
2018-01-15,-0.004200104262694571,-0.004200104262694571
2018-01-16,0.003905410538135312,0.003905410538135312
2018-01-17,0.0029565624392953183,0.0029565624392953183
2018-01-18,-0.00015521213903935127,-0.00015521213903935127
2018-01-19,-0.005306889011124527,-0.005306889011124527
2018-01-22,-0.0032448462281647883,-0.0032448462281647883
2018-01-23,0.0018781237539220452,0.0018781237539220452
2018-01-24,0.010872637909693283,0.010872637909693283
2018-01-25,-0.027940033326281366,0.027940033326281366
2018-01-26,0.0005722621814370221,-0.0005722621814370221
2018-01-29,0.0013028963058339116,-0.0013028963058339116
2018-01-30,0.0008251204653180189,-0.0008251204653180189
2018-01-31,0.008212875979320522,-0.008212875979320522
2018-02-01,0.001635448668582784,-0.001635448668582784
2018-02-02,-0.0065939989219619966,0.0065939989219619966
2018-02-05,0.01634158582978129,-0.01634158582978129
2018-02-06,0.014212873520774494,-0.014212873520774494
2018-02-07,-0.008494050136550912,0.008494050136550912
2018-02-08,0.011288419592500043,0.011288419592500043
2018-02-09,0.004495530608740639,0.004495530608740639
2018-02-12,0.0018876195313928257,0.0018876195313928257
2018-02-13,0.0009723519077833309,0.0009723519077833309
2018-02-14,6.072653105948511e-05,6.072653105948511e-05
2018-02-15,-0.02367792835370308,-0.02367792835370308
2018-02-16,0.0031713776734152432,0.0031713776734152432
2018-02-19,0.0005579160453845766,0.0005579160453845766
2018-02-20,0.001517867139653628,0.001517867139653628
2018-02-21,0.006557230046685181,0.006557230046685181
2018-02-22,0.004086882443666173,0.004086882443666173
2018-02-23,-0.005784109339242893,-0.005784109339242893
2018-02-26,-0.0035398411937148655,-0.0035398411937148655
2018-02-27,-0.004540941497080397,-0.004540941497080397
2018-02-28,0.008068276864446222,0.008068276864446222
2018-03-01,-0.0011389927059403115,-0.0011389927059403115
2018-03-02,0.0016025360776352748,0.0016025360776352748
2018-03-05,-0.00012309734637916403,-0.00012309734637916403
2018-03-06,-0.002646478564264698,-0.002646478564264698
2018-03-07,-0.010182040423168393,-0.010182040423168393
2018-03-08,0.010879036979183132,0.010879036979183132
2018-03-09,0.0071541015290137455,0.0071541015290137455
2018-03-12,-0.003061752756548408,-0.003061752756548408
2018-03-13,0.0012898810748100953,0.0012898810748100953
2018-03-14,-0.0004907607039545958,-0.0004907607039545958
2018-03-15,-6.131119028729426e-05,-6.131119028729426e-05
2018-03-16,0.007242554038372262,0.007242554038372262
2018-03-19,-0.0006093217953491159,-0.0006093217953491159
2018-03-20,0.0012194592758969502,0.0012194592758969502
2018-03-21,0.007490645404984786,0.007490645404984786
2018-03-22,-0.010880409958599735,-0.010880409958599735
2018-03-23,0.01265009162071662,0.01265009162071662
2018-03-26,0.00012071644563005357,0.00012071644563005357
2018-03-27,-0.0012671538907904623,-0.0012671538907904623
2018-03-28,0.0038062848209916567,0.0038062848209916567
2018-03-29,-0.001083427272217885,-0.001083427272217885
2018-03-30,-0.0047600396289281255,-0.0047600396289281255
2018-04-02,-0.0004540309700941103,-0.0004540309700941103
2018-04-03,0.002241076849050838,0.002241076849050838
2018-04-04,0.009065078458254439,0.009065078458254439
2018-04-05,-0.003503669271441079,-0.003503669271441079
2018-04-06,0.004177071851209968,0.004177071851209968
2018-04-09,0.0077508157645655995,0.0077508157645655995
2018-04-10,0.015887137638281867,0.015887137638281867
2018-04-11,-0.004004679443746717,-0.004004679443746717
2018-04-12,-0.01003725915686049,-0.01003725915686049
2018-04-13,0.011235946320161228,0.011235946320161228
2018-04-16,0.003899132795233795,0.003899132795233795
2018-04-17,-0.0023946296463268624,-0.0023946296463268624
2018-04-18,-0.0030151110798439795,-0.0030151110798439795
2018-04-19,-0.00842683434697511,-0.00842683434697511
2018-04-20,0.0016582202484731745,0.0016582202484731745
2018-04-23,0.009164317745215866,0.009164317745215866
2018-04-24,0.010311357040768465,0.010311357040768465
2018-04-25,0.006552795277944723,0.006552795277944723
2018-04-26,0.0027078005286347295,0.0027078005286347295
2018-04-27,-0.0019248007168242154,-0.0019248007168242154
2018-04-30,-0.0046341401651718295,-0.0046341401651718295
2018-05-01,0.013793680684027754,0.013793680684027754
2018-05-02,8.555267606791261e-05,8.555267606791261e-05
2018-05-03,0.012406932873210819,0.012406932873210819
2018-05-04,-0.006479604081138346,-0.006479604081138346
2018-05-07,-0.0003118655196397979,-0.0003118655196397979
2018-05-08,0.006722450278856096,0.006722450278856096
2018-05-09,0.0035782267118014133,0.0035782267118014133
2018-05-10,0.007973324214001432,0.007973324214001432
2018-05-11,-0.011363978959824883,-0.011363978959824883
2018-05-14,0.015044383672354167,0.015044383672354167
2018-05-15,0.005190231277071078,0.005190231277071078
2018-05-16,0.00748290448029576,0.00748290448029576
2018-05-17,0.007043629874677215,0.007043629874677215
2018-05-18,0.005633566666976009,0.005633566666976009
2018-05-21,0.011718197774695405,0.011718197774695405
2018-05-22,-0.016771889974901755,-0.016771889974901755
2018-05-23,-0.00808010480376764,-0.00808010480376764
2018-05-24,-0.005595120514513274,-0.005595120514513274
2018-05-25,0.006205813964728746,0.006205813964728746
2018-05-28,-0.006003108244821975,-0.006003108244821975
2018-05-29,0.029783255535973385,0.029783255535973385
2018-05-30,-0.0027046992249576407,-0.0027046992249576407
2018-05-31,-0.0005370675866491759,-0.0005370675866491759
2018-06-01,-2.690303933239324e-05,-2.690303933239324e-05
2018-06-04,0.010639477467425884,0.010639477467425884
2018-06-05,-0.0045459633318616355,-0.0045459633318616355
2018-06-06,0.015970129325447724,0.015970129325447724
2018-06-07,0.01027782535537014,0.01027782535537014
2018-06-08,0.014908698227362738,0.014908698227362738
2018-06-11,-0.05019613437597681,-0.05019613437597681
2018-06-12,0.0010526737804625874,0.0010526737804625874
2018-06-13,0.0016716556841853691,0.0016716556841853691
2018-06-14,0.0010229216204840075,0.0010229216204840075
2018-06-15,0.022910570980045897,0.022910570980045897
2018-06-18,-0.019794947481474923,-0.019794947481474923
2018-06-19,0.004693368328929859,0.004693368328929859
2018-06-20,-0.0003203777427969179,-0.0003203777427969179
2018-06-21,0.006435264610889391,0.006435264610889391
2018-06-22,-0.0010612476596032483,-0.0010612476596032483
2018-06-25,0.005630645035256565,0.005630645035256565
2018-06-26,-0.002958020055925048,-0.002958020055925048
2018-06-27,0.0054832926053609565,0.0054832926053609565
2018-06-28,0.016939791551133343,0.016939791551133343
2018-06-29,-0.0001554621794240818,-0.0001554621794240818
2018-07-02,0.004171568471197817,0.004171568471197817
2018-07-03,0.009546893364039022,0.009546893364039022
2018-07-04,-0.004166018205024824,-0.004166018205024824
2018-07-05,0.0037727935787610356,0.0037727935787610356
2018-07-06,0.0051904657196939485,0.0051904657196939485
2018-07-09,-0.016635689575401735,-0.016635689575401735
2018-07-10,0.0013968137672095704,0.0013968137672095704
2018-07-11,-0.014517094445302248,-0.014517094445302248
2018-07-12,0.015989124648029263,0.015989124648029263
2018-07-13,0.0011867722685261484,0.0011867722685261484
2018-07-16,-0.008065572449092673,-0.008065572449092673
2018-07-17,0.0017145277269519088,0.0017145277269519088
2018-07-18,-0.005212624115545017,-0.005212624115545017
2018-07-19,0.003467228493925445,0.003467228493925445
2018-07-20,-0.005377735066862455,-0.005377735066862455
2018-07-23,-0.015071155350206866,-0.015071155350206866
2018-07-24,0.0025458586501847513,0.0025458586501847513
2018-07-25,-0.00907313737694282,-0.00907313737694282
2018-07-26,-0.015936577513056327,-0.015936577513056327
2018-07-27,0.015706367439616953,0.015706367439616953
2018-07-30,-0.00886675430055095,-0.00886675430055095
2018-07-31,0.004580841120114476,0.004580841120114476
2018-08-01,0.006678994435237229,0.006678994435237229
2018-08-02,-0.0015987321950778899,-0.0015987321950778899
2018-08-03,0.00037363061230943906,0.00037363061230943906
2018-08-06,-0.012298554458552768,-0.012298554458552768
2018-08-07,0.008697258189613422,0.008697258189613422
2018-08-08,0.004284384179706002,0.004284384179706002
2018-08-09,0.005226010707572115,0.005226010707572115
2018-08-10,0.00782466467665155,0.00782466467665155
2018-08-13,0.017317662897980535,0.017317662897980535
2018-08-14,0.004294482652233089,0.004294482652233089
2018-08-15,-0.004533760857196478,-0.004533760857196478
2018-08-16,0.009367572555283976,0.009367572555283976
2018-08-17,0.0008460112777868289,0.0008460112777868289
2018-08-20,0.001511346273206371,0.001511346273206371
2018-08-21,0.014374143615817792,0.014374143615817792
2018-08-22,0.020801810201741988,0.020801810201741988
2018-08-23,-0.0028652630289552894,-0.0028652630289552894
2018-08-24,0.018677667226986827,0.018677667226986827
2018-08-27,-0.002310149281352647,-0.002310149281352647
2018-08-28,-0.006166526909257675,-0.006166526909257675
2018-08-29,0.013832078704855366,0.013832078704855366
2018-08-30,-0.006870012135764103,-0.006870012135764103
2018-08-31,0.010498082546773757,0.010498082546773757
2018-09-03,-0.02287521788179525,-0.02287521788179525
2018-09-04,0.02494017038720897,0.02494017038720897
2018-09-05,-0.0002647692645462163,-0.0002647692645462163
2018-09-06,-0.0025519633931584407,-0.0025519633931584407
2018-09-07,-0.020709058076515352,-0.020709058076515352
2018-09-10,-0.0033273884901176,-0.0033273884901176
2018-09-11,0.010089543460068073,0.010089543460068073
2018-09-12,0.01640305359765959,0.01640305359765959
2018-09-13,0.0019751827822225287,0.0019751827822225287
2018-09-14,0.010865875881345799,0.010865875881345799
2018-09-17,-0.00784779856583706,-0.00784779856583706
2018-09-18,-0.009563716851987758,-0.009563716851987758
2018-09-19,0.006364790975671442,0.006364790975671442
2018-09-20,-0.006757409901870237,-0.006757409901870237
2018-09-21,-0.013146703822628503,-0.013146703822628503
2018-09-24,-0.00637880802883295,-0.00637880802883295
2018-09-25,0.010197485926240146,0.010197485926240146
2018-09-26,-0.004326300996331245,-0.004326300996331245
2018-09-27,-0.010506665255758052,-0.010506665255758052
2018-09-28,-0.004664032555718567,-0.004664032555718567
2018-10-01,0.010144555820016166,0.010144555820016166
2018-10-02,-0.008957036533630225,-0.008957036533630225
2018-10-03,-0.01914644198665061,-0.01914644198665061
2018-10-04,-0.00992516035230151,-0.00992516035230151
2018-10-05,-0.0067941716668816765,-0.0067941716668816765
2018-10-08,-0.00983505119361927,-0.00983505119361927
2018-10-09,-0.015277112965892292,-0.015277112965892292
2018-10-10,-0.016520200912406136,-0.016520200912406136
2018-10-11,0.010767794108208717,0.010767794108208717
2018-10-12,0.0071109031795684174,0.0071109031795684174
2018-10-15,2.6417395735389704e-05,2.6417395735389704e-05
2018-10-16,-0.01261368952373021,-0.01261368952373021
2018-10-17,-0.0027585525216855533,-0.0027585525216855533
2018-10-18,-0.01004404558612515,-0.01004404558612515
2018-10-19,0.009250734248653192,0.009250734248653192
2018-10-22,-0.0025266486581160263,-0.0025266486581160263
2018-10-23,-0.0077070190430965635,-0.0077070190430965635
2018-10-24,0.0027428204108519427,0.0027428204108519427
2018-10-25,0.010481016136838939,0.010481016136838939
2018-10-26,-0.007022072712457139,-0.007022072712457139
2018-10-29,-0.017085517099449388,-0.017085517099449388
2018-10-30,0.020375701757309184,0.020375701757309184
2018-10-31,-0.005705350494491723,-0.005705350494491723
2018-11-01,0.007064342426528869,0.007064342426528869
2018-11-02,-0.006934176236485179,-0.006934176236485179
2018-11-05,0.0013802841148791156,0.0013802841148791156
2018-11-06,0.006648656398558606,0.006648656398558606
2018-11-07,0.00947753199712853,0.00947753199712853
2018-11-08,-0.007845955184739961,-0.007845955184739961
2018-11-09,0.007720354391339779,0.007720354391339779
2018-11-12,-0.007927265337952849,-0.007927265337952849
2018-11-13,0.009921215232834069,0.009921215232834069
2018-11-14,0.009292652531326828,0.009292652531326828
2018-11-15,-0.004998172692849856,-0.004998172692849856
2018-11-16,0.0,0.0
2018-11-19,-0.010548812177602396,-0.010548812177602396
2018-11-20,0.003179678799692942,0.003179678799692942
2018-11-21,0.000346286092768322,0.000346286092768322
2018-11-22,0.010756926435012248,0.010756926435012248
2018-11-23,0.0018440526021956671,0.0018440526021956671
2018-11-26,-0.03420893694442817,-0.03420893694442817
2018-11-27,0.07261088589474052,0.07261088589474052
2018-11-28,-0.01680325440734276,-0.01680325440734276
2018-11-29,-0.006273421385607381,-0.006273421385607381
2018-11-30,0.0004676452944507581,0.0004676452944507581
2018-12-03,0.0036873466352860262,0.0036873466352860262
2018-12-04,-0.0063127381595062815,-0.0063127381595062815
2018-12-05,0.002681712380217194,0.002681712380217194
2018-12-06,0.004232547358692829,0.004232547358692829
2018-12-07,0.0026891599070861805,0.0026891599070861805
2018-12-10,0.007220619020168462,0.007220619020168462
2018-12-11,0.002790665648564339,0.002790665648564339
2018-12-12,-0.003599927683692883,-0.003599927683692883
2018-12-13,-0.01242762784146878,-0.01242762784146878
2018-12-14,0.009496409802572492,0.009496409802572492
2018-12-17,0.006374128848733118,0.006374128848733118
2018-12-18,-0.004571572065343088,-0.004571572065343088
2018-12-19,0.0034124026722015532,0.0034124026722015532
2018-12-20,-0.0037587700774176502,-0.0037587700774176502
2018-12-21,-0.014706599566132295,-0.014706599566132295
2018-12-24,0.0011721879072985608,0.0011721879072985608
2018-12-25,0.015403041167495468,0.015403041167495468
2018-12-26,5.125638940839394e-05,5.125638940839394e-05
2018-12-27,0.00456079068855364,-0.00456079068855364
2018-12-28,-0.01252357367843282,0.01252357367843282
2018-12-31,0.0006974274564595095,-0.0006974274564595095
2019-01-01,0.0014970854926463772,-0.0014970854926463772
2019-01-02,-2.5808195945664636e-05,2.5808195945664636e-05
2019-01-03,-0.02412434218126669,0.02412434218126669
2019-01-04,-0.00824021671829156,0.00824021671829156
2019-01-07,-0.025005982527907422,0.025005982527907422
2019-01-08,0.01991151969636218,-0.01991151969636218
2019-01-09,-0.005811344959513631,0.005811344959513631
2019-01-10,-0.008727479032407448,-0.008727479032407448
2019-01-11,0.007581516314924652,0.007581516314924652
2019-01-14,-0.013026248612723945,-0.013026248612723945
2019-01-15,0.01035631511826951,0.01035631511826951
2019-01-16,0.005111539594668368,0.005111539594668368
2019-01-17,0.004816486525828001,0.004816486525828001
2019-01-18,0.003909712376256813,0.003909712376256813
2019-01-21,0.0003467941352932602,0.0003467941352932602
2019-01-22,0.00031997245426884646,0.00031997245426884646
2019-01-23,0.016153980498410103,0.016153980498410103
2019-01-24,-0.013037781026046691,0.013037781026046691
2019-01-25,0.0019934436950539425,-0.0019934436950539425
2019-01-28,-5.306201672217181e-05,5.306201672217181e-05
2019-01-29,-0.0026527988884593734,0.0026527988884593734
2019-01-30,-0.01093202096150625,0.01093202096150625
2019-01-31,-0.00997709809477354,0.00997709809477354
2019-02-01,-0.010485132645347117,0.010485132645347117
2019-02-04,0.003980427790777785,-0.003980427790777785
2019-02-05,0.002652246165993466,-0.002652246165993466
2019-02-06,0.0003544745224037804,-0.0003544745224037804
2019-02-07,0.007196818659083171,0.007196818659083171
2019-02-08,0.00546729480060093,0.00546729480060093
2019-02-11,0.003687853866977564,0.003687853866977564
2019-02-12,0.0071340137997075725,0.0071340137997075725
2019-02-13,-0.0125692281807821,-0.0125692281807821
2019-02-14,0.01218988947035382,0.01218988947035382
2019-02-15,-0.008312951632384658,-0.008312951632384658
2019-02-18,-0.02020414959799055,-0.02020414959799055
2019-02-19,0.02328065739404872,0.02328065739404872
2019-02-20,-0.0025993675905086056,-0.0025993675905086056
2019-02-21,0.0005373706401410328,-0.0005373706401410328
2019-02-22,0.011412464912646803,-0.011412464912646803
2019-02-25,-0.005363072915130274,0.005363072915130274
2019-02-26,0.0010944356630360197,-0.0010944356630360197
2019-02-27,-0.0008798932100418932,0.0008798932100418932
2019-02-28,-0.005284135878543261,0.005284135878543261
2019-03-01,0.005419476430922554,-0.005419476430922554
2019-03-04,-0.006964621926976888,0.006964621926976888
2019-03-05,0.014161348526329887,-0.014161348526329887
2019-03-06,7.947075258352143e-05,-7.947075258352143e-05
2019-03-07,0.016532456200913925,-0.016532456200913925
2019-03-08,0.00847054559997562,-0.00847054559997562
2019-03-11,-0.01444702144676635,0.01444702144676635
2019-03-12,0.006267381301353847,-0.006267381301353847
2019-03-13,-0.006697441403911597,0.006697441403911597
2019-03-14,0.0004459871136621718,-0.0004459871136621718
2019-03-15,0.0071329879026311716,-0.0071329879026311716
2019-03-18,-0.007160565487507209,0.007160565487507209
2019-03-19,-0.006031996361381076,0.006031996361381076
2019-03-20,-0.000606866505473036,0.000606866505473036
2019-03-21,-0.0035641617409207793,0.0035641617409207793
2019-03-22,0.004451255080339722,-0.004451255080339722
2019-03-25,0.030335007357581212,-0.030335007357581212
2019-03-26,-0.013415226597454866,0.013415226597454866
2019-03-27,0.005553242340456732,-0.005553242340456732
2019-03-28,0.029212890132781055,-0.029212890132781055
2019-03-29,-0.022691910907419954,0.022691910907419954
2019-04-01,0.006362681403675463,-0.006362681403675463
2019-04-02,-0.018865489795654167,0.018865489795654167
2019-04-03,0.000987375678975555,-0.000987375678975555
2019-04-04,0.0041533714199846195,0.0041533714199846195
2019-04-05,-0.0032055197387016454,-0.0032055197387016454
2019-04-08,0.004694111112492072,0.004694111112492072
2019-04-09,-0.00665978038658277,-0.00665978038658277
2019-04-10,-5.198097384839784e-05,-5.198097384839784e-05
2019-04-11,-0.0062370497758258425,-0.0062370497758258425
2019-04-12,0.008315908118564419,0.008315908118564419
2019-04-15,0.006354098282400633,0.006354098282400633
2019-04-16,-0.0025513730803718992,-0.0025513730803718992
2019-04-17,0.008629614293386156,0.008629614293386156
2019-04-18,0.008427710153169787,0.008427710153169787
2019-04-19,-0.0025401961528289663,-0.0025401961528289663
2019-04-22,0.00198636605456759,0.00198636605456759
2019-04-23,-0.00010168163117696416,-0.00010168163117696416
2019-04-24,-0.004016166235707996,-0.004016166235707996
2019-04-25,0.018196674917784428,0.018196674917784428
2019-04-26,-0.009249058555558465,-0.009249058555558465
2019-04-29,-0.005945294675587687,-0.005945294675587687
2019-04-30,0.0038430221272613974,0.0038430221272613974
2019-05-01,-0.006946737628277022,-0.006946737628277022
2019-05-02,0.000612770273720864,0.000612770273720864
2019-05-03,0.011966430995667743,0.011966430995667743
2019-05-06,-0.007463098831898107,-0.007463098831898107
2019-05-07,0.00802723129503402,0.00802723129503402
2019-05-08,0.00012599258211909437,0.00012599258211909437
2019-05-09,-0.010683569933654713,-0.010683569933654713
2019-05-10,0.004864618229089679,0.004864618229089679
2019-05-13,0.0036245014339015835,0.0036245014339015835
2019-05-14,0.007778332925703069,0.007778332925703069
2019-05-15,-0.0038591487193029295,-0.0038591487193029295
2019-05-16,0.0062388523376248894,0.0062388523376248894
2019-05-17,0.011575213075535107,0.011575213075535107
2019-05-20,0.012653945037508718,0.012653945037508718
2019-05-21,-0.0006101569545265972,-0.0006101569545265972
2019-05-23,-0.014188434804115913,-0.014188434804115913
2019-05-24,0.0004707184202572545,0.0004707184202572545
2019-05-27,-0.004333058473384388,-0.004333058473384388
2019-05-28,0.005197396724418768,0.005197396724418768
2019-05-29,-0.0045767921237226394,-0.0045767921237226394
2019-05-30,-0.0124763853857639,-0.0124763853857639
2019-05-31,0.0016610215216354973,0.0016610215216354973
2019-06-03,-0.014020090658963813,-0.014020090658963813
2019-06-04,-0.010218668025008149,-0.010218668025008149
2019-06-05,-0.007852510352894582,-0.007852510352894582
2019-06-06,0.00669503568916241,0.00669503568916241
2019-06-07,-0.0002577531362883967,-0.0002577531362883967
2019-06-10,-0.0004899432839933215,-0.0004899432839933215
2019-06-11,0.00206375226263944,0.00206375226263944
2019-06-12,-0.007568569968502636,-0.007568569968502636
2019-06-13,0.002801515770995744,0.002801515770995744
2019-06-14,-0.004578482814423412,-0.004578482814423412
2019-06-17,0.012031581880163511,0.012031581880163511
2019-06-18,-0.0019257756348028954,-0.0019257756348028954
2019-06-19,-0.007074904037597363,-0.007074904037597363
2019-06-20,-0.00624428740549432,-0.00624428740549432
2019-06-21,0.0005996207830576417,0.0005996207830576417
2019-06-24,-0.004481849447829589,-0.004481849447829589
2019-06-25,0.0013349069396813018,0.0013349069396813018
2019-06-26,0.005201820372262356,0.005201820372262356
2019-06-27,-0.0006761031362009229,-0.0006761031362009229
2019-06-28,-0.006999935663154377,-0.006999935663154377
2019-07-01,0.008778814534836421,0.008778814534836421
2019-07-02,-0.0025717248505245927,-0.0025717248505245927
2019-07-03,0.0011198768042373075,0.0011198768042373075
2019-07-04,-0.004916859900939596,-0.004916859900939596
2019-07-05,-0.006326787533145639,-0.006326787533145639
2019-07-08,0.004814727854494327,0.004814727854494327
2019-07-09,-0.005236831042373269,-0.005236831042373269
2019-07-10,-2.629501373740961e-05,-2.629501373740961e-05
2019-07-11,-0.012819187656005204,-0.012819187656005204
2019-07-12,0.0011999442081569445,0.0011999442081569445
2019-07-15,-0.005433058181739003,-0.005433058181739003
2019-07-16,0.005168161900923396,0.005168161900923396
2019-07-17,0.003596444878383176,0.003596444878383176
2019-07-18,-0.0014334100679320727,-0.0014334100679320727
2019-07-19,-0.011802853987857742,-0.011802853987857742
2019-07-22,0.007666605994161246,0.007666605994161246
2019-07-23,-0.0016284309467946567,-0.0016284309467946567
2019-07-24,0.008717023958778602,0.008717023958778602
2019-07-25,-0.00029154515265261693,-0.00029154515265261693
2019-07-26,0.0010340764771530342,0.0010340764771530342
2019-07-29,-0.0004502872744395203,-0.0004502872744395203
2019-07-30,0.0017490768743391172,0.0017490768743391172
2019-07-31,0.002433760337268831,0.002433760337268831
2019-08-01,0.005911419251521721,0.005911419251521721
2019-08-02,0.0067161517965146356,0.0067161517965146356
2019-08-05,0.01214391999703257,0.01214391999703257
2019-08-06,0.02296661126954591,0.02296661126954591
2019-08-07,-0.003624375307129446,-0.003624375307129446
2019-08-08,0.002197724631385345,0.002197724631385345
2019-08-09,-0.012552340731476375,-0.012552340731476375
2019-08-12,0.005768882589375801,0.005768882589375801
2019-08-13,0.011090802187554871,0.011090802187554871
2019-08-14,-0.005396749478506102,-0.005396749478506102
2019-08-15,0.02218356618215589,0.02218356618215589
2019-08-16,-0.01486314904648467,-0.01486314904648467
2019-08-19,0.0036340295937569156,0.0036340295937569156
2019-08-20,0.017130344339389536,0.017130344339389536
2019-08-21,-0.005278432051996407,-0.005278432051996407
2019-08-22,-0.00683662328641621,-0.00683662328641621
2019-08-23,0.01093431165525538,0.01093431165525538
2019-08-26,0.014306873558675326,0.014306873558675326
2019-08-27,0.006131555600548122,0.006131555600548122
2019-08-28,-0.006913248261867455,-0.006913248261867455
2019-08-29,0.01089064273551954,0.01089064273551954
2019-08-30,9.59921284167109e-05,9.59921284167109e-05
2019-09-02,-0.005805993932827325,-0.005805993932827325
2019-09-03,0.00977344164610372,0.00977344164610372
2019-09-04,-0.004612365835422794,-0.004612365835422794
2019-09-05,-0.01726246409782972,-0.01726246409782972
2019-09-06,0.003127073974177552,0.003127073974177552
2019-09-09,-0.010886543181402697,-0.010886543181402697
2019-09-10,0.00790392293772002,0.00790392293772002
2019-09-11,-0.0033956620795523307,-0.0033956620795523307
2019-09-12,-0.003750526572200874,-0.003750526572200874
2019-09-13,-0.0013040807814395095,-0.0013040807814395095
2019-09-16,0.0065534713403108125,0.0065534713403108125
2019-09-17,-0.0015175222347002526,-0.0015175222347002526
2019-09-18,-0.0008088920143187739,-0.0008088920143187739
2019-09-19,0.00767899642395542,0.00767899642395542
2019-09-20,0.014437812063482713,0.014437812063482713
2019-09-23,-0.004392083583486084,-0.004392083583486084
2019-09-24,0.003181979526452716,0.003181979526452716
2019-09-25,4.801027763701171e-05,4.801027763701171e-05
2019-09-26,-0.0035081339140579093,-0.0035081339140579093
2019-09-27,0.005329018331284852,0.005329018331284852
2019-09-30,-0.002902173811103803,-0.002902173811103803
2019-10-01,-0.0005533334151557323,-0.0005533334151557323
2019-10-02,-4.808769910913391e-05,-4.808769910913391e-05
2019-10-03,-0.0072690520230630495,-0.0072690520230630495
2019-10-04,-0.010062091493444614,-0.010062091493444614
2019-10-07,-0.006931417622641711,-0.006931417622641711
2019-10-08,0.012455087031665535,0.012455087031665535
2019-10-09,-0.0034591630010341046,-0.0034591630010341046
2019-10-10,0.00425340755747694,0.00425340755747694
2019-10-11,2.4257956087403443e-05,2.4257956087403443e-05
2019-10-14,2.4373431613211594e-05,2.4373431613211594e-05
2019-10-15,0.003699680681009676,0.003699680681009676
2019-10-16,0.01331321159302723,0.01331321159302723
2019-10-17,-0.007179374469868716,-0.007179374469868716
2019-10-18,0.0030130185989014624,0.0030130185989014624
2019-10-21,-0.012015984948763325,-0.012015984948763325
2019-10-22,0.0033236282537747464,0.0033236282537747464
2019-10-23,-0.011240359679487,-0.011240359679487
2019-10-24,-0.01110729829504764,-0.01110729829504764
2019-10-25,0.0015372384850174114,0.0015372384850174114
2019-10-28,-0.009011423173532984,-0.009011423173532984
2019-10-29,-0.0035224647961985545,-0.0035224647961985545
2019-10-30,0.0019805454075971785,0.0019805454075971785
2019-10-31,-0.00262715592772933,-0.00262715592772933
2019-11-01,0.007475715989900378,0.007475715989900378
2019-11-04,-0.006623477439640757,-0.006623477439640757
2019-11-05,0.005364208980277896,0.005364208980277896
2019-11-06,-0.0046872899020918846,-0.0046872899020918846
2019-11-07,0.022620260729104613,0.022620260729104613
2019-11-08,0.004213309249493369,0.004213309249493369
2019-11-11,0.008269248104777471,0.008269248104777471
2019-11-12,0.004330572952140566,0.004330572952140566
2019-11-13,0.003998779219672288,0.003998779219672288
2019-11-14,0.00016794955106669285,0.00016794955106669285
2019-11-15,0.006165161398954178,0.006165161398954178
2019-11-18,0.00011914391459377782,0.00011914391459377782
2019-11-19,0.005149291252047661,0.005149291252047661
2019-11-20,-0.005858116861967355,-0.005858116861967355
2019-11-21,0.0007873154057638221,0.0007873154057638221
2019-11-22,-0.000786696027861411,-0.000786696027861411
2019-11-25,0.0007873154057638221,0.0007873154057638221
2019-11-26,0.0072466741604171325,0.0072466741604171325
2019-11-27,0.0015146751505930034,0.0015146751505930034
2019-11-28,0.0073018575893255555,0.0073018575893255555
2019-11-29,-0.01752407565050962,-0.01752407565050962
2019-12-02,0.01148519396785086,0.01148519396785086
2019-12-03,-0.0032577473511736788,-0.0032577473511736788
2019-12-04,-0.004334144004300544,-0.004334144004300544
2019-12-05,0.0004995220853074578,0.0004995220853074578
2019-12-06,-0.0051116499114426395,-0.0051116499114426395
2019-12-09,-0.015700438777712433,-0.015700438777712433
2019-12-10,0.005389814885669253,0.005389814885669253
2019-12-11,0.000845182391281174,0.000845182391281174
2019-12-12,-0.0050426514199038985,-0.0050426514199038985
2019-12-13,-0.008839705153522948,-0.008839705153522948
2019-12-16,-0.00035419374257716907,-0.00035419374257716907
2019-12-17,-0.005849535230256109,-0.005849535230256109
2019-12-18,0.002043336195365786,0.002043336195365786
2019-12-19,-0.002588852540140185,-0.002588852540140185
2019-12-20,0.002250717370647193,0.002250717370647193
2019-12-23,0.0027280317153903777,0.0027280317153903777
2019-12-24,0.0005147162807657146,0.0005147162807657146
2019-12-25,0.00019601489339393652,0.00019601489339393652
2019-12-26,4.905251562314916e-05,4.905251562314916e-05
2019-12-27,-0.006931247629244686,-0.006931247629244686
2019-12-30,-0.007990759376159118,-0.007990759376159118
2019-12-31,-0.0016381016419663164,-0.0016381016419663164
2020-01-01,0.0002677652443325851,0.0002677652443325851
2020-01-02,-0.00012096662662541835,-0.00012096662662541835
2020-01-03,0.0017677036308150207,0.0017677036308150207
2020-01-06,0.008351228258095977,0.008351228258095977
2020-01-07,0.0008380204100870703,0.0008380204100870703
2020-01-08,0.0014283741360821,0.0014283741360821
2020-01-09,-0.000836124421411899,-0.000836124421411899
2020-01-10,0.007211827646157021,0.007211827646157021
2020-01-13,-0.005278523416419656,-0.005278523416419656
2020-01-14,0.018499009600821514,0.018499009600821514
2020-01-15,-0.0034975495070201923,-0.0034975495070201923
2020-01-16,0.010384161337697151,0.010384161337697151
2020-01-17,0.0022519023451403886,0.0022519023451403886
2020-01-20,-0.0052585897879388055,-0.0052585897879388055
2020-01-21,0.006463815329645017,0.006463815329645017
2020-01-22,0.005347953379817527,0.005347953379817527
2020-01-23,-0.00702929725032464,-0.00702929725032464
2020-01-24,-0.0029178377665779465,-0.0029178377665779465
2020-01-27,-0.0023025799600971952,-0.0023025799600971952
2020-01-28,0.011203236829458785,0.011203236829458785
2020-01-29,-0.0030194434061824316,-0.0030194434061824316
2020-01-30,0.008465696185791627,0.008465696185791627
2020-01-31,0.0031450122149423443,0.0031450122149423443
2020-02-03,0.009523367404264516,0.009523367404264516
2020-02-04,-0.008359403348949912,-0.008359403348949912
2020-02-05,0.001624713611944939,0.001624713611944939
2020-02-06,-0.004725213563353758,-0.004725213563353758
2020-02-07,0.01114883894278118,0.01114883894278118
2020-02-10,0.009250694626381062,0.009250694626381062
2020-02-11,0.00013299433940772154,0.00013299433940772154
2020-02-12,0.0015172581074651692,0.0015172581074651692
2020-02-13,0.006231950010412657,0.006231950010412657
2020-02-14,-0.0017758338545745822,-0.0017758338545745822
2020-02-17,-0.011449203040293288,-0.011449203040293288
2020-02-18,0.006865256714171375,0.006865256714171375
2020-02-19,0.0065411500609258155,0.0065411500609258155
2020-02-20,0.002112523840214209,0.002112523840214209
2020-02-21,0.0064849418775474454,0.0064849418775474454
2020-02-24,-0.000569190890210014,-0.000569190890210014
2020-02-25,-0.0007289749228716058,-0.0007289749228716058
2020-02-26,4.554661206590538e-05,4.554661206590538e-05
2020-02-27,0.014201743388378762,0.014201743388378762
2020-02-28,0.008024059746813528,0.008024059746813528
2020-03-02,-0.00969941757350401,-0.00969941757350401
2020-03-03,0.0070025158681785715,0.0070025158681785715
2020-03-04,0.0091225328790423,0.0091225328790423
2020-03-05,0.015554367066580754,0.015554367066580754
2020-03-06,0.004974570556276703,0.004974570556276703
2020-03-09,-0.0035604916074718496,-0.0035604916074718496
2020-03-10,0.02899909282710067,0.02899909282710067
2020-03-11,-0.01710814498135671,-0.01710814498135671
2020-03-12,0.036987571581815315,0.036987571581815315
2020-03-13,-0.004902493940231456,-0.004902493940231456
2020-03-16,0.013026566981671373,0.013026566981671373
2020-03-17,0.03016938793157653,0.03016938793157653
2020-03-18,0.002140377843125929,0.002140377843125929
2020-03-19,0.01881592240395147,0.01881592240395147
2020-03-20,-0.0019125946487709156,-0.0019125946487709156
2020-03-23,-0.009559956687589022,-0.009559956687589022
2020-03-24,0.01906649352907719,0.01906649352907719
2020-03-25,-0.00847960933794778,-0.00847960933794778
2020-03-26,-0.012632195079245734,-0.012632195079245734
2020-03-27,-0.0022051006997249045,-0.0022051006997249045
2020-03-30,0.01633195217084027,0.01633195217084027
2020-03-31,0.017253138036033677,0.017253138036033677
2020-04-01,0.002079820706948121,0.002079820706948121
2020-04-02,0.008590400209667282,0.008590400209667282
2020-04-03,0.0013528648617020522,0.0013528648617020522
2020-04-06,0.017734426031082107,0.017734426031082107
2020-04-07,-0.01181639704734505,-0.01181639704734505
2020-04-08,-0.01203329785601448,-0.01203329785601448
2020-04-09,-0.018806196755111304,-0.018806196755111304
2020-04-10,-0.0034546147991421083,-0.0034546147991421083
2020-04-13,-5.874310854148135e-05,-5.874310854148135e-05
2020-04-14,0.018215636298088755,0.018215636298088755
2020-04-15,-0.0070212515174905565,-0.0070212515174905565
2020-04-16,0.014529214773379096,0.014529214773379096
2020-04-17,-0.0011648229479135352,-0.0011648229479135352
2020-04-20,0.00034412057912169836,0.00034412057912169836
2020-04-21,0.01580450906238484,0.01580450906238484
2020-04-22,-7.526552403014364e-05,-7.526552403014364e-05
2020-04-23,0.02669803594230702,0.02669803594230702
2020-04-24,0.01396397345007383,0.01396397345007383
2020-04-27,0.007138811653334187,0.007138811653334187
2020-04-28,0.014355942525231313,0.014355942525231313
2020-04-29,-0.027456393474097895,-0.027456393474097895
2020-04-30,-0.029577626904531806,-0.029577626904531806
2020-05-01,0.028342262336244817,0.028342262336244817
2020-05-04,-0.001640507550819792,-0.001640507550819792
2020-05-05,0.011612120456530928,0.011612120456530928
2020-05-06,0.006768289114487125,0.006768289114487125
2020-05-07,0.0245782144213893,0.0245782144213893
2020-05-08,0.019862680708911506,0.019862680708911506
2020-05-11,-0.0603424001387467,-0.0603424001387467
2020-05-12,0.06209600088872613,0.06209600088872613
2020-05-13,0.011638085755929728,0.011638085755929728
2020-05-14,0.000271932013755416,0.000271932013755416
2020-05-15,-0.013081023754693888,-0.013081023754693888
2020-05-18,0.007883728365178477,0.007883728365178477
2020-05-19,-0.02326136690499836,-0.02326136690499836
2020-05-20,0.006329786222865952,0.006329786222865952
2020-05-21,-0.011242029411421162,-0.011242029411421162
2020-05-22,-0.02426846071294886,-0.02426846071294886
2020-05-25,-0.004268467112501284,-0.004268467112501284
2020-05-26,-0.01542857645557505,-0.01542857645557505
2020-05-27,-0.018260654223675843,-0.018260654223675843
2020-05-28,-0.013342071778984499,-0.013342071778984499
2020-05-29,0.024826063903434115,0.024826063903434115
2020-06-01,-0.012732335225086211,-0.012732335225086211
2020-06-02,0.005942141348240337,0.005942141348240337
2020-06-03,-0.031156264155617452,-0.031156264155617452
2020-06-04,-0.026484259228179097,-0.026484259228179097
2020-06-05,0.010984607079923547,0.010984607079923547
2020-06-08,-0.030817647336180642,-0.030817647336180642
2020-06-09,-0.027805198145339438,-0.027805198145339438
2020-06-10,0.01592829562163489,0.01592829562163489
2020-06-25,0.03797321528581987,0.03797321528581987
2020-06-26,0.002412725004020011,0.002412725004020011
2020-06-29,0.022651344530443263,0.022651344530443263
2020-06-30,-0.014377151069923433,-0.014377151069923433
2020-07-01,0.011032723469142303,0.011032723469142303
2020-07-02,-0.026640090832777852,-0.026640090832777852
2020-07-03,0.008032107981439163,0.008032107981439163
2020-07-06,-0.008863784152018384,-0.008863784152018384
2020-07-07,0.008076982709019465,0.008076982709019465
2020-07-08,0.004388989330186499,0.004388989330186499
2020-07-09,-0.006545449644548951,-0.006545449644548951
2020-07-10,-0.0008984095669462011,-0.0008984095669462011
2020-07-13,-0.002042043640899771,-0.002042043640899771
2020-07-14,0.014004434033259683,0.014004434033259683
2020-07-15,-0.006424214057368927,-0.006424214057368927
2020-07-16,2.7632175758407485e-05,2.7632175758407485e-05
2020-07-17,-0.006753970083087868,-0.006753970083087868
2020-07-20,0.010242602212233942,0.010242602212233942
2020-07-21,-0.01069578661482462,-0.01069578661482462
2020-07-22,-0.02963761647837193,-0.02963761647837193
2020-07-23,-0.010000317288847982,-0.010000317288847982
2020-07-24,0.018073060308564814,0.018073060308564814
2020-07-27,0.003550517871556247,0.003550517871556247
2020-07-28,-0.016767403310785856,-0.016767403310785856
2020-07-29,0.0021157739092514394,0.0021157739092514394
2020-07-30,0.003202452606885009,0.003202452606885009
2020-07-31,-0.002882628663607778,-0.002882628663607778
2020-08-03,0.013058041661978992,0.013058041661978992
2020-08-04,0.018673838889827543,0.018673838889827543
2020-08-05,-0.0053583778266007576,-0.0053583778266007576
2020-08-06,0.00013231955641579418,0.00013231955641579418
2020-08-07,0.007635666830271726,0.007635666830271726
2020-08-10,0.019863877846394873,0.019863877846394873
2020-08-11,0.00796368558670868,0.00796368558670868
2020-08-12,-0.018264763506006254,-0.018264763506006254
2020-08-13,0.010147899808189198,0.010147899808189198
2020-08-14,-0.012511470192939633,-0.012511470192939633
2020-08-17,0.010024241665011813,0.010024241665011813
2020-08-18,0.016141457931666103,0.016141457931666103
2020-08-19,-0.007788176017089032,-0.007788176017089032
2020-08-20,0.016650126180281832,0.016650126180281832
2020-08-21,-8.993689399328098e-05,-8.993689399328098e-05
2020-08-24,0.01128526317533085,0.01128526317533085
2020-08-25,-0.0014238239343301595,-0.0014238239343301595
2020-08-26,-0.018393747353135592,-0.018393747353135592
2020-08-27,0.01812109329511058,0.01812109329511058
2020-08-28,-0.006866226992067737,-0.006866226992067737
2020-08-31,-0.032090070480484956,-0.032090070480484956
2020-09-01,0.0187198841719165,0.0187198841719165
2020-09-02,-0.017046435457947373,-0.017046435457947373
2020-09-03,-0.010857271490891662,-0.010857271490891662
2020-09-04,-0.009140800808141059,-0.009140800808141059
2020-09-07,0.0020983936503198297,0.0020983936503198297
2020-09-08,-0.0005093998805253408,-0.0005093998805253408
2020-09-09,0.011758527774327954,0.011758527774327954
2020-09-10,-0.009719095181788484,-0.009719095181788484
2020-09-11,0.0022605414610306074,0.0022605414610306074
2020-09-14,-0.0008082168172013349,-0.0008082168172013349
2020-09-15,-0.009010143531022252,-0.009010143531022252
2020-09-16,0.0011388952598316848,0.0011388952598316848
2020-09-17,-0.007261634087812441,0.007261634087812441
2020-09-18,0.0003437853802967794,-0.0003437853802967794
2020-09-21,0.02901980734060472,-0.02901980734060472
2020-09-22,0.004230206763907285,-0.004230206763907285
2020-09-23,0.010586426183668562,-0.010586426183668562
2020-09-24,0.022395279592077877,-0.022395279592077877
2020-09-25,-0.015020404390714837,0.015020404390714837
2020-09-28,0.009567214268203283,-0.009567214268203283
2020-09-29,0.017820235709890664,-0.017820235709890664
2020-09-30,-0.005247213634027803,0.005247213634027803
2020-10-01,-0.00392504615932876,0.00392504615932876
2020-10-02,0.005991072523988228,-0.005991072523988228
2020-10-05,0.007018768891354554,-0.007018768891354554
2020-10-06,-0.01904394386353747,0.01904394386353747
2020-10-07,0.003660251772140466,-0.003660251772140466
2020-10-08,0.003128449979196146,-0.003128449979196146
2020-10-09,-0.0022633045623253745,0.0022633045623253745
2020-10-12,-0.012431698352328602,0.012431698352328602
2020-10-13,0.00012660462522573468,-0.00012660462522573468
2020-10-14,0.007016699088467249,-0.007016699088467249
2020-10-15,0.00395076516157622,0.00395076516157622
2020-10-16,0.003702706077586271,0.003702706077586271
2020-10-19,0.005988082979797138,0.005988082979797138
2020-10-20,-0.0069444984137528865,-0.0069444984137528865
2020-10-21,-0.00024974916626230304,-0.00024974916626230304
2020-10-22,0.0006423968840263417,0.0006423968840263417
2020-10-23,-0.002942329641766661,-0.002942329641766661
2020-10-26,0.004453339923925048,0.004453339923925048
2020-10-27,0.001157409667580156,0.001157409667580156
2020-10-28,0.014672662205150733,0.014672662205150733
2020-10-29,0.006958569361533717,-0.006958569361533717
2020-10-30,0.005726793376687356,-0.005726793376687356
2020-11-02,-0.006300030742123153,0.006300030742123153
2020-11-03,-5.223997366243793e-05,5.223997366243793e-05
2020-11-04,0.002403745727041162,-0.002403745727041162
2020-11-05,-0.015968978117309796,0.015968978117309796
2020-11-06,-0.02465129336287819,0.02465129336287819
2020-11-09,-0.02909437109576296,0.02909437109576296
2020-11-10,0.004102380522402083,-0.004102380522402083
2020-11-11,0.005422786417999648,-0.005422786417999648
2020-11-12,-0.004414568516486694,-0.004414568516486694
2020-11-13,0.012374764998453136,0.012374764998453136
2020-11-16,5.496556175987877e-05,5.496556175987877e-05
2020-11-17,-0.0077148532902114875,-0.0077148532902114875
2020-11-18,-0.01619603186652041,-0.01619603186652041
2020-11-19,0.006476220619716422,0.006476220619716422
2020-11-20,-0.010668249690954479,-0.010668249690954479
2020-11-23,0.013874976706489628,0.013874976706489628
2020-11-24,0.011621204691004472,0.011621204691004472
2020-11-25,-0.012498592214651216,-0.012498592214651216
2020-11-26,-0.009306516398676856,0.009306516398676856
2020-11-27,0.002386067173784312,-0.002386067173784312
2020-11-30,0.001349547566412701,-0.001349547566412701
2020-12-01,-0.0021338740908967146,0.0021338740908967146
2020-12-02,-0.02367245023245268,0.02367245023245268
2020-12-03,0.0021902866996241777,-0.0021902866996241777
2020-12-04,-0.01251844941035929,0.01251844941035929
2020-12-07,0.0006600366769329291,-0.0006600366769329291
2020-12-08,-0.010883884265409538,0.010883884265409538
2020-12-09,0.004197472668587832,-0.004197472668587832
2020-12-10,0.009766234579072108,0.009766234579072108
2020-12-11,-0.02814480124652652,-0.02814480124652652
2020-12-14,0.007961458968723134,0.007961458968723134
2020-12-15,0.01056438850638064,0.01056438850638064
2020-12-16,-0.007584652174054796,-0.007584652174054796
2020-12-17,0.0008497640451885502,0.0008497640451885502
2020-12-18,-0.005173897067824784,-0.005173897067824784
2020-12-21,0.008641606745743102,0.008641606745743102
2020-12-22,0.0035953033510325305,0.0035953033510325305
2020-12-23,0.007368103650880586,0.007368103650880586
2020-12-24,0.011372731022816218,-0.011372731022816218
2020-12-25,0.0,-0.0
2020-12-28,0.0,-0.0
2020-12-29,0.005867365341483133,-0.005867365341483133
2020-12-30,-0.007110335455780881,0.007110335455780881
2020-12-31,-0.0034099816299689722,0.0034099816299689722
2021-01-01,0.00024297311642551556,-0.00024297311642551556
2021-01-04,-3.857237044568862e-05,3.857237044568862e-05
2021-01-05,0.01991568305623992,-0.01991568305623992
2021-01-06,-0.00211507396320354,0.00211507396320354
2021-01-07,0.005450315167691677,0.005450315167691677
2021-01-08,0.018050416448310402,0.018050416448310402
2021-01-11,0.0006263733047366937,0.0006263733047366937
2021-01-12,0.013952200409843574,0.013952200409843574
2021-01-13,-0.030304101970875408,-0.030304101970875408
2021-01-14,-0.004491305164033177,-0.004491305164033177
2021-01-15,-0.019197792048237683,-0.019197792048237683
2021-01-18,0.018380229327495945,0.018380229327495945
2021-01-19,0.0006614602952599302,0.0006614602952599302
2021-01-20,0.011690742074927929,0.011690742074927929
2021-01-21,-0.012358313926151832,-0.012358313926151832
2021-01-22,0.011152067560626255,0.011152067560626255
2021-01-25,0.0216842124967076,0.0216842124967076
2021-01-26,0.0,0.0
2021-01-27,-0.020437299511149254,-0.020437299511149254
2021-01-28,0.010982894853564407,0.010982894853564407
2021-01-29,0.00469075754699233,0.00469075754699233
2021-02-01,0.004194737243616187,0.004194737243616187
2021-02-02,-0.005548663095627293,-0.005548663095627293
2021-02-03,-0.011711640358450182,-0.011711640358450182
2021-02-04,-0.002776226643584012,-0.002776226643584012
2021-02-05,0.01377054333239669,0.01377054333239669
2021-02-08,-0.010413394784804186,-0.010413394784804186
2021-02-09,-0.0009126974717382774,-0.0009126974717382774
2021-02-10,0.0023116065136368213,0.0023116065136368213
2021-02-11,0.001525130419181675,0.001525130419181675
2021-02-12,-0.0036212845638085023,-0.0036212845638085023
2021-02-15,0.0005964241744556009,0.0005964241744556009
2021-02-16,-0.00011173511848983075,-0.00011173511848983075
2021-02-17,0.00026080363050029476,0.00026080363050029476
2021-02-18,0.007524123374132108,-0.007524123374132108
2021-02-19,0.0029575573682305567,-0.0029575573682305567
2021-02-22,-0.008312089744309747,0.008312089744309747
2021-02-23,0.01536970542564764,-0.01536970542564764
2021-02-24,-0.004356242766797136,0.004356242766797136
2021-02-25,-0.006735031208832565,0.006735031208832565
2021-02-26,0.023146745469906582,-0.023146745469906582
2021-03-01,0.012585838708149888,-0.012585838708149888
2021-03-02,0.0076997070794166955,-0.0076997070794166955
2021-03-03,0.006098531582949374,-0.006098531582949374
2021-03-04,-0.010149604921108168,-0.010149604921108168
2021-03-05,0.009043226531143977,0.009043226531143977
2021-03-08,0.003740045983579021,0.003740045983579021
2021-03-09,0.03253362919391689,0.03253362919391689
2021-03-10,-0.012443415867088192,-0.012443415867088192
2021-03-11,-0.022476895198644598,-0.022476895198644598
2021-03-12,-0.02403415274276577,-0.02403415274276577
2021-03-15,-0.007162723306342045,-0.007162723306342045
2021-03-16,0.02171808017179888,0.02171808017179888
2021-03-17,0.0015852107018070605,0.0015852107018070605
2021-03-18,-0.007166548306746567,-0.007166548306746567
2021-03-19,-0.0043702885628856825,-0.0043702885628856825
2021-03-22,-0.011718011134349449,-0.011718011134349449
2021-03-23,0.002172845601408957,0.002172845601408957
2021-03-24,0.002706422296457456,0.002706422296457456
2021-03-25,0.017969670862817422,0.017969670862817422
2021-03-26,0.005124921988722164,0.005124921988722164
2021-03-29,0.01841231051011305,0.01841231051011305
2021-03-30,0.00493706013027384,0.00493706013027384
2021-03-31,-0.001591491894559982,-0.001591491894559982
2021-04-01,-0.024308649708747243,-0.024308649708747243
2021-04-02,0.013513730925412748,0.013513730925412748
2021-04-05,0.0005606851202890617,0.0005606851202890617
2021-04-06,-0.008387861852993228,-0.008387861852993228
2021-04-07,-0.012273291419179766,-0.012273291419179766
2021-04-08,0.0033790883401076943,0.0033790883401076943
2021-04-09,-0.008107531488151465,-0.008107531488151465
2021-04-12,0.02024574940256163,0.02024574940256163
2021-04-13,0.009314583822228606,0.009314583822228606
2021-04-14,-0.002773827611750601,-0.002773827611750601
2021-04-15,-0.011091053933324768,-0.011091053933324768
2021-04-16,-0.006704602306319751,-0.006704602306319751
2021-04-19,-0.005200285202133115,-0.005200285202133115
2021-04-20,-0.007250557268945079,-0.007250557268945079
2021-04-21,0.004075554780122115,0.004075554780122115
2021-04-22,0.0,0.0
2021-04-23,-0.02239624730650258,-0.02239624730650258
2021-04-26,0.006246310845750003,0.006246310845750003
2021-04-27,-0.0076499228965846156,-0.0076499228965846156
2021-04-28,0.002888587683629096,0.002888587683629096
2021-04-29,-0.020106414023753127,0.020106414023753127
2021-04-30,-0.0009361055722831857,0.0009361055722831857
2021-05-03,0.01935763698077486,-0.01935763698077486
2021-05-04,-0.0002941826692045568,0.0002941826692045568
2021-05-05,0.00082747878429279,-0.00082747878429279
2021-05-06,-0.016517756897497127,0.016517756897497127
2021-05-07,-0.014809237529159303,0.014809237529159303
2021-05-10,-0.007192844030292966,0.007192844030292966
2021-05-11,-0.0025403385302558146,0.0025403385302558146
2021-05-12,-0.00019147630053906184,0.00019147630053906184
2021-05-13,0.015686072157557573,0.015686072157557573
2021-05-14,0.0008674262168446578,0.0008674262168446578
2021-05-17,-0.007197162101630239,-0.007197162101630239
2021-05-18,0.0003796056480975807,0.0003796056480975807
2021-05-19,-0.0022764077912377223,-0.0022764077912377223
2021-05-20,0.009221420437098171,0.009221420437098171
2021-05-21,-0.005030146834041127,-0.005030146834041127
2021-05-24,0.015242482883006225,0.015242482883006225
2021-05-25,-0.008075674262373322,-0.008075674262373322
2021-05-26,0.0022938570266752834,0.0022938570266752834
2021-05-27,-0.0037893289805218666,0.0037893289805218666
2021-05-28,-0.013614528820609872,0.013614528820609872
2021-05-31,-3.8232904293389325e-05,3.8232904293389325e-05
2021-06-01,-0.004085524086649306,0.004085524086649306
2021-06-02,-0.01282440233334492,0.01282440233334492
2021-06-03,-0.014602807632505432,0.014602807632505432
2021-06-04,0.00035472662182423065,-0.00035472662182423065
2021-06-07,-0.006244732064078384,0.006244732064078384
2021-06-08,0.00011891153785037467,-0.00011891153785037467
2021-06-09,-0.002041481582575444,0.002041481582575444
2021-06-10,0.005283100565577126,0.005283100565577126
2021-06-11,-0.001382983183282449,-0.001382983183282449
2021-06-14,0.012365218859713423,0.012365218859713423
2021-06-15,-0.011412967156198994,-0.011412967156198994
2021-06-16,-0.0029257248776070055,-0.0029257248776070055
2021-06-17,0.002081754724481799,0.002081754724481799
2021-06-18,-0.009279187443718584,-0.009279187443718584
2021-06-21,0.017693844721200058,0.017693844721200058
2021-06-22,-0.016267669571699006,-0.016267669571699006
2021-06-23,-0.01117077876995587,-0.01117077876995587
2021-06-24,0.0016340265368910423,-0.0016340265368910423
2021-06-25,-0.010573546216624763,0.010573546216624763
2021-06-28,0.0005495657974008417,-0.0005495657974008417
2021-06-29,0.0019123348752239089,-0.0019123348752239089
2021-06-30,0.0061525627189789045,-0.0061525627189789045
2021-07-01,0.002845568121476516,-0.002845568121476516
2021-07-02,0.01527448746628024,-0.01527448746628024
2021-07-05,0.0027943320568155627,-0.0027943320568155627
2021-07-06,0.005783366137567025,-0.005783366137567025
2021-07-07,0.02099674715441613,-0.02099674715441613
2021-07-08,0.006910113999258671,0.006910113999258671
2021-07-09,0.005123045894754208,0.005123045894754208
2021-07-12,-1.8953778626262796e-05,-1.8953778626262796e-05
2021-07-13,-0.01620424616219518,-0.01620424616219518
2021-07-14,-0.0019912540060609274,-0.0019912540060609274
2021-07-15,-0.017917971701786106,-0.017917971701786106
2021-07-16,0.007909445427450645,0.007909445427450645
2021-07-19,0.0010566935104516784,0.0010566935104516784
2021-07-20,0.026488634032176828,0.026488634032176828
2021-07-21,-0.005903685410420634,-0.005903685410420634
2021-07-22,-0.0062453160358105775,0.0062453160358105775
2021-07-23,0.002371178456848533,-0.002371178456848533
2021-07-26,-0.0003270253931640932,0.0003270253931640932
2021-07-27,-0.0043286786842710034,0.0043286786842710034
2021-07-28,-0.001217291958428568,0.001217291958428568
2021-07-29,-0.010504697802329543,0.010504697802329543
2021-07-30,-0.006725578014029399,0.006725578014029399
2021-08-02,0.025253954456814,-0.025253954456814
2021-08-03,-0.006546749575866095,0.006546749575866095
2021-08-04,0.0042902073669339735,-0.0042902073669339735
2021-08-05,-0.005503428000968924,-0.005503428000968924
2021-08-06,0.014898831489705167,0.014898831489705167
2021-08-09,-0.0025166404817753563,-0.0025166404817753563
2021-08-10,-3.8187074559270506e-05,-3.8187074559270506e-05
2021-08-11,-0.008314527683496387,-0.008314527683496387
2021-08-12,0.005762980791411909,0.005762980791411909
2021-08-13,0.006515641129930971,0.006515641129930971
2021-08-16,-0.0008948980912896198,-0.0008948980912896198
2021-08-17,0.002324893535142092,0.002324893535142092
2021-08-18,0.006578371208996181,0.006578371208996181
2021-08-19,0.01592279242493344,0.01592279242493344
2021-08-20,0.006600239615409675,0.006600239615409675
2021-08-23,-0.00648306867481796,-0.00648306867481796
2021-08-24,0.00016727861800736044,0.00016727861800736044
2021-08-25,-0.024926106592990105,-0.024926106592990105
2021-08-26,-0.006633888543473243,-0.006633888543473243
2021-08-27,0.007791176984366821,0.007791176984366821
2021-08-30,-0.009292404899738926,-0.009292404899738926
2021-08-31,-0.003824833916258541,-0.003824833916258541
2021-09-01,-0.006482828884837311,-0.006482828884837311
2021-09-02,0.006855257473817877,-0.006855257473817877
2021-09-03,-0.000540058608131333,0.000540058608131333
2021-09-06,0.0015438452227298782,-0.0015438452227298782
2021-09-07,-0.003949999444127883,0.003949999444127883
2021-09-08,5.802150540801243e-05,-5.802150540801243e-05
2021-09-09,0.029209227522144943,-0.029209227522144943
2021-09-10,-0.02332447609616939,0.02332447609616939
2021-09-13,0.009718155415976648,-0.009718155415976648
2021-09-14,-0.006441799832548112,0.006441799832548112
2021-09-15,0.004929811221624947,-0.004929811221624947
2021-09-16,-0.0032831305288086865,-0.0032831305288086865
2021-09-17,0.006721945329700052,0.006721945329700052
2021-09-20,0.006258532847727594,0.006258532847727594
2021-09-21,0.006333099107975526,0.006333099107975526
2021-09-22,-0.01020068866920587,-0.01020068866920587
2021-09-23,0.0035681563382266024,0.0035681563382266024
2021-09-24,0.002685427172656185,0.002685427172656185
2021-09-27,0.0066202651523668,0.0066202651523668
2021-09-28,0.01000562876926514,0.01000562876926514
2021-09-29,0.00690115288724269,0.00690115288724269
2021-09-30,-0.002450427858479598,0.002450427858479598
2021-10-01,0.005060675795998337,-0.005060675795998337
2021-10-04,-0.013561954393558007,0.013561954393558007
2021-10-05,0.015890752508904926,-0.015890752508904926
2021-10-06,0.004089386770365522,-0.004089386770365522
2021-10-07,0.0029951347022492136,-0.0029951347022492136
2021-10-08,0.004570409388479968,-0.004570409388479968
2021-10-11,-0.001830771129581077,0.001830771129581077
2021-10-12,0.005284269213631232,-0.005284269213631232
2021-10-13,-0.0008128454560888398,0.0008128454560888398
2021-10-14,-0.003434882740209866,-0.003434882740209866
2021-10-15,-5.440917603405371e-05,-5.440917603405371e-05
2021-10-18,-0.009760187807511866,-0.009760187807511866
2021-10-19,0.009691542674498788,0.009691542674498788
2021-10-20,0.013064073007571952,0.013064073007571952
2021-10-21,0.002328374111977949,0.002328374111977949
2021-10-22,0.01098941641874629,0.01098941641874629
2021-10-25,-0.0015200669314899828,-0.0015200669314899828
2021-10-26,-0.016781136452897694,-0.016781136452897694
2021-10-27,0.0018723567769400873,0.0018723567769400873
2021-10-28,-0.005355078232813004,-0.005355078232813004
2021-10-29,0.019855465355173463,0.019855465355173463
2021-11-01,-0.0019840832395903174,-0.0019840832395903174
2021-11-02,0.008023123686755396,0.008023123686755396
2021-11-03,-5.281490868314087e-05,-5.281490868314087e-05
2021-11-04,-0.022223739296543865,-0.022223739296543865
2021-11-05,0.008878992139194741,0.008878992139194741
2021-11-08,-0.010818109819047517,-0.010818109819047517
2021-11-09,0.00036091300146501304,0.00036091300146501304
2021-11-10,-0.0115458235004825,-0.0115458235004825
2021-11-11,0.0019711055370408292,0.0019711055370408292
2021-11-12,-0.016739894494602003,-0.016739894494602003
2021-11-15,0.01104119226608602,0.01104119226608602
2021-11-16,-0.00023826130581350302,-0.00023826130581350302
2021-11-17,0.00841235758375003,0.00841235758375003
2021-11-18,0.004816209447133346,0.004816209447133346
2021-11-19,0.005010209992234227,0.005010209992234227
2021-11-22,0.009934508262737562,0.009934508262737562
2021-11-23,-0.00463326381936402,-0.00463326381936402
2021-11-24,-0.0027212227028308167,-0.0027212227028308167
2021-11-25,0.006247230776710966,0.006247230776710966
2021-11-26,-0.0071540038091167935,-0.0071540038091167935
2021-11-29,0.007672784381546505,0.007672784381546505
2021-11-30,-0.0012661124285728853,-0.0012661124285728853
2021-12-01,0.003601543703602994,0.003601543703602994
2021-12-02,0.012577388136450374,0.012577388136450374
2021-12-03,-0.008476567811495195,-0.008476567811495195
2021-12-06,0.0012008546921884466,0.0012008546921884466
2021-12-07,0.006708095354961419,0.006708095354961419
2021-12-08,-0.013396625471838619,-0.013396625471838619
2021-12-09,-0.01429134904006335,-0.01429134904006335
2021-12-10,0.007140833849542005,0.007140833849542005
2021-12-13,0.006742104468511201,0.006742104468511201
2021-12-14,0.012665896686976152,0.012665896686976152
2021-12-15,0.00015850635964786974,0.00015850635964786974
2021-12-16,-0.0002112803387066542,-0.0002112803387066542
2021-12-17,0.0014085813729238783,0.0014085813729238783
2021-12-20,0.0009951923907272064,0.0009951923907272064
2021-12-21,0.008473507296796523,0.008473507296796523
2021-12-22,0.00047025097797992466,0.00047025097797992466
2021-12-23,-0.015842632446627092,-0.015842632446627092
2021-12-24,0.003324954450367734,0.003324954450367734
2021-12-27,-0.00012266051755505103,-0.00012266051755505103
2021-12-28,-0.008287621480550289,-0.008287621480550289
2021-12-29,0.0006045142888779775,0.0006045142888779775
2021-12-30,0.01336296403499726,0.01336296403499726
2021-12-31,-0.023234637707201578,-0.023234637707201578
2022-01-03,-0.0001615366993917844,-0.0001615366993917844
2022-01-04,0.020092264600991783,0.020092264600991783
2022-01-05,-0.0008801158939563125,-0.0008801158939563125
2022-01-06,0.0051857154834056285,0.0051857154834056285
2022-01-07,-0.004072262582419661,-0.004072262582419661
2022-01-10,-0.00883437637961082,-0.00883437637961082
2022-01-11,0.005326552868164303,0.005326552868164303
2022-01-12,-0.016760293112279112,-0.016760293112279112
2022-01-13,-0.006125061817618738,-0.006125061817618738
2022-01-14,-0.0011746850924438945,-0.0011746850924438945
2022-01-17,0.0011941851526229286,0.0011941851526229286
2022-01-18,-0.003162655910534218,-0.003162655910534218
2022-01-19,0.009046748420635797,0.009046748420635797
2022-01-20,-0.02308783863495567,-0.02308783863495567
2022-01-21,-0.0035128722440032067,-0.0035128722440032067
2022-01-24,0.007198101768973508,0.007198101768973508
2022-01-25,0.005314229671747661,0.005314229671747661
2022-01-26,-0.008274790168537938,-0.008274790168537938
2022-01-27,-0.002120511485424692,-0.002120511485424692
2022-01-28,-0.004730370879907464,-0.004730370879907464
2022-01-31,-0.007566408155222248,-0.007566408155222248
2022-02-01,-0.01109531612803527,-0.01109531612803527
2022-02-02,-0.007278755286988403,-0.007278755286988403
2022-02-03,-0.0006838485037349296,-0.0006838485037349296
2022-02-04,0.0041817627937950075,0.0041817627937950075
2022-02-07,0.008328787213048416,0.008328787213048416
2022-02-08,-0.012070821717650393,-0.012070821717650393
2022-02-09,-0.0007980811259250542,-0.0007980811259250542
2022-02-10,-0.0045451149037547545,-0.0045451149037547545
2022-02-11,0.0027128113014736055,0.0027128113014736055
2022-02-14,0.00023929526182664418,0.00023929526182664418
2022-02-15,-0.006848801212284594,-0.006848801212284594
2022-02-16,-0.010759563881498235,-0.010759563881498235
2022-02-17,-0.004284684151651619,0.004284684151651619
2022-02-18,0.006775975198302309,-0.006775975198302309
2022-02-21,-0.006401603019827284,0.006401603019827284
2022-02-22,-0.006773640310974827,0.006773640310974827
2022-02-23,-0.008936526190018279,0.008936526190018279
2022-02-24,-0.009570688134004302,0.009570688134004302
2022-02-25,0.022660594696975123,-0.022660594696975123
2022-02-28,0.007262499311117221,-0.007262499311117221
2022-03-01,-0.00019380693945292293,0.00019380693945292293
2022-03-02,0.000116288216925442,-0.000116288216925442
2022-03-03,-0.012114196539543043,-0.012114196539543043
2022-03-04,-0.012872116862979288,-0.012872116862979288
2022-03-07,0.005895610110627336,0.005895610110627336
2022-03-08,0.009868399975727415,0.009868399975727415
2022-03-09,-0.01011635648068887,-0.01011635648068887
2022-03-10,-0.009350110042602222,-0.009350110042602222
2022-03-11,-0.0003591859352873872,-0.0003591859352873872
2022-03-14,0.012735360840776089,0.012735360840776089
2022-03-15,0.009441159273944288,0.009441159273944288
2022-03-16,0.00816183526166836,0.00816183526166836
2022-03-17,-0.01730030850529851,0.01730030850529851
2022-03-18,-0.006794580086793234,0.006794580086793234
2022-03-21,-0.0042862733654366325,0.0042862733654366325
2022-03-22,-0.016461326137220733,0.016461326137220733
2022-03-23,-0.005106250178142369,0.005106250178142369
2022-03-24,-0.01747447998526952,0.01747447998526952
2022-03-25,0.0004353034239816811,-0.0004353034239816811
2022-03-28,-0.018523566452946394,0.018523566452946394
2022-03-29,0.00574219908820206,-0.00574219908820206
2022-03-30,-0.0016582854921438628,0.0016582854921438628
2022-03-31,0.002838445415768387,-0.002838445415768387
2022-04-01,-0.006688036712971801,0.006688036712971801
2022-04-04,-0.01701217012633094,0.01701217012633094
2022-04-05,-0.013613285585453494,0.013613285585453494
2022-04-06,0.012386264872875419,-0.012386264872875419
2022-04-07,0.013868848509082987,-0.013868848509082987
2022-04-08,0.007825764315303463,-0.007825764315303463
2022-04-11,-0.011363376385578161,0.011363376385578161
2022-04-12,-0.0009578153244361731,0.0009578153244361731
2022-04-13,-0.0043676884116770065,0.0043676884116770065
2022-04-14,0.003659210663128132,0.003659210663128132
2022-04-15,0.002302750836666201,0.002302750836666201
2022-04-18,-8.510239471448688e-05,-8.510239471448688e-05
2022-04-19,-0.010339147197372056,-0.010339147197372056
2022-04-20,0.002794499480368362,0.002794499480368362
2022-04-21,-0.009474800408127648,-0.009474800408127648
2022-04-22,0.0,0.0
2022-04-25,0.03774235025571393,0.03774235025571393
2022-04-26,0.0168919607611695,0.0168919607611695
2022-04-27,0.024937383466457907,0.024937383466457907
2022-04-28,-0.006842954005220392,0.006842954005220392
2022-04-29,-0.005197886069392532,0.005197886069392532
2022-05-02,0.006784437405441102,-0.006784437405441102
2022-05-03,0.02281093066164619,-0.02281093066164619
2022-05-04,-0.024898275773302503,0.024898275773302503
2022-05-05,-0.007926416602446862,0.007926416602446862
2022-05-06,0.022200537425775213,-0.022200537425775213
2022-05-09,0.010421661381120773,-0.010421661381120773
2022-05-10,0.01584523384815495,-0.01584523384815495
2022-05-11,-0.005735461405470765,0.005735461405470765
2022-05-12,0.0005753120772975517,0.0005753120772975517
2022-05-13,-0.0001659653616266077,-0.0001659653616266077
2022-05-16,-0.014629669537560619,-0.014629669537560619
2022-05-17,0.0002767716211804494,0.0002767716211804494
2022-05-18,-0.02403307523541698,-0.02403307523541698
2022-05-19,0.00595377766550742,0.00595377766550742
2022-05-20,-0.007549145422416248,-0.007549145422416248
2022-05-23,-0.010101403826052513,-0.010101403826052513
2022-05-24,-0.01366746914682182,-0.01366746914682182
2022-05-25,0.0008933452908330697,0.0008933452908330697
2022-05-26,0.0010378418353191865,-0.0010378418353191865
2022-05-27,-0.011321273325624603,0.011321273325624603
2022-05-30,-0.00809529143049148,0.00809529143049148
2022-05-31,0.004820697088022685,-0.004820697088022685
2022-06-01,-0.0046292055239023355,0.0046292055239023355
2022-06-02,0.01798995763060396,-0.01798995763060396
2022-06-03,-0.0041116623848196365,0.0041116623848196365
2022-06-06,-0.00431636206572894,0.00431636206572894
2022-06-07,0.004020910532269051,-0.004020910532269051
2022-06-08,0.015294754433137436,-0.015294754433137436
2022-06-09,0.006281187726184134,0.006281187726184134
2022-06-10,0.0010616176307380876,0.0010616176307380876
2022-06-13,0.0164583853003486,0.0164583853003486
2022-06-14,0.025963035937102585,0.025963035937102585
2022-06-15,0.0005279954627079864,0.0005279954627079864
2022-06-16,-0.012529033979017501,-0.012529033979017501
2022-06-17,3.9547657853633567e-05,3.9547657853633567e-05
2022-06-20,0.01977361324165572,0.01977361324165572
2022-06-21,0.006812752591756732,0.006812752591756732
2022-06-22,-0.012415213451087759,-0.012415213451087759
2022-06-23,0.013820626642304212,0.013820626642304212
2022-06-24,0.008548932684855792,0.008548932684855792
2022-06-27,0.0006490738817221953,0.0006490738817221953
2022-06-28,-0.0008775463491124125,-0.0008775463491124125
2022-06-29,0.005690486002742912,0.005690486002742912
2022-06-30,-0.016272364133871897,-0.016272364133871897
2022-07-01,0.013723437398615035,0.013723437398615035
2022-07-04,0.015041888493098288,0.015041888493098288
2022-07-05,-0.0005064438313808761,-0.0005064438313808761
2022-07-06,0.01067883272755088,0.01067883272755088
2022-07-07,0.007947699149154053,0.007947699149154053
2022-07-08,-0.016543824875315583,-0.016543824875315583
2022-07-11,-0.015773089044884836,-0.015773089044884836
2022-07-12,0.023448788607676407,0.023448788607676407
2022-07-13,0.011028034001826503,0.011028034001826503
2022-07-14,-0.008387737851747956,-0.008387737851747956
2022-07-15,0.005917365977396782,0.005917365977396782
2022-07-18,-0.0023419784468340366,-0.0023419784468340366
2022-07-19,0.004935217448709173,0.004935217448709173
2022-07-20,-0.004359225511489595,-0.004359225511489595
2022-07-21,0.01054853937507394,0.01054853937507394
2022-07-22,0.005045484852867155,0.005045484852867155
2022-07-25,-0.00020009155467926032,-0.00020009155467926032
2022-07-26,-0.02554258695466416,-0.02554258695466416
2022-07-27,-0.0011574849939575138,-0.0011574849939575138
2022-07-28,-0.020018319117167227,-0.020018319117167227
2022-07-29,-0.011501024795168346,-0.011501024795168346
2022-08-01,-0.002218989760702783,-0.002218989760702783
2022-08-02,0.002475289521458812,0.002475289521458812
2022-08-03,0.018074832527505524,0.018074832527505524
2022-08-04,0.0009474040757890823,0.0009474040757890823
2022-08-05,-0.013553667535456837,-0.013553667535456837
2022-08-08,-0.008923299320334754,-0.008923299320334754
2022-08-09,-0.0105526282964441,-0.0105526282964441
2022-08-10,0.0026614645464033693,0.0026614645464033693
2022-08-11,-0.005855184530214386,-0.005855184530214386
2022-08-12,0.012427142076543163,0.012427142076543163
2022-08-15,-0.01592009182050913,-0.01592009182050913
2022-08-16,0.004078893625825586,0.004078893625825586
2022-08-17,0.009054627966710083,0.009054627966710083
2022-08-18,0.004523969563965835,0.004523969563965835
2022-08-19,0.0003871936217374472,0.0003871936217374472
2022-08-22,0.0002709490896257716,0.0002709490896257716
2022-08-23,-0.0023798496529174873,-0.0023798496529174873
2022-08-24,-0.010201491243280736,-0.010201491243280736
2022-08-25,0.0012932111785544098,0.0012932111785544098
2022-08-26,-0.0002739660580688419,-0.0002739660580688419
2022-08-29,-0.009043357489275428,-0.009043357489275428
2022-08-30,-0.006972795651282837,-0.006972795651282837
2022-08-31,0.018837495113965375,0.018837495113965375
2022-09-01,0.011675383560229458,0.011675383560229458
2022-09-02,0.011328252358810298,0.011328252358810298
2022-09-05,-0.013243232545474659,-0.013243232545474659
2022-09-06,-0.0033068762942771723,-0.0033068762942771723
2022-09-07,0.018102769372879468,0.018102769372879468
2022-09-08,-9.532744659845882e-05,-9.532744659845882e-05
2022-09-09,-0.00636582673270969,-0.00636582673270969
2022-09-12,-0.012851818649872171,-0.012851818649872171
2022-09-13,-0.010551237411134506,-0.010551237411134506
2022-09-14,0.019206554956418875,0.019206554956418875
2022-09-15,-0.005221706134043824,-0.005221706134043824
2022-09-16,0.016154293256828156,0.016154293256828156
2022-09-19,0.0008768510150412023,0.0008768510150412023
2022-09-20,-0.0151979981684629,-0.0151979981684629
2022-09-21,-0.005685639361931338,-0.005685639361931338
2022-09-22,0.005620956239583252,0.005620956239583252
2022-09-23,-0.01061816645862379,-0.01061816645862379
2022-09-26,0.02801291314740406,0.02801291314740406
2022-09-27,0.024834558235147686,0.024834558235147686
2022-09-28,-0.002096724489535018,-0.002096724489535018
2022-09-29,-0.0007251726773660483,-0.0007251726773660483
2022-09-30,0.004093690846752818,0.004093690846752818
2022-10-03,0.003354172241047948,0.003354172241047948
2022-10-04,-0.04632180233402994,-0.04632180233402994
2022-10-05,0.002382108046030451,0.002382108046030451
2022-10-06,0.0037482360903220435,0.0037482360903220435
2022-10-07,0.00479287798835526,0.00479287798835526
2022-10-10,-0.004156990422242157,-0.004156990422242157
2022-10-11,-0.002231459199299901,-0.002231459199299901
2022-10-12,0.02030152494486792,0.02030152494486792
2022-10-13,-0.00011335030524395329,-0.00011335030524395329
2022-10-14,-0.005990765138216503,-0.005990765138216503
2022-10-17,0.012852247384548487,0.012852247384548487
2022-10-18,-0.00939317430288722,-0.00939317430288722
2022-10-19,-0.007117012956221802,-0.007117012956221802
2022-10-20,0.005610876743172621,0.005610876743172621
2022-10-21,-0.009982522667004945,-0.009982522667004945
2022-10-24,-0.01019816904986226,-0.01019816904986226
2022-10-25,0.027656166380460423,0.027656166380460423
2022-10-26,0.0016960959777885254,0.0016960959777885254
2022-10-27,0.012925255019789583,0.012925255019789583
2022-10-28,-0.0083025584328984,-0.0083025584328984
2022-10-31,-0.00949583973155943,-0.00949583973155943
2022-11-01,-0.02074307073582149,-0.02074307073582149
2022-11-02,-0.007028716575339211,-0.007028716575339211
2022-11-03,3.8945164651860154e-05,3.8945164651860154e-05
2022-11-04,-0.005386370131186369,-0.005386370131186369
2022-11-07,-0.007188402273462291,-0.007188402273462291
2022-11-08,0.014807577550925544,0.014807577550925544
2022-11-09,-0.002003921419853838,-0.002003921419853838
2022-11-10,0.008205344636991407,0.008205344636991407
2022-11-11,0.030158854671255675,0.030158854671255675
2022-11-14,-0.01170458587917178,-0.01170458587917178
2022-11-15,0.009876985696580576,0.009876985696580576
2022-11-16,9.373599382556108e-05,9.373599382556108e-05
2022-11-17,0.012622675992285393,0.012622675992285393
2022-11-18,0.004278551319476076,0.004278551319476076
2022-11-21,-0.00752477713418942,-0.00752477713418942
2022-11-22,-0.011651421606173828,-0.011651421606173828
2022-11-23,0.007351500769281705,0.007351500769281705
2022-11-24,0.00011205143935377748,0.00011205143935377748
2022-11-25,-0.007147796108806781,-0.007147796108806781
2022-11-28,0.016635342111379403,0.016635342111379403
2022-11-29,-0.008098428848730799,-0.008098428848730799
2022-11-30,-0.017987943922234795,-0.017987943922234795
2022-12-01,-0.016440301311994587,-0.016440301311994587
2022-12-02,0.0003880705797039141,0.0003880705797039141
2022-12-05,0.006636311946584872,0.006636311946584872
2022-12-06,0.011881999890523076,0.011881999890523076
2022-12-07,-0.008712121588413169,-0.008712121588413169
2022-12-08,-0.005731793776774241,-0.005731793776774241
2022-12-09,0.0039008284999815235,0.0039008284999815235
2022-12-12,0.0020481645424565986,0.0020481645424565986
2022-12-13,0.016485175556681275,0.016485175556681275
2022-12-14,-0.005355849125078693,-0.005355849125078693
2022-12-15,-0.0029473488095197453,-0.0029473488095197453
2022-12-16,0.006556465470465511,0.006556465470465511
2022-12-19,-0.0009960813856663142,-0.0009960813856663142
2022-12-20,-0.0028095289272030977,-0.0028095289272030977
2022-12-21,-0.017612858634855844,-0.017612858634855844
2022-12-22,0.0002885752719610224,-0.0002885752719610224
2022-12-23,-0.006596343450758879,0.006596343450758879
2022-12-26,-0.0002516373969726482,0.0002516373969726482
2022-12-27,0.010301540434347167,-0.010301540434347167
2022-12-28,0.014336370194146575,-0.014336370194146575
2022-12-29,-0.0048183769751534156,0.0048183769751534156
2022-12-30,0.00337963365347016,-0.00337963365347016
2023-01-02,0.0001703569980677777,-0.0001703569980677777
2023-01-03,0.014119900975208877,-0.014119900975208877
2023-01-04,0.022083248932546873,-0.022083248932546873
2023-01-05,-0.008834521531306594,-0.008834521531306594
2023-01-06,-0.014787914552003012,-0.014787914552003012
2023-01-09,-0.02344014052871546,-0.02344014052871546
2023-01-10,0.005608248943239413,0.005608248943239413
2023-01-11,-0.010544929676114312,-0.010544929676114312
2023-01-12,-0.007656289773313563,-0.007656289773313563
2023-01-13,-0.009847886317810639,-0.009847886317810639
2023-01-16,-0.005286127041625677,-0.005286127041625677
2023-01-17,0.012852557484748894,0.012852557484748894
2023-01-18,-0.009016725809548265,-0.009016725809548265
2023-01-19,0.016805247041601135,-0.016805247041601135
2023-01-20,-0.002372093185788793,0.002372093185788793
2023-01-23,0.006437255722345547,-0.006437255722345547
2023-01-24,-7.675115827388002e-05,7.675115827388002e-05
2023-01-25,-0.012966079246249484,0.012966079246249484
2023-01-26,-0.012883437518501739,0.012883437518501739
2023-01-27,-0.0018640289234715945,0.0018640289234715945
2023-01-30,0.008780819613489088,-0.008780819613489088
2023-01-31,0.0015076688226356438,-0.0015076688226356438
2023-02-01,-0.008348215946286652,0.008348215946286652
2023-02-02,-0.003686693477045644,-0.003686693477045644
2023-02-03,-0.0008509186392321455,-0.0008509186392321455
2023-02-06,0.019923901731429217,0.019923901731429217
2023-02-07,-0.0007961175242801044,-0.0007961175242801044
2023-02-08,0.012359846784196327,0.012359846784196327
2023-02-09,-0.0018812426233631996,-0.0018812426233631996
2023-02-10,0.017309385736172578,0.017309385736172578
2023-02-13,-0.014371372787929104,-0.014371372787929104
2023-02-14,-0.01056545106556328,-0.01056545106556328
2023-02-15,0.006416743136799852,0.006416743136799852
2023-02-16,0.005104449056314353,0.005104449056314353
2023-02-17,-0.00022991995112098262,-0.00022991995112098262
2023-02-20,-0.009897149314976206,-0.009897149314976206
2023-02-21,0.0002964325437329052,0.0002964325437329052
2023-02-22,-3.8669706714733465e-05,-3.8669706714733465e-05
2023-02-23,-0.0029614388123750945,-0.0029614388123750945
2023-02-24,-0.0029119170322569055,-0.0029119170322569055
2023-02-27,0.013940259531915578,0.013940259531915578
2023-02-28,-0.001555365594694047,-0.001555365594694047
2023-03-01,0.006961949224732589,0.006961949224732589
2023-03-02,-0.011000978281637597,0.011000978281637597
2023-03-03,0.004113380115550402,-0.004113380115550402
2023-03-06,-0.0010001511323185497,0.0010001511323185497
2023-03-07,-0.008124059182007204,0.008124059182007204
2023-03-08,0.007336639411558377,-0.007336639411558377
2023-03-09,-0.008786115016612639,0.008786115016612639
2023-03-10,0.003751649080338426,-0.003751649080338426
2023-03-13,0.010050914834375257,-0.010050914834375257
2023-03-14,0.005771122918774463,-0.005771122918774463
2023-03-15,0.0011438019894500773,-0.0011438019894500773
2023-03-16,0.006740658129171573,0.006740658129171573
2023-03-17,-0.010875505914039962,-0.010875505914039962
2023-03-20,0.009216791130989277,0.009216791130989277
2023-03-21,-0.00797679943052032,-0.00797679943052032
2023-03-22,0.000993164062233154,0.000993164062233154
2023-03-23,-0.0009158432326773491,-0.0009158432326773491
2023-03-24,0.011573461478287195,0.011573461478287195
2023-03-27,-0.009741910886627902,-0.009741910886627902
2023-03-28,-0.009151371501154748,-0.009151371501154748
2023-03-29,-0.006291982216161007,-0.006291982216161007
2023-03-30,-0.005847727516986256,0.005847727516986256
2023-03-31,-0.008083068594076148,0.008083068594076148
2023-04-03,-0.005969289241384401,0.005969289241384401
2023-04-04,0.00015796295792180892,-0.00015796295792180892
2023-04-05,0.0015011174326078347,-0.0015011174326078347
2023-04-06,-0.007395503623320976,0.007395503623320976
2023-04-07,0.00498693320992083,-0.00498693320992083
2023-04-10,-0.0007710201258971372,0.0007710201258971372
2023-04-11,0.002156540968287768,-0.002156540968287768
2023-04-12,-0.012101909269052413,0.012101909269052413
2023-04-13,-0.017406080283403624,-0.017406080283403624
2023-04-14,0.001993116996607869,0.001993116996607869
2023-04-17,-0.0036535866734532796,-0.0036535866734532796
2023-04-18,0.006335648208861455,0.006335648208861455
2023-04-19,0.00900853331783713,0.00900853331783713
2023-04-20,0.01805663248295808,0.01805663248295808
2023-04-21,-0.005242079699082192,-0.005242079699082192
2023-04-24,3.967581458708125e-05,3.967581458708125e-05
2023-04-25,-0.0028725094731695267,-0.0028725094731695267
2023-04-26,0.003913865403917471,0.003913865403917471
2023-04-27,-0.0019987507925502968,0.0019987507925502968
2023-04-28,-0.013246106397371116,0.013246106397371116
2023-05-01,0.0019693655944394983,-0.0019693655944394983
2023-05-02,0.0003810106728894258,-0.0003810106728894258
2023-05-03,0.010124580512531844,-0.010124580512531844
2023-05-04,-0.008732960316917282,0.008732960316917282
2023-05-05,-0.0023626085734449465,0.0023626085734449465
2023-05-08,-0.006201581545887902,0.006201581545887902
2023-05-09,0.011369768773903388,-0.011369768773903388
2023-05-10,-0.004412933751149817,0.004412933751149817
2023-05-11,-0.008624269451874889,-0.008624269451874889
2023-05-12,-0.002710974798121546,-0.002710974798121546
2023-05-15,-0.0018866480858656942,-0.0018866480858656942
2023-05-16,-0.006564773031340954,-0.006564773031340954
2023-05-17,0.010536287924232113,0.010536287924232113
2023-05-18,-0.0003442525891106385,-0.0003442525891106385
2023-05-19,0.005407380145854512,0.005407380145854512
2023-05-22,0.00652649513245529,0.00652649513245529
2023-05-23,-0.0061438781324526515,-0.0061438781324526515
2023-05-24,0.0010269171352286222,0.0010269171352286222
2023-05-25,-0.0025345882473912784,0.0025345882473912784
2023-05-26,0.015447923624508642,-0.015447923624508642
2023-05-29,-0.008420694762481085,0.008420694762481085
2023-05-30,0.005067206358796206,-0.005067206358796206
2023-05-31,0.003328006318679355,-0.003328006318679355
2023-06-01,0.003972348597242714,-0.003972348597242714
2023-06-02,-0.008249562009394862,0.008249562009394862
2023-06-05,-0.01127046266357834,0.01127046266357834
2023-06-06,-0.0062543146805731364,0.0062543146805731364
2023-06-07,-0.0027610590478048813,0.0027610590478048813
2023-06-08,0.002117226799839278,0.002117226799839278
2023-06-09,-6.0931775688555234e-05,-6.0931775688555234e-05
2023-06-12,-0.008979895357587697,-0.008979895357587697
2023-06-13,-0.003546634514528191,-0.003546634514528191
2023-06-14,8.23080229133133e-05,8.23080229133133e-05
2023-06-15,-0.009463074107615155,-0.009463074107615155
2023-06-16,-0.0012046203787027254,-0.0012046203787027254
2023-06-19,-0.0004573837431758321,-0.0004573837431758321
2023-06-20,-0.006261773373898105,-0.006261773373898105
2023-06-21,0.0025958573092024206,0.0025958573092024206
2023-06-22,-0.0056375567633656365,0.0056375567633656365
2023-06-23,0.0015615883704720446,-0.0015615883704720446
2023-06-26,0.0033048538203512834,-0.0033048538203512834
2023-06-27,-0.003803138745312906,0.003803138745312906
2023-06-28,0.009061736172117918,-0.009061736172117918
2023-06-29,0.008315135775424087,-0.008315135775424087
2023-06-30,0.0010513912575367268,-0.0010513912575367268
2023-07-03,-0.014704607150927362,0.014704607150927362
2023-07-04,0.004661127387636688,-0.004661127387636688
2023-07-05,0.006948935615921581,-0.006948935615921581
2023-07-06,0.0015082749704777854,0.0015082749704777854
2023-07-07,0.014750846383019045,0.014750846383019045
2023-07-10,-0.009718027520774553,-0.009718027520774553
2023-07-11,0.005604689095995763,0.005604689095995763
2023-07-12,-0.009534114660148196,-0.009534114660148196
2023-07-13,-0.0071318680054996975,-0.0071318680054996975
2023-07-14,-0.004588007389991322,-0.004588007389991322
2023-07-17,-0.0013973552979963388,-0.0013973552979963388
2023-07-18,0.003696705619839147,0.003696705619839147
2023-07-19,0.0007282834844455355,0.0007282834844455355
2023-07-20,-0.004033876031855788,0.004033876031855788
2023-07-21,0.0014614020619705403,-0.0014614020619705403
2023-07-24,-0.004065079442710173,0.004065079442710173
2023-07-25,-0.010863630801440594,0.010863630801440594
2023-07-26,0.0049518208307248734,-0.0049518208307248734
2023-07-27,-0.0026743205881215593,0.0026743205881215593
2023-07-28,0.0011401927665768419,-0.0011401927665768419
2023-07-31,-0.0038594686005106738,0.0038594686005106738
2023-08-01,0.00029640164765387667,-0.00029640164765387667
2023-08-02,0.014244257456339726,-0.014244257456339726
2023-08-03,0.0038397731560571025,0.0038397731560571025
2023-08-04,0.022035578411877754,0.022035578411877754
2023-08-07,-0.006305454724619852,-0.006305454724619852
2023-08-08,0.0027838764342253963,0.0027838764342253963
2023-08-09,-8.166286222199837e-05,-8.166286222199837e-05
2023-08-10,0.0006328171929257387,0.0006328171929257387
2023-08-11,-0.002080915521114113,-0.002080915521114113
2023-08-14,0.003986461977464106,0.003986461977464106
2023-08-15,0.01040526499709249,0.01040526499709249
2023-08-16,0.004252240810787455,0.004252240810787455
2023-08-17,0.0007424505249877811,0.0007424505249877811
2023-08-18,-0.0022859384141973305,-0.0022859384141973305
2023-08-21,-0.0017285166919357442,-0.0017285166919357442
2023-08-22,0.002375785592334534,0.002375785592334534
2023-08-23,-0.00835564022955071,-0.00835564022955071
2023-08-24,-0.016608895880169783,-0.016608895880169783
2023-08-25,0.005190395528999803,0.005190395528999803
2023-08-28,-0.0020285828714012855,-0.0020285828714012855
2023-08-29,0.0004517342866421359,0.0004517342866421359
2023-08-30,-0.0043714475872046465,-0.0043714475872046465
2023-08-31,0.0076475000326816645,-0.0076475000326816645
2023-09-01,0.013378635658920723,-0.013378635658920723
2023-09-04,0.0045418790413434,-0.0045418790413434
2023-09-05,-0.008058120035181915,0.008058120035181915
2023-09-06,0.006178828708992556,-0.006178828708992556
2023-09-07,0.002073843657668384,-0.002073843657668384
2023-09-08,-0.00018088577695518637,0.00018088577695518637
2023-09-11,0.0013865946672355633,-0.0013865946672355633
2023-09-12,-0.010756539549639066,0.010756539549639066
2023-09-13,0.003489267101070226,-0.003489267101070226
2023-09-14,-0.006307348956580139,-0.006307348956580139
2023-09-15,-0.009602515089479513,-0.009602515089479513
2023-09-18,-0.0002464406419406817,-0.0002464406419406817
2023-09-19,-0.0027326775704015205,-0.0027326775704015205
2023-09-20,0.0024928904728553913,0.0024928904728553913
2023-09-21,0.002671711065174165,0.002671711065174165
2023-09-22,0.011498707189550705,0.011498707189550705
2023-09-25,-0.00020262367218448762,-0.00020262367218448762
2023-09-26,0.006972169502329928,0.006972169502329928
2023-09-27,0.0036028401194707627,0.0036028401194707627
2023-09-28,0.011231044546147428,-0.011231044546147428
2023-09-29,-0.001864243928180298,0.001864243928180298
2023-10-02,0.0019869161603998098,-0.0019869161603998098
2023-10-03,0.0037082817125364542,-0.0037082817125364542
2023-10-04,0.020705274319142264,-0.020705274319142264
2023-10-05,-0.0022646143122591056,0.0022646143122591056
2023-10-06,0.0020175800510269237,-0.0020175800510269237
2023-10-09,-0.0037366861802158313,0.0037366861802158313
2023-10-10,-0.0020405298149483997,0.0020405298149483997
2023-10-11,-0.01639661649160873,0.01639661649160873
2023-10-12,-0.0002771716221950937,-0.0002771716221950937
2023-10-13,-0.0007327820533364893,-0.0007327820533364893
2023-10-16,0.0004558676373573878,0.0004558676373573878
2023-10-17,-0.0020997761088928923,-0.0020997761088928923
2023-10-18,-3.975536065548013e-05,-3.975536065548013e-05
2023-10-19,0.00371225705550815,0.00371225705550815
2023-10-20,0.0013449446923206043,0.0013449446923206043
2023-10-23,-0.006241481771284918,-0.006241481771284918
2023-10-24,-0.003776370550223618,-0.003776370550223618
2023-10-25,-0.004249513987226394,-0.004249513987226394
2023-10-26,0.000741290198441158,-0.000741290198441158
2023-10-27,-0.0018819730883481434,0.0018819730883481434
