date,CAD=X Long Only,CAD=X Using TFT
2017-06-27,-0.0003242328795690641,0.0003242328795690641
2017-06-28,-0.0056119383014990865,0.0056119383014990865
2017-06-29,-0.010953545904392792,0.010953545904392792
2017-06-30,-0.003527931706951315,0.003527931706951315
2017-07-03,-0.0013854503672499074,0.0013854503672499074
2017-07-04,0.00121004608373676,-0.00121004608373676
2017-07-05,-0.004526453161235455,0.004526453161235455
2017-07-06,0.002142107545469507,-0.002142107545469507
2017-07-07,0.0014892882094643678,-0.0014892882094643678
2017-07-10,-0.0075124309335175,0.0075124309335175
2017-07-12,0.0023134801727215937,-0.0023134801727215937
2017-07-13,-0.012470217990826482,0.012470217990826482
2017-07-14,-0.0018038752884793618,0.0018038752884793618
2017-07-17,-0.006678897198898359,0.006678897198898359
2017-07-18,0.00435862932602582,-0.00435862932602582
2017-07-19,-0.005127250835889274,0.005127250835889274
2017-07-20,-0.0025174772907051723,0.0025174772907051723
2017-07-21,-0.00030161842695586305,0.00030161842695586305
2017-07-24,-0.004898235529824713,0.004898235529824713
2017-07-25,-0.0023216066724103257,0.0023216066724103257
2017-07-26,8.79861281242178e-05,-8.79861281242178e-05
2017-07-27,-0.004357742045652868,0.004357742045652868
2017-07-28,0.007051078000611666,-0.007051078000611666
2017-07-31,-0.006252122914529146,0.006252122914529146
2017-08-01,0.003659294888351816,-0.003659294888351816
2017-08-02,0.003158231245625087,-0.003158231245625087
2017-08-03,0.0020324440436543245,-0.0020324440436543245
2017-08-04,-0.0002943251940659142,0.0002943251940659142
2017-08-07,0.005784377088460246,-0.005784377088460246
2017-08-08,0.0026897298284171978,-0.0026897298284171978
2017-08-09,-0.0003314347314818944,0.0003314347314818944
2017-08-10,0.001925762418552024,-0.001925762418552024
2017-08-11,0.0034815699432442226,-0.0034815699432442226
2017-08-14,-0.005165074748401777,0.005165074748401777
2017-08-15,0.004379203238411344,-0.004379203238411344
2017-08-16,0.0018697421404103576,-0.0018697421404103576
2017-08-17,-0.010068323638602994,0.010068323638602994
2017-08-18,0.004713037471065329,-0.004713037471065329
2017-08-21,-0.007749919878647926,0.007749919878647926
2017-08-22,-0.0021691380184036824,0.0021691380184036824
2017-08-23,0.0005495147535077294,-0.0005495147535077294
2017-08-24,-0.001750859396360993,0.001750859396360993
2017-08-25,-0.0024236645918873645,0.0024236645918873645
2017-08-28,-0.0032845933356775436,0.0032845933356775436
2017-08-29,0.0033996985692361648,-0.0033996985692361648
2017-08-30,2.391006310742405e-05,-2.391006310742405e-05
2017-08-31,0.009021594081038753,-0.009021594081038753
2017-09-01,-0.012306574259029701,0.012306574259029701
2017-09-04,-0.007496841986138425,0.007496841986138425
2017-09-05,0.0027790302583687865,-0.0027790302583687865
2017-09-06,-0.003609152097511781,0.003609152097511781
2017-09-07,-0.01090706087663229,0.01090706087663229
2017-09-08,-0.010177206052025989,0.010177206052025989
2017-09-11,0.0035263549722894805,-0.0035263549722894805
2017-09-12,-0.003629234912662982,0.003629234912662982
2017-09-13,0.005509071723580616,-0.005509071723580616
2017-09-14,-0.00039423083419776184,0.00039423083419776184
2017-09-15,-0.0005094891247435784,0.0005094891247435784
2017-09-18,0.0028775669739991017,-0.0028775669739991017
2017-09-19,0.006730663232876299,-0.006730663232876299
2017-09-20,0.0007817463726647045,-0.0007817463726647045
2017-09-21,0.00453219738047439,-0.00453219738047439
2017-09-22,-0.0017414904029249278,0.0017414904029249278
2017-09-25,0.0017931837543239126,-0.0017931837543239126
2017-09-26,0.0019602040249793173,-0.0019602040249793173
2017-09-27,-0.0005254953417579422,0.0005254953417579422
2017-09-28,0.009536010632292147,-0.009536010632292147
2017-09-29,-0.0036293047254980504,0.0036293047254980504
2017-10-02,0.0029671238194746152,-0.0029671238194746152
2017-10-03,0.0035115187122507496,-0.0035115187122507496
2017-10-04,-0.002141138574865753,0.002141138574865753
2017-10-05,-0.0008966800314462731,0.0008966800314462731
2017-10-06,0.007196118051108202,-0.007196118051108202
2017-10-09,-0.0025857701171360103,0.0025857701171360103
2017-10-10,0.0013161584528875725,-0.0013161584528875725
2017-10-11,-0.00356892824460886,0.00356892824460886
2017-10-12,-0.004764940498763304,0.004764940498763304
2017-10-13,0.002136753978343231,-0.002136753978343231
2017-10-16,0.00016034725213742718,-0.00016034725213742718
2017-10-17,0.0036868222760193525,-0.0036868222760193525
2017-10-18,-0.0019963724127453064,0.0019963724127453064
2017-10-19,-0.0025763819855663117,0.0025763819855663117
2017-10-20,0.0011952677762252506,-0.0011952677762252506
2017-10-23,0.01252334145528411,-0.01252334145528411
2017-10-24,0.00015829167249958864,-0.00015829167249958864
2017-10-25,0.002531794330357773,-0.002531794330357773
2017-10-26,0.009628283582826747,-0.009628283582826747
2017-10-27,0.004299287353378478,-0.004299287353378478
2017-10-30,-0.0012998154334455947,0.0012998154334455947
2017-10-31,-0.0005455385823150971,0.0005455385823150971
2017-11-01,0.005216585579788102,-0.005216585579788102
2017-11-02,-0.001310902741854414,0.001310902741854414
2017-11-03,-0.0051886405476573305,0.0051886405476573305
2017-11-06,-0.0037087747156242523,0.0037087747156242523
2017-11-07,-0.003636350387112519,0.003636350387112519
2017-11-08,0.003759701999288989,-0.003759701999288989
2017-11-09,-0.0026329658988599736,0.0026329658988599736
2017-11-10,-0.0038890676765024335,0.0038890676765024335
2017-11-13,0.0010648471711593999,-0.0010648471711593999
2017-11-14,0.003537637270827121,-0.003537637270827121
2017-11-15,-0.00013346663773949885,0.00013346663773949885
2017-11-17,0.0017982022096638683,-0.0017982022096638683
2017-11-20,0.0026728394104260644,-0.0026728394104260644
2017-11-21,0.0016651279361181714,-0.0016651279361181714
2017-11-22,-0.003067104244050989,0.003067104244050989
2017-11-23,-0.005401653363952819,0.005401653363952819
2017-11-24,0.0005982514468847455,-0.0005982514468847455
2017-11-27,0.00011008896951669733,-0.00011008896951669733
2017-11-28,0.003492267804414917,-0.003492267804414917
2017-11-29,0.004412698240657598,-0.004412698240657598
2017-11-30,0.0036911559516412673,-0.0036911559516412673
2017-12-01,0.002285756019688945,-0.002285756019688945
2017-12-04,-0.013443017396748136,0.013443017396748136
2017-12-05,-0.0032316916112491434,0.0032316916112491434
2017-12-06,0.00134104578061911,-0.00134104578061911
2017-12-07,0.007318402340085628,-0.007318402340085628
2017-12-08,0.005560378015833534,-0.005560378015833534
2017-12-11,0.00015557099934060403,-0.00015557099934060403
2017-12-12,-0.0005443211049570573,0.0005443211049570573
2017-12-13,0.0011670508607126706,-0.0011670508607126706
2017-12-14,-0.00404105401835253,0.00404105401835253
2017-12-15,-0.001677543336148668,0.001677543336148668
2017-12-18,0.006244779440230275,-0.006244779440230275
2017-12-19,-0.0007378820535028918,0.0007378820535028918
2017-12-20,0.0010338347606435594,-0.0010338347606435594
2017-12-21,-0.004022302288333002,0.004022302288333002
2017-12-22,-0.007047962166496724,0.007047962166496724
2017-12-25,-0.0007851189813745663,0.0007851189813745663
2017-12-26,-0.0008250788756857252,0.0008250788756857252
2017-12-27,-0.0022414026673142073,0.0022414026673142073
2017-12-28,-0.0029400635764083027,0.0029400635764083027
2017-12-29,-0.0066562771496183615,0.0066562771496183615
2018-01-01,0.0012176604885536513,-0.0012176604885536513
2018-01-02,-0.002050781064931728,0.002050781064931728
2018-01-03,-0.004070017015927907,0.004070017015927907
2018-01-04,0.003438925536694004,-0.003438925536694004
2018-01-05,-0.004511119748661807,0.004511119748661807
2018-01-08,-0.007773996067619526,0.007773996067619526
2018-01-09,0.001726693580424321,-0.001726693580424321
2018-01-10,0.004720321571066721,-0.004720321571066721
2018-01-11,0.004601807903621857,-0.004601807903621857
2018-01-12,-0.0009257542433098731,0.0009257542433098731
2018-01-15,-0.004680862085350346,0.004680862085350346
2018-01-16,-0.002881117615324391,0.002881117615324391
2018-01-17,5.632086042162143e-05,-5.632086042162143e-05
2018-01-18,0.0009899248902405233,-0.0009899248902405233
2018-01-19,-0.0021065180429912234,0.0021065180429912234
2018-01-22,0.006026786336031487,-0.006026786336031487
2018-01-23,-0.002731022235800684,0.002731022235800684
2018-01-24,-0.003027620998334646,0.003027620998334646
2018-01-25,-0.004978168538689265,0.004978168538689265
2018-01-26,0.0019024268222398444,-0.0019024268222398444
2018-01-29,-0.005090475672625661,0.005090475672625661
2018-01-30,0.0017217721202069658,-0.0017217721202069658
2018-01-31,0.00015405912448995807,-0.00015405912448995807
2018-02-01,-0.0027642298892249784,0.0027642298892249784
2018-02-02,-0.0033653220947267304,0.0033653220947267304
2018-02-05,0.013979667546821117,-0.013979667546821117
2018-02-06,0.0083574997768181,-0.0083574997768181
2018-02-07,-0.0025207602791018635,0.0025207602791018635
2018-02-08,0.004854344404195299,-0.004854344404195299
2018-02-09,0.002037420995976813,-0.002037420995976813
2018-02-12,-0.00028593716521330137,0.00028593716521330137
2018-02-13,-0.000794507602753014,0.000794507602753014
2018-02-14,0.0009541861731248158,-0.0009541861731248158
2018-02-15,-0.008404211991967392,0.008404211991967392
2018-02-16,-9.606875390522074e-05,9.606875390522074e-05
2018-02-19,0.005992553860735272,-0.005992553860735272
2018-02-20,0.0008123677362890103,-0.0008123677362890103
2018-02-21,0.006365891592875927,-0.006365891592875927
2018-02-22,0.004008832816967178,-0.004008832816967178
2018-02-23,0.00112612158001002,-0.00112612158001002
2018-02-26,-0.00499521831186811,0.00499521831186811
2018-02-27,0.0028066042426009297,-0.0028066042426009297
2018-02-28,0.006866940285391809,-0.006866940285391809
2018-03-01,0.004846929131653299,-0.004846929131653299
2018-03-02,-7.013403775779636e-05,7.013403775779636e-05
2018-03-05,0.004364036607518829,-0.004364036607518829
2018-03-06,0.00712281069789622,-0.00712281069789622
2018-03-07,-0.0023882452486511108,0.0023882452486511108
2018-03-08,-0.003297636555709804,-0.003297636555709804
2018-03-09,-0.0007825240001274603,-0.0007825240001274603
2018-03-12,-0.006505896219765606,-0.006505896219765606
2018-03-13,0.0023337190299796973,0.0023337190299796973
2018-03-14,0.00894712521445351,0.00894712521445351
2018-03-15,-0.0003858638404823367,-0.0003858638404823367
2018-03-16,0.007697706150755712,0.007697706150755712
2018-03-19,0.0030877119913486073,0.0030877119913486073
2018-03-20,-0.0008707595430711423,-0.0008707595430711423
2018-03-21,-0.00047399010079740567,-0.00047399010079740567
2018-03-22,-0.013553190569825513,0.013553190569825513
2018-03-23,0.0026284421528288693,-0.0026284421528288693
2018-03-26,-0.003897618533780456,0.003897618533780456
2018-03-27,-0.0034625270959658394,0.0034625270959658394
2018-03-28,0.0033032120784186603,-0.0033032120784186603
2018-03-29,0.0031370134354702373,-0.0031370134354702373
2018-03-30,-0.0024692818477610734,0.0024692818477610734
2018-04-02,0.00045779993874406344,-0.00045779993874406344
2018-04-03,0.0021794952876228457,-0.0021794952876228457
2018-04-04,-0.008884741284187037,0.008884741284187037
2018-04-05,-0.004037097471296325,0.004037097471296325
2018-04-06,0.0011525106900016624,-0.0011525106900016624
2018-04-09,0.0007440544957835193,-0.0007440544957835193
2018-04-10,-0.006002210353773241,0.006002210353773241
2018-04-11,-0.00854980802818528,0.00854980802818528
2018-04-12,-0.0020963431846128255,0.0020963431846128255
2018-04-13,0.0017346862501144145,-0.0017346862501144145
2018-04-16,0.0010326459096474672,-0.0010326459096474672
2018-04-17,-0.002840843517965319,0.002840843517965319
2018-04-18,-0.0006127429472660983,0.0006127429472660983
2018-04-19,0.005390773660977954,-0.005390773660977954
2018-04-20,0.0030809739473023345,-0.0030809739473023345
2018-04-23,0.008037960528941346,-0.008037960528941346
2018-04-24,0.006054820194885124,-0.006054820194885124
2018-04-25,-0.0017673492026601956,0.0017673492026601956
2018-04-26,0.0011465060064419497,-0.0011465060064419497
2018-04-27,0.0026721789974513133,-0.0026721789974513133
2018-04-30,-0.0023697736002497027,0.0023697736002497027
2018-05-01,-0.000654268645658318,0.000654268645658318
2018-05-02,0.0010755537238946733,-0.0010755537238946733
2018-05-03,0.00286487612682107,-0.00286487612682107
2018-05-04,-0.002437488461490389,0.002437488461490389
2018-05-07,0.0004046432863491489,-0.0004046432863491489
2018-05-08,0.001804579966649511,-0.001804579966649511
2018-05-09,0.005046980253409661,-0.005046980253409661
2018-05-10,-0.0072851759967155205,0.0072851759967155205
2018-05-11,-0.0062180458312420805,0.0062180458312420805
2018-05-14,0.0008770468120817831,-0.0008770468120817831
2018-05-15,0.0014865484989012856,-0.0014865484989012856
2018-05-16,0.005632825321692847,-0.005632825321692847
2018-05-17,-0.006999601774419051,0.006999601774419051
2018-05-18,0.004185568439066145,-0.004185568439066145
2018-05-21,0.003240954610475244,-0.003240954610475244
2018-05-22,-0.00785884662732983,0.00785884662732983
2018-05-23,0.003138692356456474,-0.003138692356456474
2018-05-24,0.0014045414125780642,-0.0014045414125780642
2018-05-25,0.003817966661527006,-0.003817966661527006
2018-05-28,0.007226582958300254,-0.007226582958300254
2018-05-29,0.0012021891859563816,-0.0012021891859563816
2018-05-30,0.002948002188979615,-0.002948002188979615
2018-05-31,-0.010506519641263257,0.010506519641263257
2018-06-01,0.003955613398380686,-0.003955613398380686
2018-06-04,0.00076485283421035,-0.00076485283421035
2018-06-05,-0.002315903139187059,0.002315903139187059
2018-06-06,0.0011606394982510704,-0.0011606394982510704
2018-06-07,0.0005255195770783594,-0.0005255195770783594
2018-06-08,0.00279629574379614,-0.00279629574379614
2018-06-11,-0.001009082476904899,0.001009082476904899
2018-06-12,0.001411053963829012,-0.001411053963829012
2018-06-13,0.0022098401819714564,-0.0022098401819714564
2018-06-14,-0.003272877076470393,0.003272877076470393
2018-06-15,0.011007192730763116,-0.011007192730763116
2018-06-18,0.006168006746052779,-0.006168006746052779
2018-06-19,0.0010760180755138293,-0.0010760180755138293
2018-06-20,0.005116871337309314,-0.005116871337309314
2018-06-21,0.002093532985039559,-0.002093532985039559
2018-06-22,0.0008116544985681262,-0.0008116544985681262
2018-06-25,-0.0028984612107028074,0.0028984612107028074
2018-06-26,0.0014157382150117304,-0.0014157382150117304
2018-06-27,0.0003008560861725851,-0.0003008560861725851
2018-06-28,0.002089944508030017,-0.002089944508030017
2018-06-29,-0.0055666000775744795,0.0055666000775744795
2018-07-02,-0.008102511784049082,0.008102511784049082
2018-07-03,0.0030119209289833915,-0.0030119209289833915
2018-07-04,-0.0034426547673727104,0.0034426547673727104
2018-07-05,-0.0002206941042744992,0.0002206941042744992
2018-07-06,-0.000235985235181424,0.000235985235181424
2018-07-09,-0.003052650923041633,0.003052650923041633
2018-07-10,0.0010996176188964313,-0.0010996176188964313
2018-07-11,0.002494154013964911,-0.002494154013964911
2018-07-12,0.004869594936013133,0.004869594936013133
2018-07-13,-0.0031650439779994377,-0.0031650439779994377
2018-07-16,-0.0006987650050661598,-0.0006987650050661598
2018-07-17,-0.0014974556573803532,-0.0014974556573803532
2018-07-18,0.005108023239110082,0.005108023239110082
2018-07-19,-0.0026887411897003055,-0.0026887411897003055
2018-07-20,0.006994274416113999,0.006994274416113999
2018-07-23,-0.010693774703788295,-0.010693774703788295
2018-07-24,0.00387247072610597,0.00387247072610597
2018-07-25,-0.0014200289346624206,-0.0014200289346624206
2018-07-26,-0.008608164915901328,0.008608164915901328
2018-07-27,0.002446894346101347,-0.002446894346101347
2018-07-30,-0.0006121459386566608,0.0006121459386566608
2018-07-31,-0.0025265688124004315,0.0025265688124004315
2018-08-01,-0.0007676133593089718,0.0007676133593089718
2018-08-02,-0.0014979455673795883,0.0014979455673795883
2018-08-03,0.0020001958926376684,-0.0020001958926376684
2018-08-06,-0.0008214545062477097,0.0008214545062477097
2018-08-07,-0.0009836245474507122,0.0009836245474507122
2018-08-08,0.004445797824304432,-0.004445797824304432
2018-08-09,-0.003047693120142747,-0.003047693120142747
2018-08-10,0.0020584868102921927,0.0020584868102921927
2018-08-13,0.007987309489281946,0.007987309489281946
2018-08-14,-0.0013536372883015124,-0.0013536372883015124
2018-08-15,-0.005802513560167588,-0.005802513560167588
2018-08-16,0.006694200334965705,0.006694200334965705
2018-08-17,0.00122498034779972,0.00122498034779972
2018-08-20,-0.0075763278684306545,-0.0075763278684306545
2018-08-21,-0.0014012326758222615,-0.0014012326758222615
2018-08-22,-0.0005521022252005237,-0.0005521022252005237
2018-08-23,-0.0020407056435073345,0.0020407056435073345
2018-08-24,0.007203401868644876,-0.007203401868644876
2018-08-27,-0.007067991440777854,0.007067991440777854
2018-08-28,-0.003497617243670925,0.003497617243670925
2018-08-29,-0.0026073153066595856,0.0026073153066595856
2018-08-30,-0.001956749050875728,0.001956749050875728
2018-08-31,0.006331186047482618,-0.006331186047482618
2018-09-03,0.00570622733367343,-0.00570622733367343
2018-09-04,0.002657016251712996,-0.002657016251712996
2018-09-05,0.006078765868421154,-0.006078765868421154
2018-09-06,7.600844200483792e-06,-7.600844200483792e-06
2018-09-07,-0.0014877634577352694,0.0014877634577352694
2018-09-10,0.0010794698998082275,-0.0010794698998082275
2018-09-11,-0.0005087373374642601,0.0005087373374642601
2018-09-12,-0.007582323808944191,0.007582323808944191
2018-09-13,-0.0047847073346865,0.0047847073346865
2018-09-14,0.00041539853959449147,-0.00041539853959449147
2018-09-17,0.0028680846071209576,-0.0028680846071209576
2018-09-18,0.0015947339413819872,-0.0015947339413819872
2018-09-19,-0.007034840120754171,0.007034840120754171
2018-09-20,-0.004124389885939883,0.004124389885939883
2018-09-21,-0.0007199749586765947,0.0007199749586765947
2018-09-24,0.00032543191297640384,-0.00032543191297640384
2018-09-25,0.002764625131898235,-0.002764625131898235
2018-09-26,0.000656407378387236,-0.000656407378387236
2018-09-27,0.006135637047765874,-0.006135637047765874
2018-09-28,-2.304320866808318e-05,2.304320866808318e-05
2018-10-01,-0.015019488877052067,0.015019488877052067
2018-10-02,-0.0022195658236624505,0.0022195658236624505
2018-10-03,0.0005308177626790478,-0.0005308177626790478
2018-10-04,0.004610317249455154,-0.004610317249455154
2018-10-05,0.0032614544552089786,-0.0032614544552089786
2018-10-08,0.0021671731215910928,-0.0021671731215910928
2018-10-09,0.000463376841469465,-0.000463376841469465
2018-10-10,-0.0012351606109103352,0.0012351606109103352
2018-10-11,0.008726197416222936,-0.008726197416222936
2018-10-12,-0.0015094235527436384,0.0015094235527436384
2018-10-15,-0.0006062373008746125,0.0006062373008746125
2018-10-16,-0.0023035796929097296,0.0023035796929097296
2018-10-17,-0.004440725643305221,0.004440725643305221
2018-10-18,0.006911145417709763,-0.006911145417709763
2018-10-19,0.00413823262001789,-0.00413823262001789
2018-10-22,0.001873237971860675,-0.001873237971860675
2018-10-23,-0.000488449297661897,0.000488449297661897
2018-10-24,-0.0012446115981709083,0.0012446115981709083
2018-10-25,-0.002538074304244131,0.002538074304244131
2018-10-26,0.0017781576963291634,-0.0017781576963291634
2018-10-29,0.0018973964881929817,-0.0018973964881929817
2018-10-30,0.0025428522584085567,-0.0025428522584085567
2018-10-31,-0.0011272799384304255,0.0011272799384304255
2018-11-01,0.003317025156577058,-0.003317025156577058
2018-11-02,-0.00511492337218733,0.00511492337218733
2018-11-05,0.0008021232588788507,-0.0008021232588788507
2018-11-06,0.0006487914462169897,-0.0006487914462169897
2018-11-07,0.0005416124008505996,-0.0005416124008505996
2018-11-08,-4.5715843766336306e-05,4.5715843766336306e-05
2018-11-09,0.00206621429240772,-0.00206621429240772
2018-11-12,0.0038119797042714954,-0.0038119797042714954
2018-11-13,0.0037216927756529294,-0.0037216927756529294
2018-11-14,-0.0013139848553253008,0.0013139848553253008
2018-11-15,0.0016937695332235325,-0.0016937695332235325
2018-11-16,-0.005661698848015484,0.005661698848015484
2018-11-19,-0.0019358387557634193,0.0019358387557634193
2018-11-20,0.0019092165057865707,-0.0019092165057865707
2018-11-21,0.01012784797077848,-0.01012784797077848
2018-11-22,-0.006012789306519162,0.006012789306519162
2018-11-23,-0.002601151223722842,0.002601151223722842
2018-11-26,0.0026837590014059387,-0.0026837590014059387
2018-11-27,0.002079267417188335,-0.002079267417188335
2018-11-28,0.003161404884149288,-0.003161404884149288
2018-11-29,-0.0014591602789923996,0.0014591602789923996
2018-11-30,-7.533639180523632e-05,7.533639180523632e-05
2018-12-03,-0.0014614026358229504,0.0014614026358229504
2018-12-04,-0.004367961697913092,0.004367961697913092
2018-12-05,0.0043416906082747175,-0.0043416906082747175
2018-12-06,0.007921504438308746,-0.007921504438308746
2018-12-07,0.002522490046559467,-0.002522490046559467
2018-12-10,-0.004950135508591136,0.004950135508591136
2018-12-11,0.005289882237060173,-0.005289882237060173
2018-12-12,-0.0014554710648383429,0.0014554710648383429
2018-12-13,-0.00242180632588751,0.00242180632588751
2018-12-14,7.494125284623898e-05,-7.494125284623898e-05
2018-12-17,0.0030644120477569814,-0.0030644120477569814
2018-12-18,0.0018225230475528154,-0.0018225230475528154
2018-12-19,0.0033327547208248376,-0.0033327547208248376
2018-12-20,0.0013301088270858408,-0.0013301088270858408
2018-12-21,0.0017440515448001737,-0.0017440515448001737
2018-12-24,0.007185992679328956,-0.007185992679328956
2018-12-25,0.000926815102053169,-0.000926815102053169
2018-12-26,-0.0016167014944435953,0.0016167014944435953
2018-12-27,-0.0009568506425903234,0.0009568506425903234
2018-12-28,0.003389028740741429,-0.003389028740741429
2018-12-31,0.00022031704822422782,-0.00022031704822422782
2019-01-01,-0.01671564148021143,0.01671564148021143
2019-01-02,0.0172536321574146,-0.0172536321574146
2019-01-03,0.00042564122215815736,-0.00042564122215815736
2019-01-04,-0.011180200161281295,0.011180200161281295
2019-01-07,-0.008123845775790395,0.008123845775790395
2019-01-08,-0.00548275512167562,0.00548275512167562
2019-01-09,-0.0036853028912108288,0.0036853028912108288
2019-01-10,-0.0026798917856457605,0.0026798917856457605
2019-01-11,0.0020815495701418385,-0.0020815495701418385
2019-01-14,0.002145208964279277,-0.002145208964279277
2019-01-15,0.0006557346411366627,-0.0006557346411366627
2019-01-16,-0.001242816608002295,0.001242816608002295
2019-01-17,-6.78776214134702e-05,6.78776214134702e-05
2019-01-18,0.0016215311281828626,-0.0016215311281828626
2019-01-21,-0.00039155353848330243,0.00039155353848330243
2019-01-22,0.0015065719565687807,-0.0015065719565687807
2019-01-23,0.004588235230824855,-0.004588235230824855
2019-01-24,-0.0011156011451446401,0.0011156011451446401
2019-01-25,0.0007045635164233399,-0.0007045635164233399
2019-01-28,-0.009699969042462064,0.009699969042462064
2019-01-29,0.0029725228953330074,-0.0029725228953330074
2019-01-30,0.0008370532202590653,-0.0008370532202590653
2019-01-31,-0.00982560002342614,0.00982560002342614
2019-02-01,-0.0011490937064282392,0.0011490937064282392
2019-02-04,-0.0020493509873893423,0.0020493509873893423
2019-02-05,0.0013359739750813393,-0.0013359739750813393
2019-02-06,0.000571757419259189,-0.000571757419259189
2019-02-07,0.006781504465942945,-0.006781504465942945
2019-02-08,0.007409326780145609,-0.007409326780145609
2019-02-11,-0.0027721674885671233,0.0027721674885671233
2019-02-12,0.0019587719413260984,-0.0019587719413260984
2019-02-13,-0.005368451253575324,0.005368451253575324
2019-02-14,0.002305587641437512,-0.002305587641437512
2019-02-15,0.002858430076082552,-0.002858430076082552
2019-02-18,-0.004361892760588404,0.004361892760588404
2019-02-19,-0.00037764466068612723,0.00037764466068612723
2019-02-20,-0.0018966833623325074,0.0018966833623325074
2019-02-21,-0.0029449223441548877,0.0029449223441548877
2019-02-22,0.004206540000689651,-0.004206540000689651
2019-02-25,-0.007137828807122992,0.007137828807122992
2019-02-26,0.004127613768795779,-0.004127613768795779
2019-02-27,-0.0017594970664651655,0.0017594970664651655
2019-02-28,-0.0012916301892766935,0.0012916301892766935
2019-03-01,0.0014682376840113864,-0.0014682376840113864
2019-03-04,0.009062380156144023,-0.009062380156144023
2019-03-05,0.0021304681079963306,-0.0021304681079963306
2019-03-06,0.003110013933227851,-0.003110013933227851
2019-03-07,0.006717457211316891,-0.006717457211316891
2019-03-08,0.0001264542459984419,-0.0001264542459984419
2019-03-11,-0.001985949570819212,0.001985949570819212
2019-03-12,-0.001743895654466865,0.001743895654466865
2019-03-13,-0.002807086556359528,0.002807086556359528
2019-03-14,-0.004641817014771732,0.004641817014771732
2019-03-15,0.002233997396494214,-0.002233997396494214
2019-03-18,0.0012232534641476445,-0.0012232534641476445
2019-03-19,-0.00029987735052106057,0.00029987735052106057
2019-03-20,-0.0011246092425325482,0.0011246092425325482
2019-03-21,-0.0027022978524789965,0.0027022978524789965
2019-03-22,0.0059461081793308335,-0.0059461081793308335
2019-03-25,0.004489279860855566,-0.004489279860855566
2019-03-26,-0.002458064524149317,0.002458064524149317
2019-03-27,-0.0009632345453418623,0.0009632345453418623
2019-03-28,0.0024365593315918144,-0.0024365593315918144
2019-03-29,0.001401798258911624,-0.001401798258911624
2019-04-01,-0.006217203132877436,0.006217203132877436
2019-04-02,-0.0026972363576278635,0.0026972363576278635
2019-04-03,0.002404067462911774,-0.002404067462911774
2019-04-04,-7.495809851232327e-05,7.495809851232327e-05
2019-04-05,0.0017013815393223108,-0.0017013815393223108
2019-04-08,0.0004714068340878619,-0.0004714068340878619
2019-04-09,-0.004292907319348616,0.004292907319348616
2019-04-10,0.001066594366515794,-0.001066594366515794
2019-04-11,-0.000750346439306937,0.000750346439306937
2019-04-12,0.004512799213733265,-0.004512799213733265
2019-04-15,-0.003393631692050314,0.003393631692050314
2019-04-16,0.002662616397260731,-0.002662616397260731
2019-04-17,-0.0006507999765648087,0.0006507999765648087
2019-04-18,-0.0008458413721279534,0.0008458413721279534
2019-04-19,0.002097683385200888,-0.002097683385200888
2019-04-22,0.0003662905074077738,-0.0003662905074077738
2019-04-23,-0.0026604691505670575,0.0026604691505670575
2019-04-24,0.006174446837112324,-0.006174446837112324
2019-04-25,0.004863116213633667,-0.004863116213633667
2019-04-26,-0.0011116952942414882,0.0011116952942414882
2019-04-29,-0.00133555442225064,0.00133555442225064
2019-04-30,-0.00039376264384605175,0.00039376264384605175
2019-05-01,-0.004964728147133557,0.004964728147133557
2019-05-02,0.0038093296119481312,-0.0038093296119481312
2019-05-03,0.0022546948267270217,-0.0022546948267270217
2019-05-06,0.0002226788298633764,-0.0002226788298633764
2019-05-07,-0.0017294470547636331,0.0017294470547636331
2019-05-08,0.001494536975851668,-0.001494536975851668
2019-05-09,0.0002449857575477221,-0.0002449857575477221
2019-05-10,-0.0005195823803526567,0.0005195823803526567
2019-05-13,-0.0019234187879221265,0.0019234187879221265
2019-05-14,0.002723308744728703,-0.002723308744728703
2019-05-15,-0.0011873160465117882,0.0011873160465117882
2019-05-16,-0.0013670099882509001,0.0013670099882509001
2019-05-17,0.0015176977678676984,-0.0015176977678676984
2019-05-20,-0.0011216937176651287,0.0011216937176651287
2019-05-21,-0.001464972269249576,0.001464972269249576
2019-05-23,0.0006925879154284775,-0.0006925879154284775
2019-05-24,0.0027611591971257177,-0.0027611591971257177
2019-05-27,-0.002864859245430784,0.002864859245430784
2019-05-28,0.00022324567805331874,-0.00022324567805331874
2019-05-29,0.003683618639905184,-0.003683618639905184
2019-05-30,0.0018164888433804816,-0.0018164888433804816
2019-05-31,0.0009546800895339214,-0.0009546800895339214
2019-06-03,-0.0003474502860515427,0.0003474502860515427
2019-06-04,-0.005820977455846976,0.005820977455846976
2019-06-05,-0.003801589404043959,0.003801589404043959
2019-06-06,0.0022105139271280105,-0.0022105139271280105
2019-06-07,-0.004918049387822143,0.004918049387822143
2019-06-10,-0.006372617677664838,0.006372617677664838
2019-06-11,-0.00027886685185918303,0.00027886685185918303
2019-06-12,0.0011307862140956804,-0.0011307862140956804
2019-06-13,0.003975857250459347,-0.003975857250459347
2019-06-14,-0.00042746539841498343,0.00042746539841498343
2019-06-17,0.006130190746662434,-0.006130190746662434
2019-06-18,7.458915511016073e-05,-7.458915511016073e-05
2019-06-19,-0.0026845648322985083,0.0026845648322985083
2019-06-20,-0.00779869798565358,0.00779869798565358
2019-06-21,-0.006526115105955355,0.006526115105955355
2019-06-24,0.0013122597724559704,-0.0013122597724559704
2019-06-25,-0.0014696615227007825,0.0014696615227007825
2019-06-26,-0.00019725018232752412,0.00019725018232752412
2019-06-27,-0.004355557107414421,0.004355557107414421
2019-06-28,-0.0020349436474698113,0.0020349436474698113
2019-07-01,-0.00029787983662132866,0.00029787983662132866
2019-07-02,0.0031779370646978222,-0.0031779370646978222
2019-07-03,-0.0027413960885700472,0.0027413960885700472
2019-07-04,-0.0029704013054764333,0.0029704013054764333
2019-07-05,-0.0006662960558432296,0.0006662960558432296
2019-07-08,0.0020845455572831018,-0.0020845455572831018
2019-07-09,0.0020266929039673975,-0.0020266929039673975
2019-07-10,0.0017478194110402967,-0.0017478194110402967
2019-07-11,-0.003961926414853045,0.003961926414853045
2019-07-12,-0.00042064749074610663,0.00042064749074610663
2019-07-15,-0.002640165213531276,0.002640165213531276
2019-07-16,0.0011125163532037519,-0.0011125163532037519
2019-07-17,0.0029891176237337724,-0.0029891176237337724
2019-07-18,-0.00255990479653756,0.00255990479653756
2019-07-19,-0.0013330106441757916,0.0013330106441757916
2019-07-22,0.0012580642034323297,-0.0012580642034323297
2019-07-23,0.0056696567325895675,-0.0056696567325895675
2019-07-24,0.0009980122400674585,-0.0009980122400674585
2019-07-25,0.0002816217493284423,-0.0002816217493284423
2019-07-26,0.0011564646829291814,-0.0011564646829291814
2019-07-29,0.0008360414686714446,-0.0008360414686714446
2019-07-30,-0.0004176715436050582,0.0004176715436050582
2019-07-31,-0.001207895714895324,0.001207895714895324
2019-08-01,0.003453167039713323,-0.003453167039713323
2019-08-02,0.0015841561255798275,-0.0015841561255798275
2019-08-05,-0.0008325046327691821,0.0008325046327691821
2019-08-06,0.0008482767431770011,-0.0008482767431770011
2019-08-07,0.0050098378047758185,-0.0050098378047758185
2019-08-08,0.002349393280607792,-0.002349393280607792
2019-08-09,-0.006272782437749536,0.006272782437749536
2019-08-12,-0.0008013372924370321,0.0008013372924370321
2019-08-13,0.0014223148665994945,-0.0014223148665994945
2019-08-14,-0.0018282805093859933,0.0018282805093859933
2019-08-15,0.007417466831495245,-0.007417466831495245
2019-08-16,0.0005183947282085821,-0.0005183947282085821
2019-08-19,-0.003754624128045503,0.003754624128045503
2019-08-20,0.004590405569839362,-0.004590405569839362
2019-08-21,-0.0009603611537535306,0.0009603611537535306
2019-08-22,-0.0021779979501195257,0.0021779979501195257
2019-08-23,0.0006999485424319385,-0.0006999485424319385
2019-08-26,0.001331312215847591,-0.001331312215847591
2019-08-27,-0.004566988133871908,0.004566988133871908
2019-08-28,0.0024902059963383127,-0.0024902059963383127
2019-08-29,0.0016409088160063146,-0.0016409088160063146
2019-08-30,-0.001953914283085667,0.001953914283085667
2019-09-02,0.002710640333689174,-0.002710640333689174
2019-09-03,0.0012014921705625348,-0.0012014921705625348
2019-09-04,0.0003975133154889843,-0.0003975133154889843
2019-09-05,-0.008471820077921355,0.008471820077921355
2019-09-06,0.0002797861871073337,-0.0002797861871073337
2019-09-09,-0.0046111257793569616,0.0046111257793569616
2019-09-10,6.834979778869155e-05,-6.834979778869155e-05
2019-09-11,-0.0017617653645728426,0.0017617653645728426
2019-09-12,0.0029515538187927515,-0.0029515538187927515
2019-09-13,0.0020478374243668718,-0.0020478374243668718
2019-09-16,0.0001136014091989157,-0.0001136014091989157
2019-09-17,0.0021039586541449218,-0.0021039586541449218
2019-09-18,-0.0001359480005199698,0.0001359480005199698
2019-09-19,0.0041543613996370965,-0.0041543613996370965
2019-09-20,-0.002760626857601256,0.002760626857601256
2019-09-23,0.0006562342387561593,-0.0006562342387561593
2019-09-24,-0.0003995209702231106,0.0003995209702231106
2019-09-25,-0.0015157479660201645,0.0015157479660201645
2019-09-26,0.0012386760805327413,-0.0012386760805327413
2019-09-27,0.0008297081373263016,-0.0008297081373263016
2019-09-30,-0.002487150724550413,0.002487150724550413
2019-10-01,0.0005288983215494536,-0.0005288983215494536
2019-10-02,-0.0018879754991697473,0.0018879754991697473
2019-10-03,0.008420954462627916,-0.008420954462627916
2019-10-04,0.0006302888542177865,-0.0006302888542177865
2019-10-07,-0.00227948087330343,0.00227948087330343
2019-10-08,-0.0002930443491401258,0.0002930443491401258
2019-10-09,0.0014282818445106038,-0.0014282818445106038
2019-10-10,0.0010209578694919674,-0.0010209578694919674
2019-10-11,-0.00368203383290977,0.00368203383290977
2019-10-14,-0.006540768294649224,0.006540768294649224
2019-10-15,0.0018940358688179781,-0.0018940358688179781
2019-10-16,-0.0016636475212733481,0.0016636475212733481
2019-10-17,-0.00015142704412962615,0.00015142704412962615
2019-10-18,-0.004863648510340046,0.004863648510340046
2019-10-21,-0.0002893156142946829,0.0002893156142946829
2019-10-22,-0.0034571783382595367,0.0034571783382595367
2019-10-23,0.0005654119810134528,-0.0005654119810134528
2019-10-24,-0.0016037810485628468,0.0016037810485628468
2019-10-25,-0.00018356024254750913,0.00018356024254750913
2019-10-28,-0.0005814264218771958,0.0005814264218771958
2019-10-29,-0.0005665247221696701,0.0005665247221696701
2019-10-30,0.0025582936771029186,-0.0025582936771029186
2019-10-31,0.005836965517467485,-0.005836965517467485
2019-11-01,0.00015954453927569112,-0.00015954453927569112
2019-11-04,-0.0020885050291064022,0.0020885050291064022
2019-11-05,0.0008828200817028176,-0.0008828200817028176
2019-11-06,-4.568378013702912e-05,4.568378013702912e-05
2019-11-07,0.0026310164615970244,-0.0026310164615970244
2019-11-08,0.0031473979066589663,-0.0031473979066589663
2019-11-11,-0.00014365930717641362,0.00014365930717641362
2019-11-12,0.0005141470666125691,-0.0005141470666125691
2019-11-13,0.00035523143377469424,-0.00035523143377469424
2019-11-14,0.0011482608261408345,-0.0011482608261408345
2019-11-15,-0.0001584131838630043,0.0001584131838630043
2019-11-18,-0.0020679749716098206,0.0020679749716098206
2019-11-19,-0.001179795475070522,0.001179795475070522
2019-11-20,0.004883800551095163,-0.004883800551095163
2019-11-21,0.0023132601374338257,-0.0023132601374338257
2019-11-22,-0.0018041809464798275,0.0018041809464798275
2019-11-25,0.0013330467570100701,-0.0013330467570100701
2019-11-26,0.0005565197993551152,-0.0005565197993551152
2019-11-27,-0.0025632986001369318,0.0025632986001369318
2019-11-28,0.0012510282239155401,-0.0012510282239155401
2019-11-29,-0.0004440648343631004,0.0004440648343631004
2019-12-02,0.0003162528658451347,-0.0003162528658451347
2019-12-03,0.0014378091027082984,-0.0014378091027082984
2019-12-04,-0.0008343664715689814,0.0008343664715689814
2019-12-05,-0.007463192554941878,0.007463192554941878
2019-12-06,-0.001265853781734827,0.001265853781734827
2019-12-09,0.005601099446928881,-0.005601099446928881
2019-12-10,-0.0009585471110520327,0.0009585471110520327
2019-12-11,-0.0004608214419127288,0.0004608214419127288
2019-12-12,-0.0044062659164587625,0.0044062659164587625
2019-12-13,-0.0015183625214048035,0.0015183625214048035
2019-12-16,0.002334119197874296,-0.002334119197874296
2019-12-17,-0.0015473318336849395,0.0015473318336849395
2019-12-18,-0.0002887177733954527,0.0002887177733954527
2019-12-19,-0.003442422806159806,0.003442422806159806
2019-12-20,0.000693862602114681,-0.000693862602114681
2019-12-23,0.001783188610121167,-0.001783188610121167
2019-12-24,0.00013692419296340574,-0.00013692419296340574
2019-12-25,0.0012016852969896075,-0.0012016852969896075
2019-12-26,-0.0006837056374654482,0.0006837056374654482
2019-12-27,-0.0035728351076834697,0.0035728351076834697
2019-12-30,-0.0026395564046484132,0.0026395564046484132
2019-12-31,-0.0009791403352110706,0.0009791403352110706
2020-01-01,-0.004486755004666332,0.004486755004666332
2020-01-02,-0.002230429487181884,0.002230429487181884
2020-01-03,0.000770867759652738,-0.000770867759652738
2020-01-06,0.00027729496011819066,-0.00027729496011819066
2020-01-07,-0.00174794266542444,0.00174794266542444
2020-01-08,0.0030237497181584416,-0.0030237497181584416
2020-01-09,0.002568622739471227,-0.002568622739471227
2020-01-10,0.0019943654831571234,-0.0019943654831571234
2020-01-13,0.00022203728748015905,-0.00022203728748015905
2020-01-14,-0.0007500876820657476,0.0007500876820657476
2020-01-15,0.0007583206862853409,-0.0007583206862853409
2020-01-16,-0.002104809648347472,0.002104809648347472
2020-01-17,7.671160833155888e-05,-7.671160833155888e-05
2020-01-20,0.0018866499675531667,-0.0018866499675531667
2020-01-21,-0.0013931597834822007,0.0013931597834822007
2020-01-22,0.002154016964756922,-0.002154016964756922
2020-01-23,0.005010099985893746,-0.005010099985893746
2020-01-24,-0.0009132816151856682,0.0009132816151856682
2020-01-27,0.0024376741666112256,-0.0024376741666112256
2020-01-28,0.0021810798120662778,-0.0021810798120662778
2020-01-29,-0.001797128986783858,0.001797128986783858
2020-01-30,0.0025067999279890785,-0.0025067999279890785
2020-01-31,0.0010836058456904496,-0.0010836058456904496
2020-02-03,0.002202673381913378,-0.002202673381913378
2020-02-04,0.0040481313653830675,-0.0040481313653830675
2020-02-05,-0.0008725037135211,0.0008725037135211
2020-02-06,0.00014306119545848262,-0.00014306119545848262
2020-02-07,-2.2613716708863585e-05,-2.2613716708863585e-05
2020-02-10,0.0019271450335700546,0.0019271450335700546
2020-02-11,0.0005559386011628753,0.0005559386011628753
2020-02-12,-0.001997384503185873,-0.001997384503185873
2020-02-13,-0.002580816798513519,-0.002580816798513519
2020-02-14,0.0005883980635652541,0.0005883980635652541
2020-02-17,-0.001409868956873117,-0.001409868956873117
2020-02-18,-0.0007700560864716266,-0.0007700560864716266
2020-02-19,0.0014128574713598852,0.0014128574713598852
2020-02-20,-0.0025125002147416975,-0.0025125002147416975
2020-02-21,0.002980232324849119,-0.002980232324849119
2020-02-24,-0.0005128054829190987,0.0005128054829190987
2020-02-25,0.002595655719464407,-0.002595655719464407
2020-02-26,-0.0006171566313745158,0.0006171566313745158
2020-02-27,0.004977736682406642,-0.004977736682406642
2020-02-28,0.0030647130658036925,-0.0030647130658036925
2020-03-02,0.0015613815390254082,-0.0015613815390254082
2020-03-03,-0.0061161989779927595,0.0061161989779927595
2020-03-04,0.003939915748068623,-0.003939915748068623
2020-03-05,0.0005232604974680921,-0.0005232604974680921
2020-03-06,0.0006873999360159644,0.0006873999360159644
2020-03-09,0.017052683032243943,0.017052683032243943
2020-03-10,0.002628043962044746,0.002628043962044746
2020-03-11,0.005403432839950595,0.005403432839950595
2020-03-12,0.0030003292800833137,0.0030003292800833137
2020-03-13,0.012328419726094664,0.012328419726094664
2020-03-16,-0.010399563340432016,-0.010399563340432016
2020-03-17,0.01542269799110696,0.01542269799110696
2020-03-18,0.016316253724705465,0.016316253724705465
2020-03-19,0.014453012535175613,0.014453012535175613
2020-03-20,0.003682985314273468,-0.003682985314273468
2020-03-23,-0.0026762107329304508,0.0026762107329304508
2020-03-24,0.0012102800594653296,-0.0012102800594653296
2020-03-25,-0.0026179782386580586,0.0026179782386580586
2020-03-26,-0.015368082936443761,0.015368082936443761
2020-03-27,-0.012639684431747011,0.012639684431747011
2020-03-30,0.0006767483976162225,-0.0006767483976162225
2020-03-31,0.009382865412121522,-0.009382865412121522
2020-04-01,-0.007102262695439565,0.007102262695439565
2020-04-02,0.00521386120068601,-0.00521386120068601
2020-04-03,-0.0015616977598031934,-0.0015616977598031934
2020-04-06,0.008684063366799055,0.008684063366799055
2020-04-07,-0.009802145365742976,-0.009802145365742976
2020-04-08,-0.006965553622556686,-0.006965553622556686
2020-04-09,-0.0007278112624454769,-0.0007278112624454769
2020-04-10,-0.001263956577371106,-0.001263956577371106
2020-04-13,-0.0012655561854356678,-0.0012655561854356678
2020-04-14,-0.006822505366526066,-0.006822505366526066
2020-04-15,0.0005622293256342115,0.0005622293256342115
2020-04-16,0.01716030110588651,0.01716030110588651
2020-04-17,-0.005637810326951431,0.005637810326951431
2020-04-20,0.000605492687302478,-0.000605492687302478
2020-04-21,0.005780139824819619,-0.005780139824819619
2020-04-22,0.004232380324983076,-0.004232380324983076
2020-04-23,-0.0003664746749364456,0.0003664746749364456
2020-04-24,-0.008375780809152022,0.008375780809152022
2020-04-27,0.0030572330883631427,-0.0030572330883631427
2020-04-28,-0.005089293741562861,0.005089293741562861
2020-04-29,-0.0037901661041760404,0.0037901661041760404
2020-04-30,-0.007773795799089656,0.007773795799089656
2020-05-01,0.0056651973612646955,-0.0056651973612646955
2020-05-04,0.013051003025236207,-0.013051003025236207
2020-05-05,-0.003629241976480846,0.003629241976480846
2020-05-06,-0.002946692235758386,0.002946692235758386
2020-05-07,0.008595561881449276,-0.008595561881449276
2020-05-08,-0.013655422044926313,0.013655422044926313
2020-05-11,-0.0032499134272352403,0.0032499134272352403
2020-05-12,0.006743700676912878,-0.006743700676912878
2020-05-13,0.004487058632038909,-0.004487058632038909
2020-05-14,0.0005752665846308069,-0.0005752665846308069
2020-05-15,-0.003974714668521395,0.003974714668521395
2020-05-18,0.004133120914896704,-0.004133120914896704
2020-05-19,-0.010787040154688676,0.010787040154688676
2020-05-20,-7.175306068707421e-05,7.175306068707421e-05
2020-05-21,-0.00240351514303494,0.00240351514303494
2020-05-22,0.0030566000853913255,-0.0030566000853913255
2020-05-25,0.0027890716189078457,-0.0027890716189078457
2020-05-26,-0.0010081635850256454,0.0010081635850256454
2020-05-27,-0.013548690125204876,0.013548690125204876
2020-05-28,-0.0020097566089257723,0.0020097566089257723
2020-05-29,0.001395865254022688,-0.001395865254022688
2020-06-01,0.0002903638410385323,-0.0002903638410385323
2020-06-02,-0.014189262615523446,0.014189262615523446
2020-06-03,-0.005337802654016066,0.005337802654016066
2020-06-04,-0.0011990637261471981,0.0011990637261471981
2020-06-05,0.0005780331501084035,-0.0005780331501084035
2020-06-08,-0.008058299325187646,0.008058299325187646
2020-06-09,-0.0018517636660363435,0.0018517636660363435
2020-06-10,0.0040395434555231535,-0.0040395434555231535
2020-06-25,0.00750245091976498,-0.00750245091976498
2020-06-26,-0.0006449837832274152,0.0006449837832274152
2020-06-29,0.0031756795213653266,-0.0031756795213653266
2020-06-30,-0.001586517218208905,0.001586517218208905
2020-07-01,-0.006033701507665912,0.006033701507665912
2020-07-02,0.0012376541952199283,-0.0012376541952199283
2020-07-03,-0.0015672368556428617,0.0015672368556428617
2020-07-06,-0.0015180413682085447,0.0015180413682085447
2020-07-07,-0.0007528720568856784,0.0007528720568856784
2020-07-08,0.0048083814641077804,-0.0048083814641077804
2020-07-09,-0.006380466220148873,-0.006380466220148873
2020-07-10,0.004645980452152587,0.004645980452152587
2020-07-13,0.0013254352060660946,0.0013254352060660946
2020-07-14,0.0009119098743393117,0.0009119098743393117
2020-07-15,-0.0008081644314632541,-0.0008081644314632541
2020-07-16,-0.006801803365426573,-0.006801803365426573
2020-07-17,0.004590213821937139,0.004590213821937139
2020-07-20,0.0004348812352523712,0.0004348812352523712
2020-07-21,-0.0036760030939546606,-0.0036760030939546606
2020-07-22,-0.005700582115847119,-0.005700582115847119
2020-07-23,-0.0022754527325643537,0.0022754527325643537
2020-07-24,-0.000998741644168133,0.000998741644168133
2020-07-27,0.0009699462518506508,-0.0009699462518506508
2020-07-28,-0.005806219339824614,0.005806219339824614
2020-07-29,0.00305125886100166,-0.00305125886100166
2020-07-30,-0.002810233630462622,0.002810233630462622
2020-07-31,0.005306519850955427,-0.005306519850955427
2020-08-03,-0.0011630478216538842,0.0011630478216538842
2020-08-04,-0.00023882432940103282,0.00023882432940103282
2020-08-05,-0.0073317181249555885,0.0073317181249555885
2020-08-06,-0.0023315020408711806,0.0023315020408711806
2020-08-07,0.004040774953827597,-0.004040774953827597
2020-08-10,0.0051357448485913615,-0.0051357448485913615
2020-08-11,-0.0024502073170145078,0.0024502073170145078
2020-08-12,-0.0032574112801768695,0.0032574112801768695
2020-08-13,-0.005026126093610084,0.005026126093610084
2020-08-14,-0.0018122267381619483,0.0018122267381619483
2020-08-17,0.002481197366422938,-0.002481197366422938
2020-08-18,-0.0023090030610100065,0.0023090030610100065
2020-08-19,-0.005256485968669011,0.005256485968669011
2020-08-20,0.004554358041535478,-0.004554358041535478
2020-08-21,-0.003012397957015467,0.003012397957015467
2020-08-24,0.0005693310563710252,-0.0005693310563710252
2020-08-25,0.002860502088394501,-0.002860502088394501
2020-08-26,-0.004130873712889893,0.004130873712889893
2020-08-27,-0.001899306506791154,0.001899306506791154
2020-08-28,-0.0012482586578492771,0.0012482586578492771
2020-08-31,-0.0031474864261524793,0.0031474864261524793
2020-09-01,-0.0034631873663654167,0.0034631873663654167
2020-09-02,0.0013808523093450376,-0.0013808523093450376
2020-09-03,-0.0006434908878365508,0.0006434908878365508
2020-09-04,0.007290312251087672,-0.007290312251087672
2020-09-07,-0.004870727090766858,0.004870727090766858
2020-09-08,0.0015371933134780136,-0.0015371933134780136
2020-09-09,0.010942462341222203,-0.010942462341222203
2020-09-10,-0.006541199064053371,0.006541199064053371
2020-09-11,0.0028131669409470206,-0.0028131669409470206
2020-09-14,-0.0006293295782642261,0.0006293295782642261
2020-09-15,-0.0003414067513705099,0.0003414067513705099
2020-09-16,0.0012218845991243121,-0.0012218845991243121
2020-09-17,-0.000856516305390409,0.000856516305390409
2020-09-18,-0.002374599410134959,0.002374599410134959
2020-09-21,0.0035741393922521514,-0.0035741393922521514
2020-09-22,0.007789540851121712,-0.007789540851121712
2020-09-23,-0.00022560133241922298,0.00022560133241922298
2020-09-24,0.006505275259872212,-0.006505275259872212
2020-09-25,-0.0023985262531204254,0.0023985262531204254
2020-09-28,0.0020522383728664995,-0.0020522383728664995
2020-09-29,-0.0016443981623015524,0.0016443981623015524
2020-09-30,0.0020214206868385265,-0.0020214206868385265
2020-10-01,-0.005865248912345966,0.005865248912345966
2020-10-02,-0.0016008895025173553,0.0016008895025173553
2020-10-05,0.0005269474103433147,-0.0005269474103433147
2020-10-06,-0.002558098047240498,0.002558098047240498
2020-10-07,0.004850200228796897,-0.004850200228796897
2020-10-08,-0.004766743065327095,0.004766743065327095
2020-10-09,-0.004955559298073453,0.004955559298073453
2020-10-12,-0.004707429812360608,0.004707429812360608
2020-10-13,-0.0013328198163795602,0.0013328198163795602
2020-10-14,0.002234543520914789,-0.002234543520914789
2020-10-15,0.0005174099279028344,-0.0005174099279028344
2020-10-16,0.00581812346411037,-0.00581812346411037
2020-10-19,-0.0034631276062468963,0.0034631276062468963
2020-10-20,0.000789102498119032,-0.000789102498119032
2020-10-21,-0.005246503129608837,0.005246503129608837
2020-10-22,0.0024923059785997292,-0.0024923059785997292
2020-10-23,-0.0012544291563376664,0.0012544291563376664
2020-10-26,0.0007992839838391053,-0.0007992839838391053
2020-10-27,0.004480050225453169,-0.004480050225453169
2020-10-28,-0.0010828591236026197,0.0010828591236026197
2020-10-29,0.008998033992874133,-0.008998033992874133
2020-10-30,0.0003605699154112241,-0.0003605699154112241
2020-11-02,0.00395033592269356,-0.00395033592269356
2020-11-03,-0.011026406999870786,0.011026406999870786
2020-11-04,-0.00895577782067869,0.00895577782067869
2020-11-05,0.0018546356519857365,-0.0018546356519857365
2020-11-06,-0.003374829787284317,0.003374829787284317
2020-11-09,-0.004571142806660156,0.004571142806660156
2020-11-10,-0.0011672574356934584,0.0011672574356934584
2020-11-11,0.0018374788496093863,-0.0018374788496093863
2020-11-12,0.0020873289699798736,-0.0020873289699798736
2020-11-13,0.005957908390094913,-0.005957908390094913
2020-11-16,-0.0009438914992139225,0.0009438914992139225
2020-11-17,-0.003680394561696332,0.003680394561696332
2020-11-18,0.0022714432070363166,-0.0022714432070363166
2020-11-19,-0.0015872436875248308,0.0015872436875248308
2020-11-20,0.00011470667071677987,-0.00011470667071677987
2020-11-23,-0.00026746636924701583,0.00026746636924701583
2020-11-24,-0.0005962195688138383,0.0005962195688138383
2020-11-25,-0.005965843764206613,0.005965843764206613
2020-11-26,0.0004308316206009799,-0.0004308316206009799
2020-11-27,0.0014151633631211968,-0.0014151633631211968
2020-11-30,-0.0029031423134846523,0.0029031423134846523
2020-12-01,0.0007241110999087752,-0.0007241110999087752
2020-12-02,-0.004541275480617446,0.004541275480617446
2020-12-03,-0.0012216808813578783,0.0012216808813578783
2020-12-04,-0.004072082617761041,0.004072082617761041
2020-12-07,-0.006607355770580692,0.006607355770580692
2020-12-08,0.0017528419200760759,-0.0017528419200760759
2020-12-09,0.001109218131581935,-0.001109218131581935
2020-12-10,0.0006397539653955064,-0.0006397539653955064
2020-12-11,-0.00664349854608981,0.00664349854608981
2020-12-14,0.0008948743900667466,-0.0008948743900667466
2020-12-15,0.000760659683419318,-0.000760659683419318
2020-12-16,-0.004756862197388578,0.004756862197388578
2020-12-17,0.0037324007056285247,-0.0037324007056285247
2020-12-18,-0.0012552185040641817,0.0012552185040641817
2020-12-21,0.0062524246135389205,-0.0062524246135389205
2020-12-22,0.003325420539701529,-0.003325420539701529
2020-12-23,0.0031198160349157344,-0.0031198160349157344
2020-12-24,-0.0037073938180886,0.0037073938180886
2020-12-25,0.00021019738508876173,-0.00021019738508876173
2020-12-28,-0.0006693356588433064,0.0006693356588433064
2020-12-29,3.11959264804873e-05,-3.11959264804873e-05
2020-12-30,-0.0013941173188346534,0.0013941173188346534
2020-12-31,-0.005568542157615597,0.005568542157615597
2021-01-01,-0.03143353133143767,0.03143353133143767
2021-01-04,0.03013789682415191,-0.03013789682415191
2021-01-05,0.004629748059209904,-0.004629748059209904
2021-01-06,-0.008317042050164702,0.008317042050164702
2021-01-07,-0.0007337070433148796,0.0007337070433148796
2021-01-08,0.0014527731542957056,-0.0014527731542957056
2021-01-11,0.0037054709785568907,-0.0037054709785568907
2021-01-12,0.003189139732881152,-0.003189139732881152
2021-01-13,-0.004987759752318244,0.004987759752318244
2021-01-14,-0.0007554415383652646,0.0007554415383652646
2021-01-15,-0.003969043004193207,0.003969043004193207
2021-01-18,0.009250626316017696,-0.009250626316017696
2021-01-19,-0.0013082978903428133,0.0013082978903428133
2021-01-20,-0.001984608460399939,0.001984608460399939
2021-01-21,-0.007600603190945354,0.007600603190945354
2021-01-22,0.001639529069468848,-0.001639529069468848
2021-01-25,0.006025268971924458,-0.006025268971924458
2021-01-26,0.0011475026755074502,-0.0011475026755074502
2021-01-27,-0.0034229328640394963,0.0034229328640394963
2021-01-28,0.009618802422707962,-0.009618802422707962
2021-01-29,0.001162606828861712,-0.001162606828861712
2021-02-01,-0.0022367594293927207,0.0022367594293927207
2021-02-02,0.0034212772867860952,-0.0034212772867860952
2021-02-03,-0.004740810277945262,0.004740810277945262
2021-02-04,-8.606125603372039e-05,8.606125603372039e-05
2021-02-05,0.003042895577357596,-0.003042895577357596
2021-02-08,-0.005030014982390418,0.005030014982390418
2021-02-09,-0.0016225147680144492,0.0016225147680144492
2021-02-10,-0.003187412220522323,0.003187412220522323
2021-02-11,-8.656383721528105e-05,8.656383721528105e-05
2021-02-12,0.00036224750067526124,-0.00036224750067526124
2021-02-15,-0.000999902853707546,0.000999902853707546
2021-02-16,-0.004121998064149146,0.004121998064149146
2021-02-17,0.005808947772113937,-0.005808947772113937
2021-02-18,-0.0007160624034221463,0.0007160624034221463
2021-02-19,-0.001496041469390974,0.001496041469390974
2021-02-22,-0.006482156068478462,0.006482156068478462
2021-02-23,0.000817519441634218,-0.000817519441634218
2021-02-24,-0.001300628257243197,0.001300628257243197
2021-02-25,-0.006559416871721457,0.006559416871721457
2021-02-26,0.0079855927336272,-0.0079855927336272
2021-03-01,0.006827976420008097,-0.006827976420008097
2021-03-02,-0.004292698609610013,0.004292698609610013
2021-03-03,-0.00046669047426184385,0.00046669047426184385
2021-03-04,0.0027778642597628966,-0.0027778642597628966
2021-03-05,0.0005681650329845134,-0.0005681650329845134
2021-03-08,-0.0036283051620250584,0.0036283051620250584
2021-03-09,0.0020582450313813005,-0.0020582450313813005
2021-03-10,-0.0011692171264927609,0.0011692171264927609
2021-03-11,-0.0018191931000779427,0.0018191931000779427
2021-03-12,-0.007028475020136482,0.007028475020136482
2021-03-15,-0.004955527439807428,0.004955527439807428
2021-03-16,0.0004972272007084388,-0.0004972272007084388
2021-03-17,-0.002629188067738375,0.002629188067738375
2021-03-18,-0.004235418688784964,0.004235418688784964
2021-03-19,0.008143659224985722,-0.008143659224985722
2021-03-22,0.002561908493942555,-0.002561908493942555
2021-03-23,-0.00016773013154725014,0.00016773013154725014
2021-03-24,0.005534785181822599,-0.005534785181822599
2021-03-25,-0.0010642587906213308,0.0010642587906213308
2021-03-26,0.001995715491254435,-0.001995715491254435
2021-03-29,-0.001396630605016158,0.001396630605016158
2021-03-30,0.0004926872742125887,-0.0004926872742125887
2021-03-31,0.0024145031909486026,-0.0024145031909486026
2021-04-01,-0.004476676980482042,0.004476676980482042
2021-04-02,-0.0014564932072538284,0.0014564932072538284
2021-04-05,0.0014346731978076566,-0.0014346731978076566
2021-04-06,-0.0034861411609167225,0.0034861411609167225
2021-04-07,0.004089422677300725,-0.004089422677300725
2021-04-08,0.0032852392762705573,-0.0032852392762705573
2021-04-09,-0.004003950738636908,0.004003950738636908
2021-04-12,-0.002499540469828254,0.002499540469828254
2021-04-13,0.0022504667939609035,-0.0022504667939609035
2021-04-14,-0.0017437644829222387,0.0017437644829222387
2021-04-15,-0.0016032318324005201,0.0016032318324005201
2021-04-16,0.0021330433529609394,-0.0021330433529609394
2021-04-19,-0.0020807004625742476,0.0020807004625742476
2021-04-20,0.00032750746534171427,-0.00032750746534171427
2021-04-21,0.007171578955485591,-0.007171578955485591
2021-04-22,-0.008547735656815658,0.008547735656815658
2021-04-23,-6.397260942647698e-05,6.397260942647698e-05
2021-04-26,-0.0012237570380331242,0.0012237570380331242
2021-04-27,-0.007335310163146702,0.007335310163146702
2021-04-28,0.0008229057256043948,-0.0008229057256043948
2021-04-29,-0.008326450996077206,0.008326450996077206
2021-04-30,-0.0021702603023655564,0.0021702603023655564
2021-05-03,0.00023625894018697302,-0.00023625894018697302
2021-05-04,8.14527046182345e-05,-8.14527046182345e-05
2021-05-05,0.001636784501366062,-0.001636784501366062
2021-05-06,-0.002691081623499403,0.002691081623499403
2021-05-07,-0.00921976807679481,0.00921976807679481
2021-05-10,-0.0032910552621476796,0.0032910552621476796
2021-05-11,-0.0016757594007454912,0.0016757594007454912
2021-05-12,0.0002232642094854853,-0.0002232642094854853
2021-05-13,0.0020005526649924388,-0.0020005526649924388
2021-05-14,0.003935482246562927,-0.003935482246562927
2021-05-17,-0.004708983875597483,0.004708983875597483
2021-05-18,-0.004087133517063912,0.004087133517063912
2021-05-19,0.0009285505321252607,-0.0009285505321252607
2021-05-20,0.004936747795442287,-0.004936747795442287
2021-05-21,-0.005753287877318436,0.005753287877318436
2021-05-24,0.00037306950121740456,-0.00037306950121740456
2021-05-25,-0.0014253349433387408,0.0014253349433387408
2021-05-26,0.0011784602554087975,-0.0011784602554087975
2021-05-27,0.005479042179474591,-0.005479042179474591
2021-05-28,-0.004938054427979455,0.004938054427979455
2021-05-31,0.0006296160734513556,-0.0006296160734513556
2021-06-01,-0.0014158681660425554,0.0014158681660425554
2021-06-02,0.0006882306334687893,-0.0006882306334687893
2021-06-03,-0.002568595221889347,0.002568595221889347
2021-06-04,0.005731909212388864,-0.005731909212388864
2021-06-07,-0.002577074952481717,0.002577074952481717
2021-06-08,0.0009026729246988108,-0.0009026729246988108
2021-06-09,0.002043582150966783,-0.002043582150966783
2021-06-10,0.0002641789747592771,-0.0002641789747592771
2021-06-11,-0.0017829339206449912,0.0017829339206449912
2021-06-14,0.0053750148851419155,-0.0053750148851419155
2021-06-15,-0.0013982921637396561,0.0013982921637396561
2021-06-16,0.003673484175975794,-0.003673484175975794
2021-06-17,0.007582746349009906,-0.007582746349009906
2021-06-18,0.005473160773405983,-0.005473160773405983
2021-06-21,0.008481055830567685,-0.008481055830567685
2021-06-22,-0.006417724390311408,0.006417724390311408
2021-06-23,-0.004850478591090779,0.004850478591090779
2021-06-24,-0.0005442373975148573,0.0005442373975148573
2021-06-25,0.0015442667184457637,-0.0015442667184457637
2021-06-28,-0.002467036365785824,0.002467036365785824
2021-06-29,0.0034250159026214533,-0.0034250159026214533
2021-06-30,0.005042957001245574,-0.005042957001245574
2021-07-01,-0.0002823433653059704,0.0002823433653059704
2021-07-02,0.003873313613736329,-0.003873313613736329
2021-07-05,-0.008898223230014213,0.008898223230014213
2021-07-06,0.000802849885054302,-0.000802849885054302
2021-07-07,0.009578747264395115,-0.009578747264395115
2021-07-08,0.001894338819582897,-0.001894338819582897
2021-07-09,0.003709406194161158,-0.003709406194161158
2021-07-12,-0.006465543490837833,0.006465543490837833
2021-07-13,0.0006588260082556197,-0.0006588260082556197
2021-07-14,0.005282930164194122,-0.005282930164194122
2021-07-15,-0.00043928733009268583,0.00043928733009268583
2021-07-16,0.00587278766772692,-0.00587278766772692
2021-07-19,0.0022161999443393032,-0.0022161999443393032
2021-07-20,0.01023231397577229,-0.01023231397577229
2021-07-21,-0.005562507715962783,0.005562507715962783
2021-07-22,-0.008378630152704236,0.008378630152704236
2021-07-23,-0.00038990632953317395,0.00038990632953317395
2021-07-26,0.0002785724905680631,-0.0002785724905680631
2021-07-27,-0.002188214941536426,0.002188214941536426
2021-07-28,0.004082965866405441,-0.004082965866405441
2021-07-29,-0.00567851740876768,0.00567851740876768
2021-07-30,-0.005623156710834243,0.005623156710834243
2021-08-02,0.0013976518759042378,-0.0013976518759042378
2021-08-03,0.002759368916637195,-0.002759368916637195
2021-08-04,0.0025757429684867272,-0.0025757429684867272
2021-08-05,0.0009335443850657654,-0.0009335443850657654
2021-08-06,-0.0034834388415498907,0.0034834388415498907
2021-08-09,0.00556735286884491,-0.00556735286884491
2021-08-10,0.00023072032059978653,-0.00023072032059978653
2021-08-11,-0.004358309343828415,0.004358309343828415
2021-08-12,-0.0009745090746277052,0.0009745090746277052
2021-08-13,0.001055429442449629,-0.001055429442449629
2021-08-16,-0.00031944662513450073,0.00031944662513450073
2021-08-17,0.004282524105211349,-0.004282524105211349
2021-08-18,0.004526777657173797,-0.004526777657173797
2021-08-19,0.002898636653223763,-0.002898636653223763
2021-08-20,0.013282745487959602,-0.013282745487959602
2021-08-23,-0.00041305594975693527,0.00041305594975693527
2021-08-24,-0.013644193278161465,0.013644193278161465
2021-08-25,-0.004347449989766661,0.004347449989766661
2021-08-26,-0.0005795789648420646,0.0005795789648420646
2021-08-27,0.007641735211195044,-0.007641735211195044
2021-08-30,-0.005825748188704627,0.005825748188704627
2021-08-31,-0.00016655836906653843,0.00016655836906653843
2021-09-01,0.0005710443455642089,-0.0005710443455642089
2021-09-02,0.00044381862794762306,-0.00044381862794762306
2021-09-03,-0.0055380464908405536,0.0055380464908405536
2021-09-06,-0.0017129485366095265,0.0017129485366095265
2021-09-07,0.0003192791825310515,-0.0003192791825310515
2021-09-08,0.008943430963600507,-0.008943430963600507
2021-09-09,0.0037639383784937586,-0.0037639383784937586
2021-09-10,-0.0024735880615662786,0.0024735880615662786
2021-09-13,0.0013346627554717827,-0.0013346627554717827
2021-09-14,-0.0024844081646160365,0.0024844081646160365
2021-09-15,0.0033207630111129482,-0.0033207630111129482
2021-09-16,-0.005665963748353264,0.005665963748353264
2021-09-17,0.005024549758904984,-0.005024549758904984
2021-09-20,0.006505538205302086,-0.006505538205302086
2021-09-21,0.0030085309733554055,-0.0030085309733554055
2021-09-22,0.0014372268477513828,-0.0014372268477513828
2021-09-23,-0.0027222093959878846,0.0027222093959878846
2021-09-24,-0.009690376007287282,0.009690376007287282
2021-09-27,-0.0009950426746114793,0.0009950426746114793
2021-09-28,-0.0018341195236755148,0.0018341195236755148
2021-09-29,0.004023367899011587,-0.004023367899011587
2021-09-30,0.006058262002411441,-0.006058262002411441
2021-10-01,-0.00547292685076628,0.00547292685076628
2021-10-04,-0.004651455671040972,0.004651455671040972
2021-10-05,-0.002788128133787815,0.002788128133787815
2021-10-06,-0.000563956940050736,0.000563956940050736
2021-10-07,0.0002781584771922585,-0.0002781584771922585
2021-10-08,-0.003114584389002917,0.003114584389002917
2021-10-11,-0.005013118057961119,0.005013118057961119
2021-10-12,-0.0002963975286710552,0.0002963975286710552
2021-10-13,-0.0003445305606344373,0.0003445305606344373
2021-10-14,-0.003150000988943802,0.003150000988943802
2021-10-15,-0.0050012729153519064,0.0050012729153519064
2021-10-18,-7.273205789237736e-05,7.273205789237736e-05
2021-10-19,-0.00012119680009614608,0.00012119680009614608
2021-10-20,-0.0014711105227183108,0.0014711105227183108
2021-10-21,-0.0023959581931831675,0.0023959581931831675
2021-10-22,0.0037243472332813,-0.0037243472332813
2021-10-25,8.085219563347401e-05,-8.085219563347401e-05
2021-10-26,0.0006223863075398572,-0.0006223863075398572
2021-10-27,0.0010017085476883292,-0.0010017085476883292
2021-10-28,-0.0017512838322754076,0.0017512838322754076
2021-10-29,-0.0019078768319357176,0.0019078768319357176
2021-11-01,0.002980690973797717,-0.002980690973797717
2021-11-02,-0.0007267368399164198,0.0007267368399164198
2021-11-03,0.0027557856566198247,-0.0027557856566198247
2021-11-04,-0.0024339523575971356,0.0024339523575971356
2021-11-05,0.00591385106649156,-0.00591385106649156
2021-11-08,-1.6084780580571945e-05,1.6084780580571945e-05
2021-11-09,-0.000690699247296811,0.000690699247296811
2021-11-10,-0.0004983101909560306,0.0004983101909560306
2021-11-11,0.004060746123996539,0.004060746123996539
2021-11-12,0.008168841565201479,0.008168841565201479
2021-11-15,-0.0034317238098223735,-0.0034317238098223735
2021-11-16,-0.002494925767976497,-0.002494925767976497
2021-11-17,0.0041313630363941645,0.0041313630363941645
2021-11-18,0.0036209524581123365,0.0036209524581123365
2021-11-19,-0.0006105468350108278,-0.0006105468350108278
2021-11-22,0.003967148233042783,0.003967148233042783
2021-11-23,0.003777653733916475,0.003777653733916475
2021-11-24,-0.0019997891994865125,-0.0019997891994865125
2021-11-25,-0.0011202526098161858,0.0011202526098161858
2021-11-26,0.00015798288060597798,-0.00015798288060597798
2021-11-29,0.0048247768397156054,-0.0048247768397156054
2021-11-30,0.0010373478968621619,-0.0010373478968621619
2021-12-01,0.0028497739300386016,-0.0028497739300386016
2021-12-02,0.00286509902145049,-0.00286509902145049
2021-12-03,0.0005307744002220893,-0.0005307744002220893
2021-12-06,-5.45931434360325e-05,5.45931434360325e-05
2021-12-07,-0.004291143736713132,0.004291143736713132
2021-12-08,-0.009105190563915455,0.009105190563915455
2021-12-09,0.0005061243020170192,0.0005061243020170192
2021-12-10,0.004441917249222271,0.004441917249222271
2021-12-13,0.0009048289028203982,0.0009048289028203982
2021-12-14,0.006894793689917522,0.006894793689917522
2021-12-15,0.004645658693753774,0.004645658693753774
2021-12-16,-0.002378145189428027,-0.002378145189428027
2021-12-17,-0.004424947648303923,-0.004424947648303923
2021-12-20,0.009296024612539755,0.009296024612539755
2021-12-21,0.002907288933891694,0.002907288933891694
2021-12-22,-0.001004929916159969,-0.001004929916159969
2021-12-23,-0.005555966561992198,0.005555966561992198
2021-12-24,-0.002124324512855269,0.002124324512855269
2021-12-27,-0.0007720218895396203,0.0007720218895396203
2021-12-28,-0.0021070479726699176,0.0021070479726699176
2021-12-29,0.0020332795942166193,-0.0020332795942166193
2021-12-30,-0.0023725561652734317,0.0023725561652734317
2021-12-31,-0.002988392421323427,0.002988392421323427
2022-01-03,-0.006716723516286605,0.006716723516286605
2022-01-04,0.007307205189655441,-0.007307205189655441
2022-01-05,-0.0036780963161447966,0.0036780963161447966
2022-01-06,0.0043843504072309525,-0.0043843504072309525
2022-01-07,-0.002343247556882755,0.002343247556882755
2022-01-10,-0.00654348504794422,0.00654348504794422
2022-01-11,0.0014311448527282167,-0.0014311448527282167
2022-01-12,-0.006908773690787351,0.006908773690787351
2022-01-13,-0.0060346295038884445,0.0060346295038884445
2022-01-14,0.0004959425397026429,-0.0004959425397026429
2022-01-17,0.0027503018164840576,-0.0027503018164840576
2022-01-18,-0.002112884891019573,0.002112884891019573
2022-01-19,-0.0014541481846245263,0.0014541481846245263
2022-01-20,0.0010722397314755217,-0.0010722397314755217
2022-01-21,-0.0008472683504299194,0.0008472683504299194
2022-01-24,0.004855897551900634,-0.004855897551900634
2022-01-25,0.005134891744095205,-0.005134891744095205
2022-01-26,-0.0007603599156531526,0.0007603599156531526
2022-01-27,0.003376646889005963,-0.003376646889005963
2022-01-28,0.0068886840305313335,-0.0068886840305313335
2022-01-31,0.001051359781097272,-0.001051359781097272
2022-02-01,-0.0032683026959736683,0.0032683026959736683
2022-02-02,-0.002185950524778102,0.002185950524778102
2022-02-03,-0.00025214170138154746,0.00025214170138154746
2022-02-04,-0.000622714037160299,0.000622714037160299
2022-02-07,0.005268771172611819,-0.005268771172611819
2022-02-08,-0.006253359550964288,0.006253359550964288
2022-02-09,0.0031424020028847366,-0.0031424020028847366
2022-02-10,-0.0023061415855902823,0.0023061415855902823
2022-02-11,0.004409937929086727,-0.004409937929086727
2022-02-14,-0.0006676731231185506,0.0006676731231185506
2022-02-15,0.0004009090019014838,-0.0004009090019014838
2022-02-16,-0.0003850143535149009,0.0003850143535149009
2022-02-17,-0.002224218251462795,0.002224218251462795
2022-02-18,0.0007404922198079866,-0.0007404922198079866
2022-02-21,0.004077200041773255,-0.004077200041773255
2022-02-22,-4.7098349202912004e-05,4.7098349202912004e-05
2022-02-23,0.0008702390578092523,-0.0008702390578092523
2022-02-24,-0.00260041718721693,0.00260041718721693
2022-02-25,0.0059368262595758114,-0.0059368262595758114
2022-02-28,-0.004239028338393069,0.004239028338393069
2022-03-01,-0.0069540311688860434,0.0069540311688860434
2022-03-02,0.0045000531743186745,-0.0045000531743186745
2022-03-03,-0.006083154654465406,0.006083154654465406
2022-03-04,0.001913592710927503,-0.001913592710927503
2022-03-07,0.0034568934550098795,-0.0034568934550098795
2022-03-08,0.006866434888273876,-0.006866434888273876
2022-03-09,0.006842982129968034,-0.006842982129968034
2022-03-10,-0.007021500124351654,0.007021500124351654
2022-03-11,-0.0033285644029149575,0.0033285644029149575
2022-03-14,-0.001607039122935694,0.001607039122935694
2022-03-15,0.006729239514498886,-0.006729239514498886
2022-03-16,-0.004079174212686443,0.004079174212686443
2022-03-17,-0.006421941947743481,0.006421941947743481
2022-03-18,-0.004350968136217381,0.004350968136217381
2022-03-21,-0.002042533545661973,0.002042533545661973
2022-03-22,-0.0014119801851830704,0.0014119801851830704
2022-03-23,-0.00041308461131972507,0.00041308461131972507
2022-03-24,-0.0018755652417600244,0.0018755652417600244
2022-03-25,-0.003089387695090706,0.003089387695090706
2022-03-28,-0.0026596532205996892,0.0026596532205996892
2022-03-29,0.0024905156965591146,-0.0024905156965591146
2022-03-30,-0.0016216509109061583,0.0016216509109061583
2022-03-31,-0.0012481879527256323,0.0012481879527256323
2022-04-01,0.0012978812160775455,-0.0012978812160775455
2022-04-04,0.0022402590032410963,-0.0022402590032410963
2022-04-05,-0.003217170933737079,0.003217170933737079
2022-04-06,-0.00014416397496930244,0.00014416397496930244
2022-04-07,0.006359884782052738,-0.006359884782052738
2022-04-08,0.0018227053292734219,-0.0018227053292734219
2022-04-11,-0.0008501216414583679,0.0008501216414583679
2022-04-12,0.005097012535081102,-0.005097012535081102
2022-04-13,-0.0004508980425309561,0.0004508980425309561
2022-04-14,-0.005397932141926076,0.005397932141926076
2022-04-15,0.002928483251532832,-0.002928483251532832
2022-04-18,0.0009521230423708005,-0.0009521230423708005
2022-04-19,-0.0011731932847039994,0.0011731932847039994
2022-04-20,0.00027777215379565234,-0.00027777215379565234
2022-04-21,-0.009322645480125846,0.009322645480125846
2022-04-22,0.00824102383536518,-0.00824102383536518
2022-04-25,0.010477342838437043,-0.010477342838437043
2022-04-26,0.0011477677940554543,-0.0011477677940554543
2022-04-27,0.0055355993543626525,-0.0055355993543626525
2022-04-28,0.0006168934986015007,-0.0006168934986015007
2022-04-29,-0.0007335455545278702,0.0007335455545278702
2022-05-02,0.0037799043819464195,-0.0037799043819464195
2022-05-03,0.0016338526553536514,-0.0016338526553536514
2022-05-04,-0.0031225537048309437,0.0031225537048309437
2022-05-05,-0.0075270031726475395,0.0075270031726475395
2022-05-06,0.007050149474886469,-0.007050149474886469
2022-05-09,0.0071100858386847765,-0.0071100858386847765
2022-05-10,0.006982374130859892,-0.006982374130859892
2022-05-11,0.001752711199362711,-0.001752711199362711
2022-05-12,-0.002823984529651047,-0.002823984529651047
2022-05-13,0.0022086157020604347,0.0022086157020604347
2022-05-16,-0.00891495206034687,-0.00891495206034687
2022-05-17,-0.004416202341219866,-0.004416202341219866
2022-05-18,-0.0032606756560059624,-0.0032606756560059624
2022-05-19,0.005941524055786962,0.005941524055786962
2022-05-20,-0.005013855413326218,-0.005013855413326218
2022-05-23,-0.0005928103955230579,-0.0005928103955230579
2022-05-24,-0.0019435244617693748,-0.0019435244617693748
2022-05-25,0.002760614573289244,0.002760614573289244
2022-05-26,-0.0001716218046711182,0.0001716218046711182
2022-05-27,-0.0036816685469888144,0.0036816685469888144
2022-05-30,-0.003859719234264425,0.003859719234264425
2022-05-31,-0.005383657504867467,0.005383657504867467
2022-06-01,-0.0012800548909843723,0.0012800548909843723
2022-06-02,0.0020808570769419443,-0.0020808570769419443
2022-06-03,-0.007540361717491728,0.007540361717491728
2022-06-06,0.001201311190336618,-0.001201311190336618
2022-06-07,-0.0003893159207761787,0.0003893159207761787
2022-06-08,-0.003449962280399732,0.003449962280399732
2022-06-09,0.001228454968980941,-0.001228454968980941
2022-06-10,0.012006023905868801,-0.012006023905868801
2022-06-13,0.007470863042905229,-0.007470863042905229
2022-06-14,0.007220128164703521,-0.007220128164703521
2022-06-15,0.004251304643446696,-0.004251304643446696
2022-06-16,-0.0055156675846553815,0.0055156675846553815
2022-06-17,0.006245398296933491,-0.006245398296933491
2022-06-20,0.003605138207701142,-0.003605138207701142
2022-06-21,-0.001438433980309184,0.001438433980309184
2022-06-22,-0.003843828831480267,0.003843828831480267
2022-06-23,0.0024667996059020147,-0.0024667996059020147
2022-06-24,0.0017972704661703975,-0.0017972704661703975
2022-06-27,-0.0069299103050392,0.0069299103050392
2022-06-28,-0.002178785366903302,0.002178785366903302
2022-06-29,0.0003107833964781648,-0.0003107833964781648
2022-06-30,0.0008000996420387541,-0.0008000996420387541
2022-07-01,-0.0007451448304132136,0.0007451448304132136
2022-07-04,0.0009554374279232558,-0.0009554374279232558
2022-07-05,-0.0022271951864830664,0.0022271951864830664
2022-07-06,0.01380540606194347,-0.01380540606194347
2022-07-07,-6.136605970363807e-05,-6.136605970363807e-05
2022-07-08,-0.005217166868854761,-0.005217166868854761
2022-07-11,-0.0014653383310644363,-0.0014653383310644363
2022-07-12,0.0036919246043383147,0.0036919246043383147
2022-07-13,0.0028088691978260805,0.0028088691978260805
2022-07-14,-0.0023329024968057333,-0.0023329024968057333
2022-07-15,0.008237892268849745,0.008237892268849745
2022-07-18,-0.007522062768222093,-0.007522062768222093
2022-07-19,-0.0021599776268396154,-0.0021599776268396154
2022-07-20,-0.008504611412971652,-0.008504611412971652
2022-07-21,0.0009401778826556573,-0.0009401778826556573
2022-07-22,-0.0003881727510316457,0.0003881727510316457
2022-07-25,0.0036185824683840906,-0.0036185824683840906
2022-07-26,-0.005717795892617006,0.005717795892617006
2022-07-27,0.0017898045519328942,-0.0017898045519328942
2022-07-28,-0.004396512273731834,0.004396512273731834
2022-07-29,-0.0007880568051955583,0.0007880568051955583
2022-08-01,0.000671488901444528,-0.000671488901444528
2022-08-02,0.0021458528828044443,-0.0021458528828044443
2022-08-03,0.0034882577952550786,-0.0034882577952550786
2022-08-04,-0.0026614180132851217,0.0026614180132851217
2022-08-05,0.0012914587232635277,-0.0012914587232635277
2022-08-08,0.0057730857202453745,-0.0057730857202453745
2022-08-09,-0.00675969003099286,0.00675969003099286
2022-08-10,0.0022477956665376553,-0.0022477956665376553
2022-08-11,-0.008683862196465442,0.008683862196465442
2022-08-12,-0.0008689194304233316,0.0008689194304233316
2022-08-15,0.0013006364385370617,-0.0013006364385370617
2022-08-16,0.009710806362032365,-0.009710806362032365
2022-08-17,-0.004510304754366201,0.004510304754366201
2022-08-18,0.005636210207542014,-0.005636210207542014
2022-08-19,0.002268223025043037,-0.002268223025043037
2022-08-22,0.004108991820595431,-0.004108991820595431
2022-08-23,0.0036768798550301796,-0.0036768798550301796
2022-08-24,-0.006905278314272345,0.006905278314272345
2022-08-25,0.0009492216989246405,-0.0009492216989246405
2022-08-26,-0.0025211676615556344,0.0025211676615556344
2022-08-29,0.009561363863576755,-0.009561363863576755
2022-08-30,-0.0045937553877279935,0.0045937553877279935
2022-08-31,0.006783889026882761,-0.006783889026882761
2022-09-01,0.003949812518237339,-0.003949812518237339
2022-09-02,0.0002891060101937182,-0.0002891060101937182
2022-09-05,-0.00017493702856441473,0.00017493702856441473
2022-09-06,-0.001042458813216962,0.001042458813216962
2022-09-07,0.001888971101847492,-0.001888971101847492
2022-09-08,-0.0018169860326165965,0.0018169860326165965
2022-09-09,-0.0037395504949175873,0.0037395504949175873
2022-09-12,-0.004418676074025574,0.004418676074025574
2022-09-13,-0.003309538464242312,0.003309538464242312
2022-09-14,0.014075621704671137,-0.014075621704671137
2022-09-15,-0.00015948791428477271,0.00015948791428477271
2022-09-16,0.006572656747913186,-0.006572656747913186
2022-09-19,0.0008454527644774501,-0.0008454527644774501
2022-09-20,-0.001116277748246186,0.001116277748246186
2022-09-21,0.009030935960449238,-0.009030935960449238
2022-09-22,0.00865821796967392,-0.00865821796967392
2022-09-23,-0.0005638223458140912,0.0005638223458140912
2022-09-26,0.008143355912519024,-0.008143355912519024
2022-09-27,0.009557598964432534,-0.009557598964432534
2022-09-28,0.0008679030212710437,-0.0008679030212710437
2022-09-29,-0.006893767645212323,0.006893767645212323
2022-09-30,0.0034194632900832467,-0.0034194632900832467
2022-10-03,0.008248974239565054,-0.008248974239565054
2022-10-04,-0.011546889031341712,0.011546889031341712
2022-10-05,-0.009003436732723746,0.009003436732723746
2022-10-06,0.006841642414334492,-0.006841642414334492
2022-10-07,0.010531127382500394,-0.010531127382500394
2022-10-10,-0.000647708736849939,0.000647708736849939
2022-10-11,0.003124142744536984,-0.003124142744536984
2022-10-12,0.0011978045068119503,-0.0011978045068119503
2022-10-13,0.0017546666569856484,0.0017546666569856484
2022-10-14,-0.004024436364489792,-0.004024436364489792
2022-10-17,0.00689676203571965,0.00689676203571965
2022-10-18,-0.010256215230981192,-0.010256215230981192
2022-10-19,0.0009699028462828441,0.0009699028462828441
2022-10-20,0.003394974853598187,0.003394974853598187
2022-10-21,0.00032674188914105784,0.00032674188914105784
2022-10-24,-0.009515682684364757,-0.009515682684364757
2022-10-25,0.003590727634258828,0.003590727634258828
2022-10-26,-0.005731885631081068,-0.005731885631081068
2022-10-27,-0.00475149257834262,0.00475149257834262
2022-10-28,0.0009223061929892751,-0.0009223061929892751
2022-10-31,0.0032143314449850635,-0.0032143314449850635
2022-11-01,0.00019105933421648125,-0.00019105933421648125
2022-11-02,0.0005362828217041482,-0.0005362828217041482
2022-11-03,0.007137676141841798,-0.007137676141841798
2022-11-04,0.0019831998626005376,-0.0019831998626005376
2022-11-07,-0.016729237720356616,0.016729237720356616
2022-11-08,-0.001406162288543067,0.001406162288543067
2022-11-09,-0.005787969575148932,0.005787969575148932
2022-11-10,0.008281577546419783,0.008281577546419783
2022-11-11,-0.01441615828038989,-0.01441615828038989
2022-11-14,-0.005813324954152543,-0.005813324954152543
2022-11-15,0.005334287439375585,0.005334287439375585
2022-11-16,-0.0038425170983064083,-0.0038425170983064083
2022-11-17,0.004670927671615921,0.004670927671615921
2022-11-18,-0.0010573338096162566,-0.0010573338096162566
2022-11-21,0.004166249060385763,0.004166249060385763
2022-11-22,0.005188053459131536,0.005188053459131536
2022-11-23,-0.006232238912568855,-0.006232238912568855
2022-11-24,-0.0014143641913747507,0.0014143641913747507
2022-11-25,-0.0005245937726109373,0.0005245937726109373
2022-11-28,0.005473673371410692,-0.005473673371410692
2022-11-29,0.005988200684375888,-0.005988200684375888
2022-11-30,0.00694600318058769,-0.00694600318058769
2022-12-01,-0.012632923056670853,0.012632923056670853
2022-12-02,0.0017521419141623973,-0.0017521419141623973
2022-12-05,0.000632712935718871,-0.000632712935718871
2022-12-06,0.010711101475529672,-0.010711101475529672
2022-12-07,0.004518688125858539,-0.004518688125858539
2022-12-08,-2.9345113999212913e-05,-2.9345113999212913e-05
2022-12-09,-0.0037584683008007325,-0.0037584683008007325
2022-12-12,0.004235976819691345,0.004235976819691345
2022-12-13,-0.0018308328595911805,-0.0018308328595911805
2022-12-14,-0.00549505139268025,-0.00549505139268025
2022-12-15,-0.0003836042512708193,-0.0003836042512708193
2022-12-16,0.007970364745117697,0.007970364745117697
2022-12-19,0.002225736906044995,0.002225736906044995
2022-12-20,-0.003331234547580997,-0.003331234547580997
2022-12-21,-0.0031957491136851424,-0.0031957491136851424
2022-12-22,0.0009779098955435828,-0.0009779098955435828
2022-12-23,0.0017704454618379106,-0.0017704454618379106
2022-12-26,-0.0034538594190924865,0.0034538594190924865
2022-12-27,-0.0024062561431638096,0.0024062561431638096
2022-12-28,-0.0023604441475862936,0.0023604441475862936
2022-12-29,0.005500991045685355,-0.005500991045685355
2022-12-30,-0.0034854475857476475,0.0034854475857476475
2023-01-02,-0.0017635972211006434,0.0017635972211006434
2023-01-03,0.002284152199385492,-0.002284152199385492
2023-01-04,0.008488749101688287,-0.008488749101688287
2023-01-05,-0.01382169091140828,0.01382169091140828
2023-01-06,0.005546881478116994,-0.005546881478116994
2023-01-09,-0.00919623777645262,0.00919623777645262
2023-01-10,-0.0030889252540069467,0.0030889252540069467
2023-01-11,0.0029267185559991304,-0.0029267185559991304
2023-01-12,-0.00021582606761794132,0.00021582606761794132
2023-01-13,-0.004020894556059029,0.004020894556059029
2023-01-16,0.0015101685274996335,-0.0015101685274996335
2023-01-17,0.00011942108006302021,-0.00011942108006302021
2023-01-18,-0.0005821749818865074,0.0005821749818865074
2023-01-19,0.007901465998287449,-0.007901465998287449
2023-01-20,-0.0023711480988858336,0.0023711480988858336
2023-01-23,-0.006892531370376487,0.006892531370376487
2023-01-24,-6.731210205623839e-05,6.731210205623839e-05
2023-01-25,0.00035147307071636824,-0.00035147307071636824
2023-01-26,0.0004037578896565197,-0.0004037578896565197
2023-01-27,-0.0047906629692737734,0.0047906629692737734
2023-01-30,-0.0009687248944840743,0.0009687248944840743
2023-01-31,0.00605867646970526,-0.00605867646970526
2023-02-01,-0.0058129649167263375,0.0058129649167263375
2023-02-02,-0.0023298042391058926,0.0023298042391058926
2023-02-03,0.0031337451015307494,-0.0031337451015307494
2023-02-06,0.0062403017015650875,-0.0062403017015650875
2023-02-07,0.0030821629284079055,-0.0030821629284079055
2023-02-08,-0.0037869193147962443,0.0037869193147962443
2023-02-09,0.004100003294033483,-0.004100003294033483
2023-02-10,0.00027521431738652957,-0.00027521431738652957
2023-02-13,-0.0067887611911338075,0.0067887611911338075
2023-02-14,-0.0018191880249164294,0.0018191880249164294
2023-02-15,0.0005624690702361601,-0.0005624690702361601
2023-02-16,0.0037479539190123923,-0.0037479539190123923
2023-02-17,0.006153648108329524,-0.006153648108329524
2023-02-20,0.0006679365335535703,-0.0006679365335535703
2023-02-21,-0.0021510194817269124,0.0021510194817269124
2023-02-22,0.006087888254291407,-0.006087888254291407
2023-02-23,0.0007757688835823284,-0.0007757688835823284
2023-02-24,-0.00016237330811630368,0.00016237330811630368
2023-02-27,0.003728767012356471,-0.003728767012356471
2023-02-28,-0.0014492395219526388,0.0014492395219526388
2023-03-01,0.005245331920690655,-0.005245331920690655
2023-03-02,-0.004074635368621293,0.004074635368621293
2023-03-03,0.0003826388625116639,-0.0003826388625116639
2023-03-06,0.0006031140431834725,-0.0006031140431834725
2023-03-07,0.0009703775025253769,-0.0009703775025253769
2023-03-08,0.009679659495069881,-0.009679659495069881
2023-03-09,0.0037387738368726,-0.0037387738368726
2023-03-10,0.002289954470438893,-0.002289954470438893
2023-03-13,-0.004858698511431059,0.004858698511431059
2023-03-14,-0.0020778783001290657,0.0020778783001290657
2023-03-15,-0.003370878866466809,0.003370878866466809
2023-03-16,0.005551906709365895,-0.005551906709365895
2023-03-17,-0.003327318698154058,0.003327318698154058
2023-03-20,-0.0006778518153890412,0.0006778518153890412
2023-03-21,-0.002830109766313371,0.002830109766313371
2023-03-22,0.002764982343143041,-0.002764982343143041
2023-03-23,0.0005762721444551033,-0.0005762721444551033
2023-03-24,2.1900851369549557e-05,-2.1900851369549557e-05
2023-03-27,0.0007581700118906021,-0.0007581700118906021
2023-03-28,-0.005339729186484399,0.005339729186484399
2023-03-29,-0.004452810744018931,0.004452810744018931
2023-03-30,-0.0022217180613997023,0.0022217180613997023
2023-03-31,-0.003037647901969809,0.003037647901969809
2023-04-03,-0.001486468473221203,0.001486468473221203
2023-04-04,-0.005043822996573133,0.005043822996573133
2023-04-05,0.0003200815262822676,-0.0003200815262822676
2023-04-06,0.0012130286408358337,-0.0012130286408358337
2023-04-07,0.0030249989256871945,-0.0030249989256871945
2023-04-10,0.0006669360322659745,-0.0006669360322659745
2023-04-11,-4.440334266242463e-05,4.440334266242463e-05
2023-04-12,-0.0030288308786964313,0.0030288308786964313
2023-04-13,-0.001671365084222609,0.001671365084222609
2023-04-14,-0.007440469194997523,0.007440469194997523
2023-04-17,0.0018741058744711214,-0.0018741058744711214
2023-04-18,0.002020180397141358,-0.002020180397141358
2023-04-19,-8.216112053882618e-05,8.216112053882618e-05
2023-04-20,0.005757626500465074,-0.005757626500465074
2023-04-21,0.0009504524651176016,-0.0009504524651176016
2023-04-24,0.004272709546744302,-0.004272709546744302
2023-04-25,-0.00034719186237919253,0.00034719186237919253
2023-04-26,0.006258494533110115,-0.006258494533110115
2023-04-27,0.0009031908600376504,-0.0009031908600376504
2023-04-28,-0.002274305464455062,0.002274305464455062
2023-05-01,-0.0029853820763999783,0.0029853820763999783
2023-05-02,-0.0005235534429375299,0.0005235534429375299
2023-05-03,0.0049808052995352625,-0.0049808052995352625
2023-05-04,0.0009104702768916173,-0.0009104702768916173
2023-05-05,-0.007988619767251626,0.007988619767251626
2023-05-08,-0.010574567951187941,0.010574567951187941
2023-05-09,-0.0005680705505134442,0.0005680705505134442
2023-05-10,0.00019442692730042843,-0.00019442692730042843
2023-05-11,-0.0002167603718545852,0.0002167603718545852
2023-05-12,0.009041188140030743,-0.009041188140030743
2023-05-15,0.004520817627460483,-0.004520817627460483
2023-05-16,-0.00656627369113183,0.00656627369113183
2023-05-17,0.000906043693899683,-0.000906043693899683
2023-05-18,-0.0007790901680996276,0.0007790901680996276
2023-05-19,0.0023019138265936157,-0.0023019138265936157
2023-05-22,-0.0007186454174188395,0.0007186454174188395
2023-05-23,0.0011046834015728813,-0.0011046834015728813
2023-05-24,-0.00025920245981014833,0.00025920245981014833
2023-05-25,0.006600338021940155,-0.006600338021940155
2023-05-26,0.004025490268324994,-0.004025490268324994
2023-05-29,-0.0025067397738665065,0.0025067397738665065
2023-05-30,-0.0005878562098979856,0.0005878562098979856
2023-05-31,-9.562336000679128e-05,9.562336000679128e-05
2023-06-01,-0.0024779425074211714,0.0024779425074211714
2023-06-02,-0.009066794985512328,0.009066794985512328
2023-06-05,-0.00109357206286953,0.00109357206286953
2023-06-06,0.001467090252061487,-0.001467090252061487
2023-06-07,-0.003673433206276,0.003673433206276
2023-06-08,-0.0020151144706732627,0.0020151144706732627
2023-06-09,-0.0007179338411439362,0.0007179338411439362
2023-06-12,-0.0018859191542974774,0.0018859191542974774
2023-06-13,0.0019644755110492795,-0.0019644755110492795
2023-06-14,-0.0036144598734471067,0.0036144598734471067
2023-06-15,0.0008787574378781304,-0.0008787574378781304
2023-06-16,-0.007841581465954706,0.007841581465954706
2023-06-19,-0.0018076274684362126,0.0018076274684362126
2023-06-20,0.0008713532349677866,-0.0008713532349677866
2023-06-21,0.0012187602992239643,-0.0012187602992239643
2023-06-22,-0.0048844299174442,0.0048844299174442
2023-06-23,-0.0011473475185835857,0.0011473475185835857
2023-06-26,0.0014301415179032162,-0.0014301415179032162
2023-06-27,-0.001116599481443603,0.001116599481443603
2023-06-28,0.003627316422234683,-0.003627316422234683
2023-06-29,0.004099256139874274,-0.004099256139874274
2023-06-30,-0.0001358351468674357,0.0001358351468674357
2023-07-03,0.0,-0.0
2023-07-04,-0.00015096843823958483,0.00015096843823958483
2023-07-05,-0.0018493276660930258,0.0018493276660930258
2023-07-06,0.004718879375905427,-0.004718879375905427
2023-07-07,0.005983748258527211,-0.005983748258527211
2023-07-10,-0.0065392344254355805,0.0065392344254355805
2023-07-11,-0.0003013001694858186,0.0003013001694858186
2023-07-12,-0.0034879988734658474,0.0034879988734658474
2023-07-13,-0.0033944055978087917,0.0033944055978087917
2023-07-14,-0.005332714083078227,0.005332714083078227
2023-07-17,0.008579614351917009,-0.008579614351917009
2023-07-18,-0.0017769170070779383,0.0017769170070779383
2023-07-19,-0.0026739578341447023,0.0026739578341447023
2023-07-20,-0.00024301448788277558,0.00024301448788277558
2023-07-21,0.000850848017895478,-0.000850848017895478
2023-07-24,0.0037800914279924047,-0.0037800914279924047
2023-07-25,-0.0037356571813367268,0.0037356571813367268
2023-07-26,0.0009488171681073521,-0.0009488171681073521
2023-07-27,0.0013270487150724986,-0.0013270487150724986
2023-07-28,0.0016964253552531616,-0.0016964253552531616
2023-07-31,0.0018144109581337275,-0.0018144109581337275
2023-08-01,-0.0044524235174902005,0.0044524235174902005
2023-08-02,0.005798982347410941,-0.005798982347410941
2023-08-03,0.005644887773827101,-0.005644887773827101
2023-08-04,0.0005396106851849325,-0.0005396106851849325
2023-08-07,0.0016777841819506367,-0.0016777841819506367
2023-08-08,-0.00013451493726424069,0.00013451493726424069
2023-08-09,0.0040235094916665215,-0.0040235094916665215
2023-08-10,-0.00046183056101800624,0.00046183056101800624
2023-08-11,0.001937635171840535,-0.001937635171840535
2023-08-14,-0.0003719526922281169,0.0003719526922281169
2023-08-15,0.0014137687541229127,-0.0014137687541229127
2023-08-16,0.0023255855150459137,-0.0023255855150459137
2023-08-17,0.0034469698442496366,-0.0034469698442496366
2023-08-18,0.0006352967678682209,-0.0006352967678682209
2023-08-21,-0.000265785713173039,0.000265785713173039
2023-08-22,0.00010343749650632006,-0.00010343749650632006
2023-08-23,0.0005242638388576193,-0.0005242638388576193
2023-08-24,-0.0019483316453540178,0.0019483316453540178
2023-08-25,0.004665872508110125,-0.004665872508110125
2023-08-28,0.0005299438452550653,-0.0005299438452550653
2023-08-29,0.0005222969772193942,-0.0005222969772193942
2023-08-30,-0.0031026966290165214,0.0031026966290165214
2023-08-31,-0.0017405440288095209,0.0017405440288095209
2023-09-01,-0.0018913650970523443,0.0018913650970523443
2023-09-04,0.006276936293883706,-0.006276936293883706
2023-09-05,0.0003089295909739498,-0.0003089295909739498
2023-09-06,0.0029562347862126526,-0.0029562347862126526
2023-09-07,7.254522473632008e-06,-7.254522473632008e-06
2023-09-08,0.0032627633656614474,-0.0032627633656614474
2023-09-11,-0.004129092240902854,0.004129092240902854
2023-09-12,-0.0035444359258153257,0.0035444359258153257
2023-09-13,-0.0020399206752140797,0.0020399206752140797
2023-09-14,0.00011066731776820937,-0.00011066731776820937
2023-09-15,-0.0027817699903268656,0.0027817699903268656
2023-09-18,0.0005253577742894144,-0.0005253577742894144
2023-09-19,-0.002580976871005447,0.002580976871005447
2023-09-20,-0.0032846855975525724,0.0032846855975525724
2023-09-21,0.002529230117640502,-0.002529230117640502
2023-09-22,5.935387425548555e-05,-5.935387425548555e-05
2023-09-25,-3.706080076448792e-05,3.706080076448792e-05
2023-09-26,-0.0019737598036748683,0.0019737598036748683
2023-09-27,0.00514481371243658,-0.00514481371243658
2023-09-28,-0.0013757089062734762,0.0013757089062734762
2023-09-29,-0.0007407204652173371,0.0007407204652173371
2023-10-02,0.006130031348217324,-0.006130031348217324
2023-10-03,0.007558724430671626,-0.007558724430671626
2023-10-04,0.0023983413571500023,-0.0023983413571500023
2023-10-05,0.0025603418148496537,-0.0025603418148496537
2023-10-06,-0.002801256015995901,0.002801256015995901
2023-10-09,-0.003254104008515446,0.003254104008515446
2023-10-10,-0.005899948524231924,0.005899948524231924
2023-10-11,0.00022831513176302387,-0.00022831513176302387
2023-10-12,0.0008023870642182018,-0.0008023870642182018
2023-10-13,0.006568809440776091,-0.006568809440776091
2023-10-16,-0.002886625025274814,0.002886625025274814
2023-10-17,-0.0021913967799870315,0.0021913967799870315
2023-10-18,0.0028353186079943526,-0.0028353186079943526
2023-10-19,0.0044531692093410236,-0.0044531692093410236
2023-10-20,0.00010944048962580055,-0.00010944048962580055
2023-10-23,-0.0008968096938192227,0.0008968096938192227
2023-10-24,-0.001058207502277142,0.001058207502277142
2023-10-25,0.003879211470845023,-0.003879211470845023
2023-10-26,0.004460892369325231,-0.004460892369325231
2023-10-27,0.0008041481643208392,-0.0008041481643208392
