date,EUR=X Long Only,EUR=X Using TFT
2017-06-27,0.0013662443266451163,-0.0013662443266451163
2017-06-28,-0.013722193703199825,0.013722193703199825
2017-06-29,-0.003821280148787909,0.003821280148787909
2017-06-30,-0.005156354906695637,0.005156354906695637
2017-07-03,0.0016246698301682905,-0.0016246698301682905
2017-07-04,0.00454643561599255,-0.00454643561599255
2017-07-05,0.0009892988178570317,-0.0009892988178570317
2017-07-06,0.0011700594780235107,-0.0011700594780235107
2017-07-07,-0.0068194668383634305,0.0068194668383634305
2017-07-10,0.001839436881172496,-0.001839436881172496
2017-07-12,-0.006112449744054893,0.006112449744054893
2017-07-13,0.0048190348594225885,-0.0048190348594225885
2017-07-14,0.0013131888771118483,-0.0013131888771118483
2017-07-17,-0.006226577857067261,0.006226577857067261
2017-07-18,9.185940326683628e-05,-9.185940326683628e-05
2017-07-19,-0.006528941740088112,0.006528941740088112
2017-07-20,0.0018479904618249332,-0.0018479904618249332
2017-07-21,-0.008623302596947546,0.008623302596947546
2017-07-24,-0.004535190300067216,0.004535190300067216
2017-07-25,0.0036797185455363923,-0.0036797185455363923
2017-07-26,-0.000488802631958718,0.000488802631958718
2017-07-27,-0.007114841505659775,0.007114841505659775
2017-07-28,0.003365964451819581,-0.003365964451819581
2017-07-31,-0.004991078079553457,0.004991078079553457
2017-08-01,-0.006496252251033563,0.006496252251033563
2017-08-02,0.0010878148875237414,-0.0010878148875237414
2017-08-03,-0.0033662033605008634,0.0033662033605008634
2017-08-04,-0.0028442533755420607,0.0028442533755420607
2017-08-07,0.009044405954797163,-0.009044405954797163
2017-08-08,-0.0019080984418448077,0.0019080984418448077
2017-08-09,0.003941521483845412,-0.003941521483845412
2017-08-10,-0.0005877580006447003,0.0005877580006447003
2017-08-11,-0.0007409306970062035,0.0007409306970062035
2017-08-14,-0.004672818844328019,0.004672818844328019
2017-08-15,0.004221728463528418,-0.004221728463528418
2017-08-16,0.0029439444011922777,-0.0029439444011922777
2017-08-17,-0.002806184130552114,0.002806184130552114
2017-08-18,0.005015840697387919,-0.005015840697387919
2017-08-21,-0.0034677492338270888,0.0034677492338270888
2017-08-22,-0.004714289277989225,0.004714289277989225
2017-08-23,0.004228648938145341,-0.004228648938145341
2017-08-24,-0.004598962131229678,0.004598962131229678
2017-08-25,0.0012170681124985538,-0.0012170681124985538
2017-08-28,-0.01252211080498633,0.01252211080498633
2017-08-29,-0.0010039659254263977,0.0010039659254263977
2017-08-30,-0.0005503722535940003,0.0005503722535940003
2017-08-31,0.006476036062313284,-0.006476036062313284
2017-09-01,-0.0014271654694578695,0.0014271654694578695
2017-09-04,0.0023224939161876623,-0.0023224939161876623
2017-09-05,-0.0008912188840095592,0.0008912188840095592
2017-09-06,-0.00256899709157965,0.00256899709157965
2017-09-07,-0.00031002035245941695,0.00031002035245941695
2017-09-08,-0.008420992313063813,0.008420992313063813
2017-09-11,0.0009502958830192032,-0.0009502958830192032
2017-09-12,0.00486716475332627,-0.00486716475332627
2017-09-13,-0.0012677107221567008,0.0012677107221567008
2017-09-14,0.007065052571068708,-0.007065052571068708
2017-09-15,-0.0026040354398861876,0.0026040354398861876
2017-09-18,-0.0012995192105790254,0.0012995192105790254
2017-09-19,-0.0018502115569347666,0.0018502115569347666
2017-09-20,-0.0027745452951308813,0.0027745452951308813
2017-09-21,0.010145691660468081,-0.010145691660468081
2017-09-22,-0.006149756252239236,0.006149756252239236
2017-09-25,0.001540935943787014,-0.001540935943787014
2017-09-26,0.006035181969342052,-0.006035181969342052
2017-09-27,0.00590414441244258,-0.00590414441244258
2017-09-28,0.0030997280818265693,-0.0030997280818265693
2017-09-29,-0.002725906250199195,0.002725906250199195
2017-10-02,-0.0021678373831232056,0.0021678373831232056
2017-10-03,0.006269702123874232,-0.006269702123874232
2017-10-04,-0.0011734331872894632,0.0011734331872894632
2017-10-05,-0.0008223262126912934,0.0008223262126912934
2017-10-06,0.003832878534948181,-0.003832878534948181
2017-10-09,-0.00256499632410101,0.00256499632410101
2017-10-10,7.048047456392759e-05,-7.048047456392759e-05
2017-10-11,-0.006199605113204498,0.006199605113204498
2017-10-12,-0.004265190842748123,0.004265190842748123
2017-10-13,0.002847695767502989,-0.002847695767502989
2017-10-16,0.0015026339995571902,-0.0015026339995571902
2017-10-17,0.0016540298290115274,-0.0016540298290115274
2017-10-18,0.0019224492168934404,-0.0019224492168934404
2017-10-19,-0.001977629803838865,0.001977629803838865
2017-10-20,-0.004458607323932884,0.004458607323932884
2017-10-23,0.008032947875561414,-0.008032947875561414
2017-10-24,-0.0004701537159552682,0.0004701537159552682
2017-10-25,1.1775141890435492e-05,-1.1775141890435492e-05
2017-10-26,-0.005221022417923993,0.005221022417923993
2017-10-27,0.015768876830380307,-0.015768876830380307
2017-10-30,0.002816222624267839,-0.002816222624267839
2017-10-31,-0.00413123217611977,0.00413123217611977
2017-11-01,8.161024018904506e-05,-8.161024018904506e-05
2017-11-02,0.0019807793357231596,-0.0019807793357231596
2017-11-03,-0.0028373790729707693,0.0028373790729707693
2017-11-06,0.004034973711050549,-0.004034973711050549
2017-11-07,0.0001974452304100982,-0.0001974452304100982
2017-11-08,0.0009986596862929797,-0.0009986596862929797
2017-11-09,0.00035963731189059267,-0.00035963731189059267
2017-11-10,-0.004290801827304458,0.004290801827304458
2017-11-13,-0.0012229156736609514,0.0012229156736609514
2017-11-14,-0.00032653794297221594,0.00032653794297221594
2017-11-15,-0.010848383227404446,0.010848383227404446
2017-11-17,0.001309028961009373,-0.001309028961009373
2017-11-20,0.0038865023928411624,-0.0038865023928411624
2017-11-21,-0.0007977308305974207,0.0007977308305974207
2017-11-22,0.0003404679982825787,-0.0003404679982825787
2017-11-23,-0.006561065396578414,0.006561065396578414
2017-11-24,-0.003308184455525942,0.003308184455525942
2017-11-27,-0.0060810729175521105,0.0060810729175521105
2017-11-28,0.001812870685208523,-0.001812870685208523
2017-11-29,0.00479766324309594,-0.00479766324309594
2017-11-30,-0.0003317724913571851,0.0003317724913571851
2017-12-01,-0.0038874345771654495,0.0038874345771654495
2017-12-04,0.0032363210049743962,-0.0032363210049743962
2017-12-05,-0.0006641353413807671,0.0006641353413807671
2017-12-06,0.0029431658524570192,-0.0029431658524570192
2017-12-07,0.0024257983520736826,-0.0024257983520736826
2017-12-08,0.0027267637757153462,-0.0027267637757153462
2017-12-11,0.00018833007497986998,-0.00018833007497986998
2017-12-12,-0.0006473153495608619,0.0006473153495608619
2017-12-13,0.002979705695270063,-0.002979705695270063
2017-12-14,-0.007879277775915239,0.007879277775915239
2017-12-15,0.005172240344236689,-0.005172240344236689
2017-12-18,0.00267296584035992,-0.00267296584035992
2017-12-19,-0.003452607718035905,0.003452607718035905
2017-12-20,-0.004819772847861392,0.004819772847861392
2017-12-21,-0.00310240586083399,0.00310240586083399
2017-12-22,0.00175795040682436,-0.00175795040682436
2017-12-25,0.00010671956564722862,-0.00010671956564722862
2017-12-26,-0.0013872063113576916,0.0013872063113576916
2017-12-27,0.001234793041425597,-0.001234793041425597
2017-12-28,-0.003604818638106133,0.003604818638106133
2017-12-29,-0.00342740186439372,0.00342740186439372
2018-01-01,-0.005266334316565535,0.005266334316565535
2018-01-02,-0.0005521903610617995,0.0005521903610617995
2018-01-03,-0.004300185802277534,0.004300185802277534
2018-01-04,0.0044152521453753035,-0.0044152521453753035
2018-01-05,-0.004840188310041849,0.004840188310041849
2018-01-08,0.002606812933440672,-0.002606812933440672
2018-01-09,0.005597415433925557,-0.005597415433925557
2018-01-10,0.0034475357956802455,-0.0034475357956802455
2018-01-11,-0.002242702329385615,0.002242702329385615
2018-01-12,-0.007137819783733179,0.007137819783733179
2018-01-15,-0.012319072969141254,0.012319072969141254
2018-01-16,-0.006205876891872797,0.006205876891872797
2018-01-17,-0.00023312428442068267,0.00023312428442068267
2018-01-18,0.0071664398880011415,-0.0071664398880011415
2018-01-19,-0.004300975315724931,0.004300975315724931
2018-01-22,-0.0015417912289663604,0.0015417912289663604
2018-01-23,-6.12876827025266e-05,6.12876827025266e-05
2018-01-24,-0.004387707289619458,0.004387707289619458
2018-01-25,-0.006524424014259345,0.006524424014259345
2018-01-26,-9.918966548561059e-05,9.918966548561059e-05
2018-01-29,-0.0028750129077539377,0.0028750129077539377
2018-01-30,0.0037905985954540533,-0.0037905985954540533
2018-01-31,-0.0022905221620085348,0.0022905221620085348
2018-02-01,-0.0007321970853541027,0.0007321970853541027
2018-02-02,-0.007302168777436391,0.007302168777436391
2018-02-05,0.005066573907233751,-0.005066573907233751
2018-02-06,0.0063977378708763855,-0.0063977378708763855
2018-02-07,-0.0010883717460345999,0.0010883717460345999
2018-02-08,0.009224045186973173,-0.009224045186973173
2018-02-09,0.0006011505001226602,-0.0006011505001226602
2018-02-12,0.00064982590555962,-0.00064982590555962
2018-02-13,-0.004141447065000303,0.004141447065000303
2018-02-14,-0.004047932472123095,0.004047932472123095
2018-02-15,-0.009104716835044657,0.009104716835044657
2018-02-16,-0.002904881138113602,0.002904881138113602
2018-02-19,0.007389598711096124,-0.007389598711096124
2018-02-20,0.0010674653014592916,-0.0010674653014592916
2018-02-21,0.0051329875129844105,-0.0051329875129844105
2018-02-22,0.004354400754123633,0.004354400754123633
2018-02-23,-0.0036354580178573626,-0.0036354580178573626
2018-02-26,0.0032172916882797775,0.0032172916882797775
2018-02-27,-0.0023099674425025585,-0.0023099674425025585
2018-02-28,0.00697061183765646,0.00697061183765646
2018-03-01,0.0032043218834496567,0.0032043218834496567
2018-03-02,-0.006485763837392189,-0.006485763837392189
2018-03-05,-0.0036198409294504463,-0.0036198409294504463
2018-03-06,-0.0017118928583068627,-0.0017118928583068627
2018-03-07,-0.006452022782122202,-0.006452022782122202
2018-03-08,0.00016141367891009395,0.00016141367891009395
2018-03-09,0.008777163495139462,0.008777163495139462
2018-03-12,-0.00017223342000260988,-0.00017223342000260988
2018-03-13,-0.002498695187799771,-0.002498695187799771
2018-03-14,-0.004257201394266219,-0.004257201394266219
2018-03-15,0.0013508269161421893,0.0013508269161421893
2018-03-16,0.005395723519550755,0.005395723519550755
2018-03-19,0.0023141188321773587,0.0023141188321773587
2018-03-20,-0.004543840503036578,-0.004543840503036578
2018-03-21,0.006933310273282256,0.006933310273282256
2018-03-22,-0.007755468189289516,-0.007755468189289516
2018-03-23,0.0018397976237334301,0.0018397976237334301
2018-03-26,-0.0023787201662723856,-0.0023787201662723856
2018-03-27,-0.008277404196853855,-0.008277404196853855
2018-03-28,0.003998789685596638,0.003998789685596638
2018-03-29,0.007928673811029796,0.007928673811029796
2018-03-30,0.000603215171349536,0.000603215171349536
2018-04-02,-0.0009227199493255789,-0.0009227199493255789
2018-04-03,0.001748570235742486,0.001748570235742486
2018-04-04,0.0011555457145417947,0.0011555457145417947
2018-04-05,-0.0006752846265786205,-0.0006752846265786205
2018-04-06,0.0028750664334564746,0.0028750664334564746
2018-04-09,-0.001617216542929123,-0.001617216542929123
2018-04-10,-0.004135460902489951,-0.004135460902489951
2018-04-11,-0.003290069476689861,-0.003290069476689861
2018-04-12,-0.0006923146588178053,-0.0006923146588178053
2018-04-13,0.003402176708779514,0.003402176708779514
2018-04-16,-0.00023428840152617258,-0.00023428840152617258
2018-04-17,-0.004242363609513244,-0.004242363609513244
2018-04-18,0.0009660230941972436,0.0009660230941972436
2018-04-19,-0.0004825453971010196,-0.0004825453971010196
2018-04-20,0.0027234218633591656,0.0027234218633591656
2018-04-23,0.0058764302086438125,0.0058764302086438125
2018-04-24,0.00527756099459431,0.00527756099459431
2018-04-25,-0.002649305610639252,-0.002649305610639252
2018-04-26,0.005728948229401398,0.005728948229401398
2018-04-27,0.005124267030377938,0.005124267030377938
2018-04-30,-0.0010898297926796863,-0.0010898297926796863
2018-05-01,0.003442862017154269,0.003442862017154269
2018-05-02,0.00747828635476111,0.00747828635476111
2018-05-03,0.003393573631234492,0.003393573631234492
2018-05-04,-0.0031909054741890985,-0.0031909054741890985
2018-05-07,0.002865465064594064,0.002865465064594064
2018-05-08,0.0017812914940515956,0.0017812914940515956
2018-05-09,0.005549186990829069,0.005549186990829069
2018-05-10,0.0017445434385090497,0.0017445434385090497
2018-05-11,-0.0058998770735366746,-0.0058998770735366746
2018-05-14,-0.0028959858818468076,-0.0028959858818468076
2018-05-15,0.0017570002350217884,0.0017570002350217884
2018-05-16,0.009330195533157726,0.009330195533157726
2018-05-17,0.00033094119054566384,0.00033094119054566384
2018-05-18,0.0018434869506720464,0.0018434869506720464
2018-05-21,0.0024298137393554686,0.0024298137393554686
2018-05-22,-0.002188622264178375,-0.002188622264178375
2018-05-23,0.00033021535903476895,0.00033021535903476895
2018-05-24,0.0066958609595977325,0.0066958609595977325
2018-05-25,-0.001065605105188605,-0.001065605105188605
2018-05-28,0.002883773422274416,0.002883773422274416
2018-05-29,0.005330146652884782,0.005330146652884782
2018-05-30,0.007592390076495592,0.007592390076495592
2018-05-31,-0.010962344045914674,-0.010962344045914674
2018-06-01,-0.002216797619319144,-0.002216797619319144
2018-06-04,0.0021047716125210947,0.0021047716125210947
2018-06-05,-0.0027304769748716096,-0.0027304769748716096
2018-06-06,-0.0021879771794252045,-0.0021879771794252045
2018-06-07,-0.005030528867424389,-0.005030528867424389
2018-06-08,-0.0008249816584885439,-0.0008249816584885439
2018-06-11,0.0009553756807991753,0.0009553756807991753
2018-06-12,0.0008366747292836152,0.0008366747292836152
2018-06-13,0.002201733778503634,0.002201733778503634
2018-06-14,-0.0050399850202351715,-0.0050399850202351715
2018-06-15,0.020852547016516176,0.020852547016516176
2018-06-18,-0.0025330732834605296,-0.0025330732834605296
2018-06-19,-0.0029917402120296366,-0.0029917402120296366
2018-06-20,0.0036403761472449947,0.0036403761472449947
2018-06-21,0.0008227999581416068,0.0008227999581416068
2018-06-22,-0.00230425099005771,-0.00230425099005771
2018-06-25,-0.00476994892058058,-0.00476994892058058
2018-06-26,-0.0035334065570183926,-0.0035334065570183926
2018-06-27,0.004505539186270058,0.004505539186270058
2018-06-28,0.0074911516595381755,0.0074911516595381755
2018-06-29,5.78277671292593e-05,5.78277671292593e-05
2018-07-02,-0.009897900952758998,-0.009897900952758998
2018-07-03,0.0031298581000591685,0.0031298581000591685
2018-07-04,-0.0014669563570074429,-0.0014669563570074429
2018-07-05,-0.000268109370276548,-0.000268109370276548
2018-07-06,-0.00286894180035413,-0.00286894180035413
2018-07-09,-0.004795350419533051,-0.004795350419533051
2018-07-10,-0.0003995591679950561,-0.0003995591679950561
2018-07-11,0.0025512211643017313,0.0025512211643017313
2018-07-12,0.004303867455449195,0.004303867455449195
2018-07-13,0.0009341587226288084,0.0009341587226288084
2018-07-16,-0.001131598179040627,-0.001131598179040627
2018-07-17,-0.0025928016375178498,-0.0025928016375178498
2018-07-18,0.004824290493170347,0.004824290493170347
2018-07-19,0.0006526345152251256,0.0006526345152251256
2018-07-20,-0.0008151916630548817,-0.0008151916630548817
2018-07-23,-0.00738939458483423,-0.00738939458483423
2018-07-24,0.004086205820196032,0.004086205820196032
2018-07-25,0.0007366850399963543,0.0007366850399963543
2018-07-26,-0.004428766750224744,-0.004428766750224744
2018-07-27,0.008122328147010416,0.008122328147010416
2018-07-30,-0.0015019657131547515,-0.0015019657131547515
2018-07-31,-0.0040111508506311955,-0.0040111508506311955
2018-08-01,0.0015219365061487355,0.0015219365061487355
2018-08-02,0.0020340383175110333,0.0020340383175110333
2018-08-03,0.006894516052993405,0.006894516052993405
2018-08-06,0.0020507461612560007,0.0020507461612560007
2018-08-07,0.0003699446440692533,0.0003699446440692533
2018-08-08,-0.0038718907948092074,-0.0038718907948092074
2018-08-09,-0.0006729857662576277,-0.0006729857662576277
2018-08-10,0.007535374578027998,0.007535374578027998
2018-08-13,0.011339554216659664,0.011339554216659664
2018-08-14,-0.0006837282922039778,-0.0006837282922039778
2018-08-15,0.005005702880148233,0.005005702880148233
2018-08-16,0.00012483710651123303,0.00012483710651123303
2018-08-17,-0.0023822924913159405,-0.0023822924913159405
2018-08-20,-0.005799422036936175,-0.005799422036936175
2018-08-21,-0.00466658758467231,-0.00466658758467231
2018-08-22,-0.0073774634553227525,-0.0073774634553227525
2018-08-23,-0.0006945824980253423,-0.0006945824980253423
2018-08-24,0.0035912626717697904,0.0035912626717697904
2018-08-27,-0.009061516150086213,-0.009061516150086213
2018-08-28,-0.0029704769364496952,-0.0029704769364496952
2018-08-29,-0.0006542652698515727,-0.0006542652698515727
2018-08-30,-0.0015783028892092377,-0.0015783028892092377
2018-08-31,0.00386422684927501,0.00386422684927501
2018-09-03,0.005482328369582401,0.005482328369582401
2018-09-04,-0.001241270791337623,-0.001241270791337623
2018-09-05,0.0024973274075781315,0.0024973274075781315
2018-09-06,-0.004182760226719595,-0.004182760226719595
2018-09-07,0.001303179769734264,0.001303179769734264
2018-09-10,0.005101212157773594,0.005101212157773594
2018-09-11,-0.003005900926481231,-0.003005900926481231
2018-09-12,-1.1611698177649288e-05,-1.1611698177649288e-05
2018-09-13,-0.002852640309648935,-0.002852640309648935
2018-09-14,-0.00534944583414898,-0.00534944583414898
2018-09-17,0.005401631674519791,0.005401631674519791
2018-09-18,-0.003442211111006399,-0.003442211111006399
2018-09-19,-0.0009218632878273958,-0.0009218632878273958
2018-09-20,0.000455509059394954,0.000455509059394954
2018-09-21,-0.008604178560085995,-0.008604178560085995
2018-09-24,0.002119667771082856,0.002119667771082856
2018-09-25,-0.0001645275631997345,-0.0001645275631997345
2018-09-26,-0.0008697087347898647,-0.0008697087347898647
2018-09-27,0.0012469080585499892,0.0012469080585499892
2018-09-28,0.009551574785422456,0.009551574785422456
2018-10-01,0.002758058696250121,0.002758058696250121
2018-10-02,0.0024023230087883984,0.0024023230087883984
2018-10-03,0.002234466781214639,0.002234466781214639
2018-10-04,0.006572918586682741,-0.006572918586682741
2018-10-05,-0.003626514681754789,0.003626514681754789
2018-10-08,-0.00039159743399330704,0.00039159743399330704
2018-10-09,0.0024773570554128543,-0.0024773570554128543
2018-10-10,-0.0011149365738520878,0.0011149365738520878
2018-10-11,-0.002289906387293539,0.002289906387293539
2018-10-12,-0.0049247646456908045,0.0049247646456908045
2018-10-15,0.003384445203144848,-0.003384445203144848
2018-10-16,-0.002772301032577973,0.002772301032577973
2018-10-17,0.0007065839414335251,-0.0007065839414335251
2018-10-18,0.006470537301456636,-0.006470537301456636
2018-10-19,0.0035653106855328964,-0.0035653106855328964
2018-10-22,-0.004297531680592104,0.004297531680592104
2018-10-23,0.003625466183307724,-0.003625466183307724
2018-10-24,-0.00045872337237617966,0.00045872337237617966
2018-10-25,0.006482381444983254,-0.006482381444983254
2018-10-26,0.0018808500964104802,-0.0018808500964104802
2018-10-29,-0.0018318137166639659,0.0018318137166639659
2018-10-30,0.001983356438068018,-0.001983356438068018
2018-10-31,0.0026279394800916567,-0.0026279394800916567
2018-11-01,0.0026209838857678136,-0.0026209838857678136
2018-11-02,-0.007593496122510923,0.007593496122510923
2018-11-05,0.0005017463928227439,-0.0005017463928227439
2018-11-06,-0.0013449054394994997,0.0013449054394994997
2018-11-07,-0.0022369768241881083,0.0022369768241881083
2018-11-08,0.00038896013196154655,-0.00038896013196154655
2018-11-09,0.005774204052635845,-0.005774204052635845
2018-11-12,0.003831141387947934,-0.003831141387947934
2018-11-13,0.008154023259446586,-0.008154023259446586
2018-11-14,-0.00687488876857556,0.00687488876857556
2018-11-15,-5.656535310771815e-05,5.656535310771815e-05
2018-11-16,-0.0011537557541141386,0.0011537557541141386
2018-11-19,-0.00780292214695788,0.00780292214695788
2018-11-20,-0.0035839528714279867,0.0035839528714279867
2018-11-21,0.007262511014822115,-0.007262511014822115
2018-11-22,-0.0013988097780029962,0.0013988097780029962
2018-11-23,-0.0012982705700131936,0.0012982705700131936
2018-11-26,0.005804205595407508,-0.005804205595407508
2018-11-27,0.0003514622342646323,-0.0003514622342646323
2018-11-28,0.003059977463250485,-0.003059977463250485
2018-11-29,-0.006135227553973666,0.006135227553973666
2018-11-30,-0.002125959041373693,0.002125959041373693
2018-12-03,0.004454577253155678,-0.004454577253155678
2018-12-04,-0.0011114942062494526,0.0011114942062494526
2018-12-05,0.001055947270045987,-0.001055947270045987
2018-12-06,-0.0005444541433109462,0.0005444541433109462
2018-12-07,-0.0022584189795403775,0.0022584189795403775
2018-12-10,-0.002297701579752842,0.002297701579752842
2018-12-11,0.00391053540887687,-0.00391053540887687
2018-12-12,0.00295264837396525,-0.00295264837396525
2018-12-13,-0.00442733983415311,0.00442733983415311
2018-12-14,0.0008644043104564236,-0.0008644043104564236
2018-12-17,0.005102293085522458,-0.005102293085522458
2018-12-18,-0.003866629647799602,0.003866629647799602
2018-12-19,-0.002247275080026867,0.002247275080026867
2018-12-20,-0.0012399073191823318,0.0012399073191823318
2018-12-21,-0.005877031411782863,0.005877031411782863
2018-12-24,0.0073896676585523124,-0.0073896676585523124
2018-12-25,-0.0027294533812887156,0.0027294533812887156
2018-12-26,-0.0010149694397812992,0.0010149694397812992
2018-12-27,0.004771705701926088,-0.004771705701926088
2018-12-28,-0.006101048488620253,0.006101048488620253
2018-12-31,-0.000777277126276732,0.000777277126276732
2019-01-01,-0.004621741358680098,0.004621741358680098
2019-01-02,0.002735364668706497,-0.002735364668706497
2019-01-03,0.012688061677794904,-0.012688061677794904
2019-01-04,-0.006406045708588937,0.006406045708588937
2019-01-07,-0.0016972672218849016,0.0016972672218849016
2019-01-08,-0.006036093459845682,0.006036093459845682
2019-01-09,0.002066353633375595,-0.002066353633375595
2019-01-10,-0.008557694618825273,0.008557694618825273
2019-01-11,0.0038940030053364882,-0.0038940030053364882
2019-01-14,0.004362363041552131,-0.004362363041552131
2019-01-15,-0.001111640040654005,0.001111640040654005
2019-01-16,0.0049103636052925115,-0.0049103636052925115
2019-01-17,0.0016440783950473215,-0.0016440783950473215
2019-01-18,0.00047869049412119224,-0.00047869049412119224
2019-01-21,0.0023810349991908453,-0.0023810349991908453
2019-01-22,-0.0003295750487096738,0.0003295750487096738
2019-01-23,0.00046616530347698415,-0.00046616530347698415
2019-01-24,-0.0021251134643556213,0.0021251134643556213
2019-01-25,0.006605180411473732,-0.006605180411473732
2019-01-28,-0.008722683704734502,0.008722683704734502
2019-01-29,-0.0014836705424186025,0.0014836705424186025
2019-01-30,-0.00046865358801362333,0.00046865358801362333
2019-01-31,-0.0045512543503183345,0.0045512543503183345
2019-02-01,0.0033313551849911693,-0.0033313551849911693
2019-02-04,-0.0005037800565336203,0.0005037800565336203
2019-02-05,0.0016610179629188426,-0.0016610179629188426
2019-02-06,0.0023101307994832787,-0.0023101307994832787
2019-02-07,0.0038679806352737156,-0.0038679806352737156
2019-02-08,0.0023982228762009505,-0.0023982228762009505
2019-02-11,0.001281263664706156,-0.001281263664706156
2019-02-12,0.004008831957907244,-0.004008831957907244
2019-02-13,-0.004906391263543197,0.004906391263543197
2019-02-14,0.006188681447987898,-0.006188681447987898
2019-02-15,-0.0026922840885117427,0.0026922840885117427
2019-02-18,-0.00023718786618776022,0.00023718786618776022
2019-02-19,-0.001231541523919466,0.001231541523919466
2019-02-20,-0.0027374365484458263,0.0027374365484458263
2019-02-21,-0.00029491317369434444,0.00029491317369434444
2019-02-22,0.0002950001731316654,-0.0002950001731316654
2019-02-25,6.801528031563642e-05,-6.801528031563642e-05
2019-02-26,-0.0022230560175232617,0.0022230560175232617
2019-02-27,-0.0022507749044188285,0.0022507749044188285
2019-02-28,0.0011393008331421761,-0.0011393008331421761
2019-03-01,0.0005917595247744156,-0.0005917595247744156
2019-03-04,-0.00021605023428938885,0.00021605023428938885
2019-03-05,0.0034014075931048104,-0.0034014075931048104
2019-03-06,0.0026756000198944196,-0.0026756000198944196
2019-03-07,-0.0006106038845460349,0.0006106038845460349
2019-03-08,0.010329691524077367,-0.010329691524077367
2019-03-11,-0.0030347314083153387,0.0030347314083153387
2019-03-12,-0.0023812935094219556,0.0023812935094219556
2019-03-13,-0.002499521503871005,0.002499521503871005
2019-03-14,-0.0038490657079401913,0.0038490657079401913
2019-03-15,0.002005619733525865,-0.002005619733525865
2019-03-18,-0.00100646450561237,0.00100646450561237
2019-03-19,-0.001448874447074311,0.001448874447074311
2019-03-20,-0.0016437510903947183,0.0016437510903947183
2019-03-21,-0.006392805751792574,-0.006392805751792574
2019-03-22,0.004651144415299235,0.004651144415299235
2019-03-25,0.007007030760884048,0.007007030760884048
2019-03-26,-0.0017621908827140098,-0.0017621908827140098
2019-03-27,0.003632381539880214,0.003632381539880214
2019-03-28,0.0020520535454593425,0.0020520535454593425
2019-03-29,0.0019353149952003879,0.0019353149952003879
2019-04-01,0.0005502152399179394,0.0005502152399179394
2019-04-02,0.001616288332993987,0.001616288332993987
2019-04-03,0.00016804715579521456,0.00016804715579521456
2019-04-04,-0.0038317128901230735,-0.0038317128901230735
2019-04-05,0.0018782438386590883,0.0018782438386590883
2019-04-08,0.000561319449314146,0.000561319449314146
2019-04-09,-0.0032761488539196915,-0.0032761488539196915
2019-04-10,-0.0009342788973805138,-0.0009342788973805138
2019-04-11,-0.0008450287288277458,-0.0008450287288277458
2019-04-12,0.0013983029344937226,0.0013983029344937226
2019-04-15,-0.003918761723648356,-0.003918761723648356
2019-04-16,1.1320408391801706e-05,1.1320408391801706e-05
2019-04-17,0.0017635379433558196,0.0017635379433558196
2019-04-18,-0.0010720535981059154,-0.0010720535981059154
2019-04-19,0.005445208006864988,0.005445208006864988
2019-04-22,-0.0007640110095807895,-0.0007640110095807895
2019-04-23,-0.0012818765074247285,-0.0012818765074247285
2019-04-24,0.00308492181965625,0.00308492181965625
2019-04-25,0.006352980703955957,0.006352980703955957
2019-04-26,0.0014946035517875433,0.0014946035517875433
2019-04-29,-0.0012028200155091984,-0.0012028200155091984
2019-04-30,-0.0031220595278177443,-0.0031220595278177443
2019-05-01,-0.0027515580183928856,-0.0027515580183928856
2019-05-02,0.0013571792919349068,0.0013571792919349068
2019-05-03,0.0024417614784788544,0.0024417614784788544
2019-05-06,-0.0010950306374813978,-0.0010950306374813978
2019-05-07,-0.0014317942872641432,-0.0014317942872641432
2019-05-08,0.0009633984697261511,0.0009633984697261511
2019-05-09,-0.0006490960915023214,-0.0006490960915023214
2019-05-10,-0.00211648920569818,-0.00211648920569818
2019-05-13,-0.0012793159572626056,-0.0012793159572626056
2019-05-14,0.000348334487639157,0.000348334487639157
2019-05-15,0.002504845258368693,0.002504845258368693
2019-05-16,-0.0002464994375124263,-0.0002464994375124263
2019-05-17,0.0030147680951215783,0.0030147680951215783
2019-05-20,0.0007374573804179718,0.0007374573804179718
2019-05-21,-0.0002902933799932006,-0.0002902933799932006
2019-05-23,0.0011726944332164368,0.0011726944332164368
2019-05-24,-0.0025992338008510307,-0.0025992338008510307
2019-05-27,-0.002236882481538305,-0.002236882481538305
2019-05-28,0.0014123939894381543,0.0014123939894381543
2019-05-29,0.002070866909804625,0.002070866909804625
2019-05-30,0.0029937484369759737,0.0029937484369759737
2019-05-31,0.0005568269150533212,0.0005568269150533212
2019-06-03,-0.0038402196344755613,-0.0038402196344755613
2019-06-04,-0.00642508402248132,-0.00642508402248132
2019-06-05,-0.0006860185018533471,-0.0006860185018533471
2019-06-06,0.0022283069100186292,0.0022283069100186292
2019-06-07,-0.004210910283482638,-0.004210910283482638
2019-06-10,-0.003856557670418148,-0.003856557670418148
2019-06-11,0.0001810985842261026,0.0001810985842261026
2019-06-12,-0.0010072628026299713,-0.0010072628026299713
2019-06-13,0.0030022804609002307,0.0030022804609002307
2019-06-14,0.001344184749761057,0.001344184749761057
2019-06-17,0.005651512011765947,0.005651512011765947
2019-06-18,-0.0006730009611625176,-0.0006730009611625176
2019-06-19,0.0023571565915483372,0.0023571565915483372
2019-06-20,-0.0035834205376645833,-0.0035834205376645833
2019-06-21,-0.0050573515509098055,-0.0050573515509098055
2019-06-24,-0.007827847939680832,-0.007827847939680832
2019-06-25,-0.001366122165332162,-0.001366122165332162
2019-06-26,0.002667623236576322,0.002667623236576322
2019-06-27,-0.00042065017594183907,-0.00042065017594183907
2019-06-28,0.00015919159956512274,0.00015919159956512274
2019-07-01,0.0007051309427210661,0.0007051309427210661
2019-07-02,0.0068644582622512385,0.0068644582622512385
2019-07-03,-0.000496649299191021,-0.000496649299191021
2019-07-04,0.00045172983042451875,0.00045172983042451875
2019-07-05,0.00019188671740222318,0.00019188671740222318
2019-07-08,0.0052027514451302714,0.0052027514451302714
2019-07-09,0.0010104308126590578,0.0010104308126590578
2019-07-10,0.0006954031325898669,0.0006954031325898669
2019-07-11,-0.004494532299277543,-0.004494532299277543
2019-07-12,0.0005742430805788512,0.0005742430805788512
2019-07-15,-0.0017441417494616918,-0.0017441417494616918
2019-07-16,0.0009130667102394963,0.0009130667102394963
2019-07-17,0.004414567091371113,0.004414567091371113
2019-07-18,-0.0015472561031640852,-0.0015472561031640852
2019-07-19,-0.002829898653363472,-0.002829898653363472
2019-07-22,0.003851432879629746,0.003851432879629746
2019-07-23,0.0010881826467163958,0.0010881826467163958
2019-07-24,0.00491948560343114,0.00491948560343114
2019-07-25,0.0007917509020856084,0.0007917509020856084
2019-07-26,-0.00033426206783693235,-0.00033426206783693235
2019-07-29,0.001259499143470233,0.001259499143470233
2019-07-30,-0.0009796315075343287,-0.0009796315075343287
2019-07-31,-0.0013371227777191352,-0.0013371227777191352
2019-08-01,0.007788201669890249,0.007788201669890249
2019-08-02,-0.0006421094026396457,-0.0006421094026396457
2019-08-05,-0.002625689481215332,-0.002625689481215332
2019-08-06,-0.012074467370190134,-0.012074467370190134
2019-08-07,0.003283221591655394,0.003283221591655394
2019-08-08,0.0002353324680650637,0.0002353324680650637
2019-08-09,0.0015350111090459695,0.0015350111090459695
2019-08-12,-0.001901803435902183,-0.001901803435902183
2019-08-13,-0.0008743145596322721,-0.0008743145596322721
2019-08-14,0.003690820790881677,0.003690820790881677
2019-08-15,0.0030290317910766085,0.0030290317910766085
2019-08-16,0.0026743714778696415,0.0026743714778696415
2019-08-19,0.0017782030226405343,0.0017782030226405343
2019-08-20,0.0009651535017924928,0.0009651535017924928
2019-08-21,-0.0013189031086147107,-0.0013189031086147107
2019-08-22,0.000632573367728595,0.000632573367728595
2019-08-23,0.0006099617926067502,0.0006099617926067502
2019-08-26,-0.005298154039757419,-0.005298154039757419
2019-08-27,0.0035435214800751957,0.0035435214800751957
2019-08-28,0.001232464662606736,0.001232464662606736
2019-08-29,0.00037711072109591903,0.00037711072109591903
2019-08-30,0.0021617049101989583,0.0021617049101989583
2019-09-02,0.006382774046370221,0.006382774046370221
2019-09-03,0.0021214135139413504,0.0021214135139413504
2019-09-04,-0.0005484516391048855,-0.0005484516391048855
2019-09-05,-0.005476274937286529,-0.005476274937286529
2019-09-06,-0.0001214179645048219,0.0001214179645048219
2019-09-09,0.0014237097034666135,-0.0014237097034666135
2019-09-10,-0.002512697821089205,0.002512697821089205
2019-09-11,-0.00017675074444067906,0.00017675074444067906
2019-09-12,0.003348253540151669,-0.003348253540151669
2019-09-13,-0.004053008075622366,0.004053008075622366
2019-09-16,-0.002266927574587241,0.002266927574587241
2019-09-17,0.007037939471540522,-0.007037939471540522
2019-09-18,-0.006207319471590256,0.006207319471590256
2019-09-19,0.003920416683306671,-0.003920416683306671
2019-09-20,-0.0015443948422156906,-0.0015443948422156906
2019-09-23,0.0026737467845034946,0.0026737467845034946
2019-09-24,0.002302954505942978,0.002302954505942978
2019-09-25,-0.0020997694539112155,-0.0020997694539112155
2019-09-26,0.00583891747931653,0.00583891747931653
2019-09-27,0.002760158609724561,0.002760158609724561
2019-09-30,-0.0018241031487427062,-0.0018241031487427062
2019-10-01,0.003950336355167394,0.003950336355167394
2019-10-02,-0.003226327235636983,-0.003226327235636983
2019-10-03,-0.002624364162806647,-0.002624364162806647
2019-10-04,-0.0010634864279357448,0.0010634864279357448
2019-10-07,-0.0010207229057533906,0.0010207229057533906
2019-10-08,0.0013184138799322564,-0.0013184138799322564
2019-10-09,0.0010971989283721229,-0.0010971989283721229
2019-10-10,-0.002520850519861728,0.002520850519861728
2019-10-11,-0.002109641635990034,0.002109641635990034
2019-10-14,-0.0017199226185772298,0.0017199226185772298
2019-10-15,9.046366969811537e-05,-9.046366969811537e-05
2019-10-16,-0.0005184098609102294,0.0005184098609102294
2019-10-17,-0.0036304223831388205,0.0036304223831388205
2019-10-18,-0.004695745589144651,0.004695745589144651
2019-10-21,-0.0025592789980212194,0.0025592789980212194
2019-10-22,0.0003570028411281623,-0.0003570028411281623
2019-10-23,0.002018483209605737,-0.002018483209605737
2019-10-24,-0.0002782120556965584,0.0002782120556965584
2019-10-25,0.0025604091877198254,-0.0025604091877198254
2019-10-28,0.0017766629327446992,-0.0017766629327446992
2019-10-29,-0.0013412333149379618,0.0013412333149379618
2019-10-30,-0.0014095876570744403,0.0014095876570744403
2019-10-31,-0.003556735149403467,0.003556735149403467
2019-11-01,-0.00023422996715460886,0.00023422996715460886
2019-11-04,-0.000847960840714812,0.000847960840714812
2019-11-05,0.0034170188691804437,-0.0034170188691804437
2019-11-06,0.004907653895746655,-0.004907653895746655
2019-11-07,0.00034330427293349786,-0.00034330427293349786
2019-11-08,0.0046008496058767,-0.0046008496058767
2019-11-11,-0.0002490680801192635,0.0002490680801192635
2019-11-12,-0.0011793604884737796,0.0011793604884737796
2019-11-13,0.002096755839797515,-0.002096755839797515
2019-11-14,-7.712561307482435e-05,7.712561307482435e-05
2019-11-15,-0.0006607713208705013,0.0006607713208705013
2019-11-18,-0.0031298021512060625,0.0031298021512060625
2019-11-19,-0.0015587771190549438,0.0015587771190549438
2019-11-20,-0.000689860307412471,0.000689860307412471
2019-11-21,0.00010309148989984251,-0.00010309148989984251
2019-11-22,0.0011743690391312622,-0.0011743690391312622
2019-11-25,0.0039283739088538105,-0.0039283739088538105
2019-11-26,0.0007384634467821893,-0.0007384634467821893
2019-11-27,-0.0007379185209276384,0.0007379185209276384
2019-11-28,0.001609245877711718,-0.001609245877711718
2019-11-29,-0.0006272757851475408,0.0006272757851475408
2019-12-02,-0.0006606840173342121,0.0006606840173342121
2019-12-03,-0.005421374536235146,0.005421374536235146
2019-12-04,-0.0005539150960683914,0.0005539150960683914
2019-12-05,0.0001994750219147523,-0.0001994750219147523
2019-12-06,-0.0020170770470056,0.0020170770470056
2019-12-09,0.004208983100256969,-0.004208983100256969
2019-12-10,-0.0005518496785732463,0.0005518496785732463
2019-12-11,-0.0025018423832703363,0.0025018423832703363
2019-12-12,-0.0038713366372900015,0.0038713366372900015
2019-12-13,-0.004487738567922062,0.004487738567922062
2019-12-16,0.0055370838669484,-0.0055370838669484
2019-12-17,-0.0011235712924053676,0.0011235712924053676
2019-12-18,-0.001291917450577329,0.001291917450577329
2019-12-19,0.0031893055538569914,-0.0031893055538569914
2019-12-20,-0.0009003540791989728,0.0009003540791989728
2019-12-23,0.0041611176918492365,-0.0041611176918492365
2019-12-24,-0.0012631001401456343,0.0012631001401456343
2019-12-25,0.0003328047118746902,-0.0003328047118746902
2019-12-26,-0.0004769296912430221,0.0004769296912430221
2019-12-27,-0.0005103565611371819,0.0005103565611371819
2019-12-30,-0.007260133007928715,0.007260133007928715
2019-12-31,-0.0017846667823296913,0.0017846667823296913
2020-01-01,-0.0016512442589549092,0.0016512442589549092
2020-01-02,0.0,-0.0
2020-01-03,0.004420989903928252,-0.004420989903928252
2020-01-06,0.0008490502403222244,-0.0008490502403222244
2020-01-07,-0.003218012085658195,0.003218012085658195
2020-01-08,0.0038778991718182443,-0.0038778991718182443
2020-01-09,0.0037367925231437393,-0.0037367925231437393
2020-01-10,0.00018891618414218492,-0.00018891618414218492
2020-01-13,-0.0004999505281435557,0.0004999505281435557
2020-01-14,-0.0017119728437918758,0.0017119728437918758
2020-01-15,0.00043428601467621064,-0.00043428601467621064
2020-01-16,-0.002071500229123613,0.002071500229123613
2020-01-17,0.0012950233182646986,-0.0012950233182646986
2020-01-20,0.004054802277180247,-0.004054802277180247
2020-01-21,-0.00021081900936759101,0.00021081900936759101
2020-01-22,0.0010209151685969253,-0.0010209151685969253
2020-01-23,-0.00097553736323297,0.00097553736323297
2020-01-24,0.003728440283478296,-0.003728440283478296
2020-01-27,0.002708517246930331,-0.002708517246930331
2020-01-28,0.0005071323495828839,-0.0005071323495828839
2020-01-29,-0.00025340480688818,0.00025340480688818
2020-01-30,0.0005180413058609723,-0.0005180413058609723
2020-01-31,-0.00111270320951673,0.00111270320951673
2020-02-03,-0.005470448010726492,0.005470448010726492
2020-02-04,0.002428658086095492,-0.002428658086095492
2020-02-05,0.0014160653087342823,-0.0014160653087342823
2020-02-06,0.004087514262445913,-0.004087514262445913
2020-02-07,0.0017603338542044877,-0.0017603338542044877
2020-02-10,0.0030752200151156206,-0.0030752200151156206
2020-02-11,0.003284814468220265,-0.003284814468220265
2020-02-12,-0.000545698314632026,0.000545698314632026
2020-02-13,0.00399653124128263,-0.00399653124128263
2020-02-14,0.0027624826923464685,-0.0027624826923464685
2020-02-17,0.00039046860952374196,-0.00039046860952374196
2020-02-18,0.00015179681482591079,-0.00015179681482591079
2020-02-19,0.004140923598670687,-0.004140923598670687
2020-02-20,-0.001359172736550729,0.001359172736550729
2020-02-21,0.002048524904851412,0.002048524904851412
2020-02-24,-0.004710019283371558,-0.004710019283371558
2020-02-25,-0.0009354270428928446,-0.0009354270428928446
2020-02-26,-0.0030139007255102213,-0.0030139007255102213
2020-02-27,-0.0003580368837663439,-0.0003580368837663439
2020-02-28,-0.0101238745212624,-0.0101238745212624
2020-03-02,-0.004893792273105824,-0.004893792273105824
2020-03-03,-0.008321608853161022,-0.008321608853161022
2020-03-04,-0.00327634910358221,-0.00327634910358221
2020-03-05,0.00373435361415142,0.00373435361415142
2020-03-06,-0.007552329510227995,0.007552329510227995
2020-03-09,-0.014243072639048338,0.014243072639048338
2020-03-10,-0.0010475112699929179,0.0010475112699929179
2020-03-11,0.007197871665390654,-0.007197871665390654
2020-03-12,0.0048830257235552565,-0.0048830257235552565
2020-03-13,0.006847036535248874,-0.006847036535248874
2020-03-16,0.0026508286289492755,-0.0026508286289492755
2020-03-17,-0.0007028112449799506,0.0007028112449799506
2020-03-18,0.013406986345758876,-0.013406986345758876
2020-03-19,0.004923993422681905,-0.004923993422681905
2020-03-20,0.028543821349671372,-0.028543821349671372
2020-03-23,-0.0034636402575796144,0.0034636402575796144
2020-03-24,-0.0065235748050197495,0.0065235748050197495
2020-03-25,-0.0035199957909676227,0.0035199957909676227
2020-03-26,-0.007983171877528283,0.007983171877528283
2020-03-27,-0.014363310472045088,0.014363310472045088
2020-03-30,-0.008153624463086095,0.008153624463086095
2020-03-31,0.009846909799225534,-0.009846909799225534
2020-04-01,0.00035299405229016756,-0.00035299405229016756
2020-04-02,0.006660091249198086,-0.006660091249198086
2020-04-03,0.009792517813362211,0.009792517813362211
2020-04-06,0.0037423270044185664,0.0037423270044185664
2020-04-07,0.00029179757029895725,0.00029179757029895725
2020-04-08,-0.008383738518490946,-0.008383738518490946
2020-04-09,0.0028980829675040454,0.0028980829675040454
2020-04-10,-0.005833744025856458,-0.005833744025856458
2020-04-13,-0.00048080762132840515,-0.00048080762132840515
2020-04-14,0.0008855103938809616,0.0008855103938809616
2020-04-15,-0.005679922336220833,-0.005679922336220833
2020-04-16,0.007362414305638332,0.007362414305638332
2020-04-17,0.00429438493634704,0.00429438493634704
2020-04-20,-0.0007817713622633171,-0.0007817713622633171
2020-04-21,0.00019561194476480637,0.00019561194476480637
2020-04-22,0.0007713503974613456,0.0007713503974613456
2020-04-23,0.004331789082211657,0.004331789082211657
2020-04-24,0.003026686527578759,0.003026686527578759
2020-04-27,-0.004310818014798601,-0.004310818014798601
2020-04-28,-0.00010825478195175542,-0.00010825478195175542
2020-04-29,-0.0010824714597111873,-0.0010824714597111873
2020-04-30,-0.003738596041923503,-0.003738596041923503
2020-05-01,-0.006232700001179925,-0.006232700001179925
2020-05-04,-0.0012915579331941318,-0.0012915579331941318
2020-05-05,0.005074272924130874,0.005074272924130874
2020-05-06,0.006062831241187894,0.006062831241187894
2020-05-07,0.003706789572536895,0.003706789572536895
2020-05-08,-0.003563534508742916,-0.003563534508742916
2020-05-11,-0.0002167148025447041,-0.0002167148025447041
2020-05-12,0.0027857280427263653,0.0027857280427263653
2020-05-13,-0.003448180773610421,-0.003448180773610421
2020-05-14,0.0021368141640178973,0.0021368141640178973
2020-05-15,0.001547759519550107,0.001547759519550107
2020-05-18,-0.0013292570994896113,-0.0013292570994896113
2020-05-19,-0.008592137746652795,-0.008592137746652795
2020-05-20,-0.0011570129859483913,-0.0011570129859483913
2020-05-21,-0.005026760538610842,-0.005026760538610842
2020-05-22,0.002745741508301869,0.002745741508301869
2020-05-25,0.004134721383861839,0.004134721383861839
2020-05-26,0.00044067550652981957,0.00044067550652981957
2020-05-27,-0.007173062138550845,-0.007173062138550845
2020-05-28,-0.003184718170377021,-0.003184718170377021
2020-05-29,-0.005618609467045732,-0.005618609467045732
2020-06-01,-0.0035453075539609857,-0.0035453075539609857
2020-06-02,-0.0006670895676098576,-0.0006670895676098576
2020-06-03,-0.0056742453692669725,-0.0056742453692669725
2020-06-04,-0.0041401117982248214,-0.0041401117982248214
2020-06-05,-0.00898871543416091,-0.00898871543416091
2020-06-08,0.001621286831800406,0.001621286831800406
2020-06-09,0.0012338160736271586,0.0012338160736271586
2020-06-10,-0.0023515842516026453,-0.0023515842516026453
2020-06-25,0.0054638659268684275,0.0054638659268684275
2020-06-26,0.002565195305099799,0.002565195305099799
2020-06-29,-0.0003366515326206354,-0.0003366515326206354
2020-06-30,-0.0018971379599955762,-0.0018971379599955762
2020-07-01,0.001000952550719525,0.001000952550719525
2020-07-02,-0.0013707729088446863,-0.0013707729088446863
2020-07-03,0.001203922889382758,0.001203922889382758
2020-07-06,-0.00083159144565359,-0.00083159144565359
2020-07-07,-0.0058035940840091005,-0.0058035940840091005
2020-07-08,0.0033373072011069205,0.0033373072011069205
2020-07-09,-0.005637608736136279,-0.005637608736136279
2020-07-10,0.004535670767169764,0.004535670767169764
2020-07-13,-0.0019528443101686221,-0.0019528443101686221
2020-07-14,-0.0031249344828885306,-0.0031249344828885306
2020-07-15,-0.005714737445457474,-0.005714737445457474
2020-07-16,-0.0005682494834914342,-0.0005682494834914342
2020-07-17,0.0022012026926181427,0.0022012026926181427
2020-07-20,-0.004442915888053567,-0.004442915888053567
2020-07-21,-0.0013731780734297372,-0.0013731780734297372
2020-07-22,-0.00653144532696015,-0.00653144532696015
2020-07-23,-0.002998794294948537,-0.002998794294948537
2020-07-24,-0.0023600514845100173,-0.0023600514845100173
2020-07-27,-0.004847179983411665,-0.004847179983411665
2020-07-28,-0.009916327212544096,-0.009916327212544096
2020-07-29,0.004307582052931691,0.004307582052931691
2020-07-30,-0.0054375712726474346,-0.0054375712726474346
2020-07-31,-0.007529222387929191,-0.007529222387929191
2020-08-03,0.007633895151162529,0.007633895151162529
2020-08-04,0.001614121229184473,0.001614121229184473
2020-08-05,-0.00441120657094074,-0.00441120657094074
2020-08-06,-0.004832529155991638,0.004832529155991638
2020-08-07,-0.0003086878868240328,0.0003086878868240328
2020-08-10,0.007957220005413879,-0.007957220005413879
2020-08-11,0.0038293895499648123,-0.0038293895499648123
2020-08-12,0.00010564354092235106,-0.00010564354092235106
2020-08-13,-0.00485538192436874,0.00485538192436874
2020-08-14,-0.0019259141994222295,0.0019259141994222295
2020-08-17,-0.0030368948422865305,0.0030368948422865305
2020-08-18,-0.002014915361332914,0.002014915361332914
2020-08-19,-0.005973914402634062,0.005973914402634062
2020-08-20,0.008811548988728601,-0.008811548988728601
2020-08-21,-0.0025404217691704645,0.0025404217691704645
2020-08-24,0.0064117811958877,-0.0064117811958877
2020-08-25,0.00029499939804655817,-0.00029499939804655817
2020-08-26,-0.0034204214217337103,0.0034204214217337103
2020-08-27,-0.0006509635466762642,0.0006509635466762642
2020-08-28,0.001954092140565633,-0.001954092140565633
2020-08-31,-0.008273776831424051,0.008273776831424051
2020-09-01,-0.001740081976721708,0.001740081976721708
2020-09-02,0.001325251408511141,-0.001325251408511141
2020-09-03,0.006402791092150917,-0.006402791092150917
2020-09-04,0.0006397081591920095,-0.0006397081591920095
2020-09-07,0.00044995823631044374,-0.00044995823631044374
2020-09-08,0.0010769169997277839,-0.0010769169997277839
2020-09-09,0.004374060684278813,-0.004374060684278813
2020-09-10,-0.0030602803172151694,0.0030602803172151694
2020-09-11,-0.001523049967551704,0.001523049967551704
2020-09-14,-0.0015489835931641327,0.0015489835931641327
2020-09-15,-0.00229750355781988,0.00229750355781988
2020-09-16,0.0021603730487040895,-0.0021603730487040895
2020-09-17,0.003470395493914813,-0.003470395493914813
2020-09-18,-0.00377709729787723,0.00377709729787723
2020-09-21,0.00022513904878618263,-0.00022513904878618263
2020-09-22,0.006588494821061053,-0.006588494821061053
2020-09-23,0.005093135192223652,-0.005093135192223652
2020-09-24,0.004273565710198879,-0.004273565710198879
2020-09-25,-0.0012590955039818441,0.0012590955039818441
2020-09-28,0.0032568045492844533,-0.0032568045492844533
2020-09-29,-0.0037233051703779996,0.0037233051703779996
2020-09-30,-0.005383944064285773,0.005383944064285773
2020-10-01,0.0013621079512893264,-0.0013621079512893264
2020-10-02,-0.001606487736246609,0.001606487736246609
2020-10-05,0.002090569405917231,-0.002090569405917231
2020-10-06,-0.006106330872609589,0.006106330872609589
2020-10-07,0.004669827165505902,-0.004669827165505902
2020-10-08,-0.0025353452197943716,0.0025353452197943716
2020-10-09,4.0049720570811687e-05,-4.0049720570811687e-05
2020-10-12,-0.004217326189946302,0.004217326189946302
2020-10-13,5.9093999536186104e-05,-5.9093999536186104e-05
2020-10-14,0.006297963497419845,-0.006297963497419845
2020-10-15,-0.00015264579037765902,0.00015264579037765902
2020-10-16,0.0031473913359694183,-0.0031473913359694183
2020-10-19,-0.0007141281112615916,0.0007141281112615916
2020-10-20,-0.00453391104015155,0.00453391104015155
2020-10-21,-0.005154746205000116,0.005154746205000116
2020-10-22,-0.002034745731878118,0.002034745731878118
2020-10-23,0.003295424749875542,-0.003295424749875542
2020-10-26,-0.0028237522799455794,0.0028237522799455794
2020-10-27,0.0033056957077721716,-0.0033056957077721716
2020-10-28,0.0021492810635836967,-0.0021492810635836967
2020-10-29,0.003016756519653274,-0.003016756519653274
2020-10-30,0.0059918368890403695,-0.0059918368890403695
2020-11-02,0.0031415892581050375,-0.0031415892581050375
2020-11-03,-5.8220264121500165e-05,5.8220264121500165e-05
2020-11-04,-0.010152567486176767,0.010152567486176767
2020-11-05,0.00251716723619122,-0.00251716723619122
2020-11-06,-0.007180432232970602,0.007180432232970602
2020-11-09,-0.006345971790985061,0.006345971790985061
2020-11-10,0.005553993265794643,-0.005553993265794643
2020-11-11,0.0007214594206217395,-0.0007214594206217395
2020-11-12,0.003267896504282719,-0.003267896504282719
2020-11-13,-0.001956710543971396,0.001956710543971396
2020-11-16,-0.0035339370807094816,0.0035339370807094816
2020-11-17,-0.0011963714748609577,0.0011963714748609577
2020-11-18,-0.0003557716151225687,0.0003557716151225687
2020-11-19,0.0013524557154902528,-0.0013524557154902528
2020-11-20,-0.0015875505417805025,0.0015875505417805025
2020-11-23,0.0,-0.0
2020-11-24,0.002005399789847928,-0.002005399789847928
2020-11-25,-0.004855477440340428,0.004855477440340428
2020-11-26,-0.0016351377280083845,0.0016351377280083845
2020-11-27,0.00033613163571355464,-0.00033613163571355464
2020-11-30,-0.00463295267314201,0.00463295267314201
2020-12-01,0.0027893563908520935,-0.0027893563908520935
2020-12-02,-0.011281583470518108,0.011281583470518108
2020-12-03,-0.0033204293089041936,0.0033204293089041936
2020-12-04,-0.0025561868277960142,0.0025561868277960142
2020-12-07,0.0020040029383163738,-0.0020040029383163738
2020-12-08,0.0006788509674313659,-0.0006788509674313659
2020-12-09,0.0001816549968733927,-0.0001816549968733927
2020-12-10,0.0026644150158086077,-0.0026644150158086077
2020-12-11,-0.005396743825368366,0.005396743825368366
2020-12-14,0.0008974370203411741,-0.0008974370203411741
2020-12-15,-0.0012752313449593267,0.0012752313449593267
2020-12-16,-0.0004446162404264653,0.0004446162404264653
2020-12-17,-0.003711951196223695,0.003711951196223695
2020-12-18,-0.0051482357403322965,0.0051482357403322965
2020-12-21,0.003813694479341656,-0.003813694479341656
2020-12-22,-0.0016980177390427675,0.0016980177390427675
2020-12-23,0.00412382157380331,-0.00412382157380331
2020-12-24,-0.00038999395651007074,0.00038999395651007074
2020-12-25,0.0005486316146534609,-0.0005486316146534609
2020-12-28,-0.001669322258068262,0.001669322258068262
2020-12-29,-0.0015012284232969186,0.0015012284232969186
2020-12-30,-0.002408010235008806,0.002408010235008806
2020-12-31,-0.0038167919418591323,0.0038167919418591323
2021-01-01,0.009821462085986221,-0.009821462085986221
2021-01-04,-0.005749053258965686,0.005749053258965686
2021-01-05,-7.353099028206689e-05,7.353099028206689e-05
2021-01-06,-0.003957236722718638,0.003957236722718638
2021-01-07,-0.0033087949310355302,0.0033087949310355302
2021-01-08,0.00567689559764184,-0.00567689559764184
2021-01-11,0.006994713845400735,-0.006994713845400735
2021-01-12,0.0020972758584547613,-0.0020972758584547613
2021-01-13,-0.003947375001784881,0.003947375001784881
2021-01-14,0.003815294039397177,-0.003815294039397177
2021-01-15,0.0009243722029512735,-0.0009243722029512735
2021-01-18,0.006889704611682479,-0.006889704611682479
2021-01-19,-0.0007602446363514925,0.0007602446363514925
2021-01-20,-0.00507244159842668,0.00507244159842668
2021-01-21,0.0019179410915406425,0.0019179410915406425
2021-01-22,-0.0041641936110276,-0.0041641936110276
2021-01-25,-0.000259102394757349,-0.000259102394757349
2021-01-26,0.0019105865790940424,0.0019105865790940424
2021-01-27,-0.0013773574169013703,-0.0013773574169013703
2021-01-28,0.004784880470784403,0.004784880470784403
2021-01-29,-0.0012347346521826008,-0.0012347346521826008
2021-02-01,-0.0003151154646778842,-0.0003151154646778842
2021-02-02,0.004570686772967125,0.004570686772967125
2021-02-03,0.0024620483370312307,0.0024620483370312307
2021-02-04,-0.00027691550144848254,0.00027691550144848254
2021-02-05,0.006322298626164624,-0.006322298626164624
2021-02-08,-0.006809116282798677,0.006809116282798677
2021-02-09,-0.0004000167188316084,0.0004000167188316084
2021-02-10,-0.005478326941999789,0.005478326941999789
2021-02-11,-0.0001006314133562558,0.0001006314133562558
2021-02-12,-0.0008484811616447097,0.0008484811616447097
2021-02-15,0.0007764584283449505,-0.0007764584283449505
2021-02-16,-0.0008327916141656067,0.0008327916141656067
2021-02-17,0.0032841912284991004,-0.0032841912284991004
2021-02-18,0.003691774456942687,0.003691774456942687
2021-02-19,-0.003630009736948714,-0.003630009736948714
2021-02-22,-0.00284163514779856,-0.00284163514779856
2021-02-23,-0.0033238091665461766,-0.0033238091665461766
2021-02-24,0.0012057135418688247,0.0012057135418688247
2021-02-25,-0.0015797512540045577,-0.0015797512540045577
2021-02-26,0.0009006714300565655,0.0009006714300565655
2021-03-01,0.005861309356756328,0.005861309356756328
2021-03-02,0.0031916544850267847,0.0031916544850267847
2021-03-03,-0.0028440422723203795,-0.0028440422723203795
2021-03-04,0.0028883875252663227,0.0028883875252663227
2021-03-05,0.0069291307136920555,0.0069291307136920555
2021-03-08,0.003530497037315783,0.003530497037315783
2021-03-09,0.006237116776639295,0.006237116776639295
2021-03-10,-0.0038826093123849326,-0.0038826093123849326
2021-03-11,-0.002360544818793442,-0.002360544818793442
2021-03-12,-0.0050089936546823255,-0.0050089936546823255
2021-03-15,0.0030205259883187008,0.0030205259883187008
2021-03-16,0.002031481155681414,0.002031481155681414
2021-03-17,0.0020273626067499606,0.0020273626067499606
2021-03-18,-0.006772010630684777,-0.006772010630684777
2021-03-19,0.005416221165637891,0.005416221165637891
2021-03-22,0.0029557595789933,0.0029557595789933
2021-03-23,-0.004182871433295765,-0.004182871433295765
2021-03-24,0.007839979800099206,0.007839979800099206
2021-03-25,0.00229701388900172,0.00229701388900172
2021-03-26,0.0030950027703358085,0.0030950027703358085
2021-03-29,-0.0009656606794581357,-0.0009656606794581357
2021-03-30,0.0014440242465667552,0.0014440242465667552
2021-03-31,0.004043359292780435,0.004043359292780435
2021-04-01,-0.0004455429285782353,-0.0004455429285782353
2021-04-02,-0.00433961813038275,-0.00433961813038275
2021-04-05,0.001001251283248239,0.001001251283248239
2021-04-06,-0.004295392418822153,-0.004295392418822153
2021-04-07,-0.004656643843461983,-0.004656643843461983
2021-04-08,4.749063988507274e-05,4.749063988507274e-05
2021-04-09,-0.0035264548873439328,-0.0035264548873439328
2021-04-12,0.0012750051615975089,0.0012750051615975089
2021-04-13,-0.001190106749979325,-0.001190106749979325
2021-04-14,-0.003300306360638827,-0.003300306360638827
2021-04-15,-0.002665831590325185,-0.002665831590325185
2021-04-16,0.0011986656503704118,0.0011986656503704118
2021-04-19,0.00019152263995270147,0.00019152263995270147
2021-04-20,-0.006295921584356545,-0.006295921584356545
2021-04-21,0.0010719789610398323,0.0010719789610398323
2021-04-22,-0.00044515761462649017,-0.00044515761462649017
2021-04-23,0.0019140185499653128,0.0019140185499653128
2021-04-26,-0.006211684532447914,-0.006211684532447914
2021-04-27,0.0006770864184506564,0.0006770864184506564
2021-04-28,-0.0007140747180247597,-0.0007140747180247597
2021-04-29,-0.0037588496190633647,-0.0037588496190633647
2021-04-30,0.0007281314971052666,0.0007281314971052666
2021-05-03,0.008258561282915133,0.008258561282915133
2021-05-04,-0.0027783861558871026,-0.0027783861558871026
2021-05-05,0.003847522535961545,0.003847522535961545
2021-05-06,0.0005887488596167945,0.0005887488596167945
2021-05-07,-0.005019349787034222,-0.005019349787034222
2021-05-10,-0.008423849886067036,-0.008423849886067036
2021-05-11,0.0024829344504144757,0.0024829344504144757
2021-05-12,-0.000293804304044909,-0.000293804304044909
2021-05-13,0.0054637601701728045,0.0054637601701728045
2021-05-14,0.00010028695171016011,0.00010028695171016011
2021-05-17,-0.006014526112485097,-0.006014526112485097
2021-05-18,-0.0005346182324660331,-0.0005346182324660331
2021-05-19,-0.0054912097312855845,-0.0054912097312855845
2021-05-20,0.004201366575299348,0.004201366575299348
2021-05-21,-0.0042970486522638796,-0.0042970486522638796
2021-05-24,0.003459819566183242,0.003459819566183242
2021-05-25,-0.0025706681391608477,-0.0025706681391608477
2021-05-26,-0.0028130357758188174,-0.0028130357758188174
2021-05-27,0.004633816566485649,0.004633816566485649
2021-05-28,-4.8763935966200656e-05,-4.8763935966200656e-05
2021-05-31,0.00025604131778633743,0.00025604131778633743
2021-06-01,-0.0034985051610398887,-0.0034985051610398887
2021-06-02,0.0012355201882685574,0.0012355201882685574
2021-06-03,0.0006475472726987785,0.0006475472726987785
2021-06-04,0.006334462532789464,0.006334462532789464
2021-06-07,-0.0029095120911951655,-0.0029095120911951655
2021-06-08,-0.0020686104734166655,-0.0020686104734166655
2021-06-09,0.0017071014271028417,0.0017071014271028417
2021-06-10,-0.000751098332571809,-0.000751098332571809
2021-06-11,0.000775987390767563,0.000775987390767563
2021-06-14,0.005149019598169158,0.005149019598169158
2021-06-15,-0.0009930137508981085,-0.0009930137508981085
2021-06-16,-0.00040007141603537466,-0.00040007141603537466
2021-06-17,0.010962888987900765,0.010962888987900765
2021-06-18,0.006897462476828986,0.006897462476828986
2021-06-21,0.003347670857148932,0.003347670857148932
2021-06-22,-0.0032652333855941462,-0.0032652333855941462
2021-06-23,-0.002025116528873161,-0.002025116528873161
2021-06-24,0.00029839674714815523,0.00029839674714815523
2021-06-25,0.0002386319610205856,0.0002386319610205856
2021-06-28,-0.0009902108149936195,-0.0009902108149936195
2021-06-29,0.0011106336462842759,0.0011106336462842759
2021-06-30,0.002266512328342518,0.002266512328342518
2021-07-01,0.0038086104945744825,0.0038086104945744825
2021-07-02,0.0008892639836990401,0.0008892639836990401
2021-07-05,-0.0008410952115966985,-0.0008410952115966985
2021-07-06,-0.0006402566680152599,-0.0006402566680152599
2021-07-07,0.003321921307582576,0.003321921307582576
2021-07-08,0.0026391811053634306,0.0026391811053634306
2021-07-09,-0.004608834932360861,-0.004608834932360861
2021-07-12,-0.002101851413094824,-0.002101851413094824
2021-07-13,0.0006530503637138807,0.0006530503637138807
2021-07-14,0.0076292953285603815,0.0076292953285603815
2021-07-15,-0.004898539871130203,-0.004898539871130203
2021-07-16,0.0018223403965687002,0.0018223403965687002
2021-07-19,-0.00018544386735930285,-0.00018544386735930285
2021-07-20,0.0017094420336416505,0.0017094420336416505
2021-07-21,0.0008255654796656131,0.0008255654796656131
2021-07-22,-0.0007305537732459344,-0.0007305537732459344
2021-07-23,0.0016981397851820734,0.0016981397851820734
2021-07-26,-5.8873462264075194e-05,-5.8873462264075194e-05
2021-07-27,-0.0029080571146908873,-0.0029080571146908873
2021-07-28,-0.0012988590591178628,-0.0012988590591178628
2021-07-29,-0.0019271793027976214,-0.0019271793027976214
2021-07-30,-0.003955355789968973,-0.003955355789968973
2021-08-02,0.002187171678799338,0.002187171678799338
2021-08-03,-0.0006408416896802605,-0.0006408416896802605
2021-08-04,0.0004393217528959603,0.0004393217528959603
2021-08-05,0.0027062985804402473,0.0027062985804402473
2021-08-06,0.00014203005039781225,0.00014203005039781225
2021-08-09,0.0073381648203501015,0.0073381648203501015
2021-08-10,0.0009399059001593546,0.0009399059001593546
2021-08-11,0.0012912357591494672,0.0012912357591494672
2021-08-12,-0.0015814447173897461,-0.0015814447173897461
2021-08-13,0.0004802519650122239,0.0004802519650122239
2021-08-16,-0.00495271313193002,-0.00495271313193002
2021-08-17,0.0012502464955450598,0.0012502464955450598
2021-08-18,0.005995992607591871,0.005995992607591871
2021-08-19,0.0005503373739101924,0.0005503373739101924
2021-08-20,0.0022868467422740846,0.0022868467422740846
2021-08-23,-0.0017912419771853871,-0.0017912419771853871
2021-08-24,-0.004000556109232223,-0.004000556109232223
2021-08-25,-0.0007281698840920781,-0.0007281698840920781
2021-08-26,-0.0018099121482261227,-0.0018099121482261227
2021-08-27,0.0015306455450214695,0.0015306455450214695
2021-08-30,-0.003610404535166478,-0.003610404535166478
2021-08-31,0.00017813970527269518,0.00017813970527269518
2021-09-01,-0.0011324939124760514,-0.0011324939124760514
2021-09-02,-0.0025864440540507294,0.0025864440540507294
2021-09-03,-0.0029957240038049893,0.0029957240038049893
2021-09-06,-0.0007957432373505435,0.0007957432373505435
2021-09-07,0.0009152560984897473,-0.0009152560984897473
2021-09-08,0.002660019108026823,-0.002660019108026823
2021-09-09,0.0020702155033205383,-0.0020702155033205383
2021-09-10,-0.0005767523369670791,0.0005767523369670791
2021-09-13,0.0011825770042519501,-0.0011825770042519501
2021-09-14,0.0,-0.0
2021-09-15,0.0005906252862393213,-0.0005906252862393213
2021-09-16,-0.0012702663527530689,0.0012702663527530689
2021-09-17,0.004463246851981184,-0.004463246851981184
2021-09-20,0.0032007512233400703,-0.0032007512233400703
2021-09-21,-2.342180389558468e-05,2.342180389558468e-05
2021-09-22,0.0006217061442843619,-0.0006217061442843619
2021-09-23,0.003012758508577962,-0.003012758508577962
2021-09-24,-0.0044764091419982055,0.0044764091419982055
2021-09-27,0.0014675659321770063,-0.0014675659321770063
2021-09-28,0.0022449391568244437,-0.0022449391568244437
2021-09-29,0.0008948348403996498,-0.0008948348403996498
2021-09-30,0.007303919738450126,-0.007303919738450126
2021-10-01,0.0023435250973973254,-0.0023435250973973254
2021-10-04,-0.002824144114136895,0.002824144114136895
2021-10-05,-0.0009633961356918519,0.0009633961356918519
2021-10-06,0.0019286503256545906,-0.0019286503256545906
2021-10-07,0.003525228089577004,-0.003525228089577004
2021-10-08,-0.0003813622739797795,0.0003813622739797795
2021-10-11,-0.0005432885569855994,0.0005432885569855994
2021-10-12,0.0010640732005149367,-0.0010640732005149367
2021-10-13,0.0017099354480429874,-0.0017099354480429874
2021-10-14,-0.0056516479000259245,-0.0056516479000259245
2021-10-15,0.0006959521525635726,0.0006959521525635726
2021-10-18,-0.00047520662299016525,-0.00047520662299016525
2021-10-19,-0.0014496614530374874,-0.0014496614530374874
2021-10-20,-0.0015562250594530758,-0.0015562250594530758
2021-10-21,-0.001977484739526636,-0.001977484739526636
2021-10-22,0.002552440452492366,0.002552440452492366
2021-10-25,-0.0012671504801999856,-0.0012671504801999856
2021-10-26,0.002444407965806139,0.002444407965806139
2021-10-27,0.00116122475505831,0.00116122475505831
2021-10-28,-0.00016238843313209905,-0.00016238843313209905
2021-10-29,-0.007145698389548927,-0.007145698389548927
2021-11-01,0.010982603368515642,0.010982603368515642
2021-11-02,-0.0036981330927012834,-0.0036981330927012834
2021-11-03,0.0017399495203074267,0.0017399495203074267
2021-11-04,-0.0031264830416644074,-0.0031264830416644074
2021-11-05,0.005227124579525455,0.005227124579525455
2021-11-08,-0.0011670911563280706,-0.0011670911563280706
2021-11-09,-0.0019551707764511317,-0.0019551707764511317
2021-11-10,-0.0003477340700072107,-0.0003477340700072107
2021-11-11,0.009543170896622044,-0.009543170896622044
2021-11-12,0.003066733266021915,-0.003066733266021915
2021-11-15,0.0008015538022172475,-0.0008015538022172475
2021-11-16,0.006613251176219803,-0.006613251176219803
2021-11-17,0.004001013803348608,-0.004001013803348608
2021-11-18,0.0,-0.0
2021-11-19,-0.004154847913010795,0.004154847913010795
2021-11-22,0.00821934627808596,-0.00821934627808596
2021-11-23,0.0029880283959142773,-0.0029880283959142773
2021-11-24,-0.0002473280230959052,0.0002473280230959052
2021-11-25,0.0037446187317398127,0.0037446187317398127
2021-11-26,-0.0005937627268853829,-0.0005937627268853829
2021-11-29,-0.007398381496309114,-0.007398381496309114
2021-11-30,-2.261703761641254e-05,-2.261703761641254e-05
2021-12-01,-0.0032524843459297292,-0.0032524843459297292
2021-12-02,0.0009517536599767951,0.0009517536599767951
2021-12-03,0.001177209102239063,0.001177209102239063
2021-12-06,0.00012440238335020837,0.00012440238335020837
2021-12-07,0.0016052379960904695,0.0016052379960904695
2021-12-08,0.0009029498447084006,0.0009029498447084006
2021-12-09,-0.006089312197477659,-0.006089312197477659
2021-12-10,0.004628996584803868,0.004628996584803868
2021-12-13,-0.0016375324290589521,-0.0016375324290589521
2021-12-14,0.00234156051803569,0.00234156051803569
2021-12-15,0.0021442470082146947,0.0021442470082146947
2021-12-16,-0.0026126031066370237,-0.0026126031066370237
2021-12-17,-0.003827583433747783,-0.003827583433747783
2021-12-20,0.008058574403963625,0.008058574403963625
2021-12-21,-0.0030132714492279167,-0.0030132714492279167
2021-12-22,-0.0008909238094783056,-0.0008909238094783056
2021-12-23,-0.003645858808314806,-0.003645858808314806
2021-12-24,0.00013592856734323533,0.00013592856734323533
2021-12-27,0.000271820186558136,0.000271820186558136
2021-12-28,-0.0005095412252532627,-0.0005095412252532627
2021-12-29,0.001348281462821621,0.001348281462821621
2021-12-30,-0.003994145013955008,-0.003994145013955008
2021-12-31,0.0031013347345156816,0.0031013347345156816
2022-01-03,-0.0042582556481644,-0.0042582556481644
2022-01-04,0.006300911539461884,0.006300911539461884
2022-01-05,0.0016501455624422512,0.0016501455624422512
2022-01-06,-0.0026403894370971015,0.0026403894370971015
2022-01-07,0.001470796387253115,-0.001470796387253115
2022-01-10,-0.005027138562345712,0.005027138562345712
2022-01-11,0.0020777539629899255,-0.0020777539629899255
2022-01-12,-0.0031725031715914565,0.0031725031715914565
2022-01-13,-0.006569803416051179,0.006569803416051179
2022-01-14,-0.0013501065620552533,0.0013501065620552533
2022-01-17,0.004067268117095013,-0.004067268117095013
2022-01-18,1.142620146343809e-05,-1.142620146343809e-05
2022-01-19,0.007142994624917742,-0.007142994624917742
2022-01-20,-0.0012122978541274643,0.0012122978541274643
2022-01-21,0.0026203678224023808,-0.0026203678224023808
2022-01-24,-0.002443784987921638,0.002443784987921638
2022-01-25,0.0015310819643628015,-0.0015310819643628015
2022-01-26,0.0017325825138287954,-0.0017325825138287954
2022-01-27,0.005426205897463898,-0.005426205897463898
2022-01-28,0.008657484129107385,-0.008657484129107385
2022-01-31,-0.0004793087960539566,0.0004793087960539566
2022-02-01,-0.006880987336430722,0.006880987336430722
2022-02-02,-0.003930359018082252,0.003930359018082252
2022-02-03,-0.0022999194094154296,0.0022999194094154296
2022-02-04,-0.011876206669758194,0.011876206669758194
2022-02-07,-0.0016925414684928475,0.0016925414684928475
2022-02-08,0.0010653416364843071,-0.0010653416364843071
2022-02-09,0.0018995186681078913,-0.0018995186681078913
2022-02-10,-2.2805468874009804e-05,2.2805468874009804e-05
2022-02-11,0.0005253546773789086,-0.0005253546773789086
2022-02-14,0.004440682184695399,-0.004440682184695399
2022-02-15,0.005193771484486742,-0.005193771484486742
2022-02-16,-0.004443358400989417,0.004443358400989417
2022-02-17,-0.0016239935416624274,0.0016239935416624274
2022-02-18,0.0007734839819046879,-0.0007734839819046879
2022-02-21,0.004353378893961146,-0.004353378893961146
2022-02-22,0.000667677784556231,-0.000667677784556231
2022-02-23,-0.0017190433002611805,0.0017190433002611805
2022-02-24,0.0020732109102132856,-0.0020732109102132856
2022-02-25,0.01027688386794412,-0.01027688386794412
2022-02-28,0.0008617193565687575,-0.0008617193565687575
2022-03-01,-0.0031083557996750555,0.0031083557996750555
2022-03-02,0.007469783863218504,-0.007469783863218504
2022-03-03,0.0018369445155563824,0.0018369445155563824
2022-03-04,0.004111521553082698,0.004111521553082698
2022-03-07,0.017684822556783386,0.017684822556783386
2022-03-08,0.0008482633384823135,0.0008482633384823135
2022-03-09,-0.003020579067045781,-0.003020579067045781
2022-03-10,-0.015856960806234,-0.015856960806234
2022-03-11,0.005437241659900671,0.005437241659900671
2022-03-14,0.00748954305883287,0.00748954305883287
2022-03-15,-0.0010166946301672919,-0.0010166946301672919
2022-03-16,-0.002385659871889878,-0.002385659871889878
2022-03-17,-0.004771614685510461,-0.004771614685510461
2022-03-18,-0.006987949321863196,-0.006987949321863196
2022-03-21,0.005105765595244227,0.005105765595244227
2022-03-22,0.0023522225527961016,0.0023522225527961016
2022-03-23,-0.0011348043258759821,-0.0011348043258759821
2022-03-24,0.002128737329394559,0.002128737329394559
2022-03-25,-0.0002971802319383654,-0.0002971802319383654
2022-03-28,0.0025212049942433534,0.0025212049942433534
2022-03-29,-0.0010871781511818668,-0.0010871781511818668
2022-03-30,-0.008806101166956126,-0.008806101166956126
2022-03-31,-0.0062999424176773955,-0.0062999424176773955
2022-04-01,0.008081165728464512,0.008081165728464512
2022-04-04,0.0022698139819037344,0.0022698139819037344
2022-04-05,0.00650686230405273,0.00650686230405273
2022-04-06,0.006366010679102585,0.006366010679102585
2022-04-07,0.0007525257653615558,0.0007525257653615558
2022-04-08,0.003073317778797824,0.003073317778797824
2022-04-11,-0.001847070442145493,-0.001847070442145493
2022-04-12,0.0006422405481836257,0.0006422405481836257
2022-04-13,0.0047863186239729405,0.0047863186239729405
2022-04-14,-0.006463208527460296,-0.006463208527460296
2022-04-15,0.00698470401649387,0.00698470401649387
2022-04-18,0.000530174508035719,0.000530174508035719
2022-04-19,0.0031040030880804537,0.0031040030880804537
2022-04-20,-0.0011752042003251306,-0.0011752042003251306
2022-04-21,-0.005105770899280548,-0.005105770899280548
2022-04-22,0.0013562001355875708,0.0013562001355875708
2022-04-25,0.0022320419467078967,0.0022320419467078967
2022-04-26,0.009038063963160647,0.009038063963160647
2022-04-27,0.006632097497344391,0.006632097497344391
2022-04-28,0.008387142860949215,0.008387142860949215
2022-04-29,0.004844823830936429,0.004844823830936429
2022-05-02,-0.0030147302357701466,-0.0030147302357701466
2022-05-03,0.0025602623099232336,0.0025602623099232336
2022-05-04,-0.0018496005644513813,-0.0018496005644513813
2022-05-05,-0.008843991214308122,-0.008843991214308122
2022-05-06,0.007850034357829605,0.007850034357829605
2022-05-09,0.0007166704726173645,0.0007166704726173645
2022-05-10,-0.003180709858204289,-0.003180709858204289
2022-05-11,0.0031169239783670477,0.0031169239783670477
2022-05-12,0.0019486085416957621,0.0019486085416957621
2022-05-13,0.012804174010595748,0.012804174010595748
2022-05-16,-0.0020239830390035296,-0.0020239830390035296
2022-05-17,-0.0036714496435983346,-0.0036714496435983346
2022-05-18,-0.01032415046192281,-0.01032415046192281
2022-05-19,0.007172537677591517,0.007172537677591517
2022-05-20,-0.010043326134782982,-0.010043326134782982
2022-05-23,0.0008674570191977704,0.0008674570191977704
2022-05-24,-0.010506367010240658,-0.010506367010240658
2022-05-25,-0.005073987372079869,-0.005073987372079869
2022-05-26,0.0046703957219813574,0.0046703957219813574
2022-05-27,-0.00431739544743448,-0.00431739544743448
2022-05-30,0.00013952595720190253,0.00013952595720190253
2022-05-31,-0.0039062457523598715,-0.0039062457523598715
2022-06-01,0.003673757491678309,0.003673757491678309
2022-06-02,0.0075031564658893934,0.0075031564658893934
2022-06-03,-0.009013408504870313,-0.009013408504870313
2022-06-06,0.0023329462818708624,0.0023329462818708624
2022-06-07,0.003239253665521691,0.003239253665521691
2022-06-08,-0.0006735179116955647,-0.0006735179116955647
2022-06-09,-0.0017759594900133013,-0.0017759594900133013
2022-06-10,0.009270775799431474,0.009270775799431474
2022-06-13,0.01231823381535091,0.01231823381535091
2022-06-14,0.007185645815263486,0.007185645815263486
2022-06-15,-0.002437164136445902,-0.002437164136445902
2022-06-16,-0.0014929787804844885,-0.0014929787804844885
2022-06-17,-0.008595017608352795,-0.008595017608352795
2022-06-20,0.005283983464967834,0.005283983464967834
2022-06-21,-0.002790692555378782,-0.002790692555378782
2022-06-22,-0.0011257470490527721,-0.0011257470490527721
2022-06-23,-0.002980703119232153,-0.002980703119232153
2022-06-24,0.004183344286457835,0.004183344286457835
2022-06-27,-0.004355285228323735,-0.004355285228323735
2022-06-28,-0.0013947343080267238,-0.0013947343080267238
2022-06-29,0.005449180056163794,0.005449180056163794
2022-06-30,0.007366450160106064,0.007366450160106064
2022-07-01,-0.002966813802499302,-0.002966813802499302
2022-07-04,0.0041910793442283545,0.0041910793442283545
2022-07-05,7.30124384835662e-05,7.30124384835662e-05
2022-07-06,0.01711040353777271,0.01711040353777271
2022-07-07,0.0069957566050689035,0.0069957566050689035
2022-07-08,0.001629792680632125,0.001629792680632125
2022-07-11,0.00036612637567134954,0.00036612637567134954
2022-07-12,0.011802890564159174,0.011802890564159174
2022-07-13,0.0014367709395095574,0.0014367709395095574
2022-07-14,4.0127136643031136e-05,4.0127136643031136e-05
2022-07-15,0.0007022864134966778,0.0007022864134966778
2022-07-18,-0.006997916729661213,-0.006997916729661213
2022-07-19,-0.004815924934469806,-0.004815924934469806
2022-07-20,-0.008420503818860059,-0.008420503818860059
2022-07-21,0.004767810576523868,0.004767810576523868
2022-07-22,-0.003747253971139397,-0.003747253971139397
2022-07-25,0.0020441900595973284,0.0020441900595973284
2022-07-26,-0.0024174545544747295,-0.0024174545544747295
2022-07-27,0.009417168344179938,0.009417168344179938
2022-07-28,-0.00780986841767628,-0.00780986841767628
2022-07-29,0.0016641227440676865,0.0016641227440676865
2022-08-01,-0.0015594178351618915,-0.0015594178351618915
2022-08-02,-0.005175613133490242,-0.005175613133490242
2022-08-03,0.01040501776769287,0.01040501776769287
2022-08-04,-0.00019291743031080166,-0.00019291743031080166
2022-08-05,-0.00879654054766188,-0.00879654054766188
2022-08-08,0.0075628790762116704,0.0075628790762116704
2022-08-09,-0.002624071413056206,-0.002624071413056206
2022-08-10,-0.001029961328887774,-0.001029961328887774
2022-08-11,-0.008993418913839979,-0.008993418913839979
2022-08-12,-0.0015451282626528506,-0.0015451282626528506
2022-08-15,0.005880585937103611,0.005880585937103611
2022-08-16,0.00929227219380424,0.00929227219380424
2022-08-17,-0.0008536148891563622,-0.0008536148891563622
2022-08-18,-0.0009356987344697476,-0.0009356987344697476
2022-08-19,0.008948403056044274,0.008948403056044274
2022-08-22,0.0054485485722615135,0.0054485485722615135
2022-08-23,0.00963385812265427,0.00963385812265427
2022-08-24,-0.002753298549295957,-0.002753298549295957
2022-08-25,-0.00021921335554697663,-0.00021921335554697663
2022-08-26,-0.00021938026145706946,-0.00021938026145706946
2022-08-29,0.0032806091028076967,0.0032806091028076967
2022-08-30,-0.007523607388589593,-0.007523607388589593
2022-08-31,-0.0011015458768340869,-0.0011015458768340869
2022-09-01,-0.0013934639727717357,0.0013934639727717357
2022-09-02,0.008713822974490082,-0.008713822974490082
2022-09-05,0.0043293289225772025,-0.0043293289225772025
2022-09-06,-0.004300743743857249,0.004300743743857249
2022-09-07,0.00548376989426691,-0.00548376989426691
2022-09-08,-0.009779241412633088,0.009779241412633088
2022-09-09,-0.0016293076380907712,0.0016293076380907712
2022-09-12,-0.00589702873704212,0.00589702873704212
2022-09-13,-0.005740753569429158,0.005740753569429158
2022-09-14,0.014778988971259732,-0.014778988971259732
2022-09-15,-0.0001995547917127416,0.0001995547917127416
2022-09-16,-0.000429301014159722,0.000429301014159722
2022-09-19,-0.0033960542354201095,0.0033960542354201095
2022-09-20,-0.000721633342996908,0.000721633342996908
2022-09-21,0.005897455379910266,-0.005897455379910266
2022-09-22,0.014248227217581233,-0.014248227217581233
2022-09-23,-0.0011010118292851256,0.0011010118292851256
2022-09-26,0.01564796364005394,-0.01564796364005394
2022-09-27,0.0068799473446070625,-0.0068799473446070625
2022-09-28,0.0028678603350411613,-0.0028678603350411613
2022-09-29,-0.011534614769079465,-0.011534614769079465
2022-09-30,-0.012348899461506302,-0.012348899461506302
2022-10-03,0.0037647939446450174,0.0037647939446450174
2022-10-04,-0.004005278889868791,-0.004005278889868791
2022-10-05,-0.015249502308106622,-0.015249502308106622
2022-10-06,0.0073984339981369995,0.0073984339981369995
2022-10-07,0.012458148913661704,0.012458148913661704
2022-10-10,0.005550341255607272,0.005550341255607272
2022-10-11,0.002570052081096952,0.002570052081096952
2022-10-12,0.0010195515917645892,0.0010195515917645892
2022-10-13,-0.0008051665722313972,0.0008051665722313972
2022-10-14,-0.004446161336438381,0.004446161336438381
2022-10-17,0.0012285937675458047,-0.0012285937675458047
2022-10-18,-0.010869157597038104,0.010869157597038104
2022-10-19,-0.0017722933468865554,0.0017722933468865554
2022-10-20,0.009972401251074237,-0.009972401251074237
2022-10-21,-0.0012697370412542153,0.0012697370412542153
2022-10-24,-0.008233824193538242,0.008233824193538242
2022-10-25,-0.0026720682417055164,0.0026720682417055164
2022-10-26,-0.007750937576348815,0.007750937576348815
2022-10-27,-0.012703787071914552,0.012703787071914552
2022-10-28,0.012453399754673411,-0.012453399754673411
2022-10-31,0.0012859294107694375,-0.0012859294107694375
2022-11-01,0.006948534538258722,-0.006948534538258722
2022-11-02,0.000850198530903068,-0.000850198530903068
2022-11-03,0.0064701032972138695,-0.0064701032972138695
2022-11-04,0.006644252405777484,-0.006644252405777484
2022-11-07,-0.018046549598228823,0.018046549598228823
2022-11-08,-0.008965700741198068,0.008965700741198068
2022-11-09,-0.0061714402415858904,0.0061714402415858904
2022-11-10,0.006119032753352016,-0.006119032753352016
2022-11-11,-0.016942996207710004,0.016942996207710004
2022-11-14,-0.013198934826853526,0.013198934826853526
2022-11-15,0.0008985729890165217,-0.0008985729890165217
2022-11-16,-0.003725274907094178,0.003725274907094178
2022-11-17,-0.0035734387944655888,0.0035734387944655888
2022-11-18,0.0032120211538244625,-0.0032120211538244625
2022-11-21,0.0029842158764188387,-0.0029842158764188387
2022-11-22,0.00831633706781143,-0.00831633706781143
2022-11-23,-0.00634208530642455,0.00634208530642455
2022-11-24,-0.010094556299911073,0.010094556299911073
2022-11-25,0.0007812229345647292,-0.0007812229345647292
2022-11-28,0.003913487744969801,-0.003913487744969801
2022-11-29,0.0021253252903883357,-0.0021253252903883357
2022-11-30,0.0020380644658826164,-0.0020380644658826164
2022-12-01,-0.009674024000628223,0.009674024000628223
2022-12-02,-0.009789403969723942,0.009789403969723942
2022-12-05,-0.0014950579749143378,0.0014950579749143378
2022-12-06,0.004502385216484495,-0.004502385216484495
2022-12-07,0.0026662106816981446,-0.0026662106816981446
2022-12-08,-0.0042085795618097555,0.0042085795618097555
2022-12-09,-0.004394493798530075,0.004394493798530075
2022-12-12,0.0035585923082694926,-0.0035585923082694926
2022-12-13,-0.0018519165435891827,0.0018519165435891827
2022-12-14,-0.007990620190279185,0.007990620190279185
2022-12-15,-0.004654524513259095,0.004654524513259095
2022-12-16,0.0033630982172441204,-0.0033630982172441204
2022-12-19,0.005245754041230288,-0.005245754041230288
2022-12-20,-0.002783859294348101,0.002783859294348101
2022-12-21,-0.0011676082505077678,0.0011676082505077678
2022-12-22,0.0015940600581731967,-0.0015940600581731967
2022-12-23,0.0006365839335220613,-0.0006365839335220613
2022-12-26,-0.00604388964842173,0.00604388964842173
2022-12-27,0.002592299771564166,-0.002592299771564166
2022-12-28,0.00028729561659823766,-0.00028729561659823766
2022-12-29,0.0007445983806633194,-0.0007445983806633194
2022-12-30,-0.002954953448126796,0.002954953448126796
2023-01-02,-0.0045734469889621154,0.0045734469889621154
2023-01-03,0.002998712448269769,-0.002998712448269769
2023-01-04,0.012407488471182448,-0.012407488471182448
2023-01-05,-0.005610877057394381,0.005610877057394381
2023-01-06,0.007997186507602061,-0.007997186507602061
2023-01-09,-0.012584603290789476,0.012584603290789476
2023-01-10,-0.007161056019957424,0.007161056019957424
2023-01-11,-0.0005366203054359975,0.0005366203054359975
2023-01-12,-0.0025129336809284197,0.0025129336809284197
2023-01-13,-0.008677373663467658,0.008677373663467658
2023-01-16,0.003290654831572759,-0.003290654831572759
2023-01-17,-0.0005088028178101833,0.0005088028178101833
2023-01-18,0.003411540533676982,-0.003411540533676982
2023-01-19,-0.0004209316582102218,0.0004209316582102218
2023-01-20,-0.0033257499832020088,0.0033257499832020088
2023-01-23,-0.002871003599796862,0.002871003599796862
2023-01-24,-0.0008474612493389877,0.0008474612493389877
2023-01-25,-0.0012723348894320141,0.0012723348894320141
2023-01-26,-0.0031031174730012934,0.0031031174730012934
2023-01-27,0.002533968913115192,-0.002533968913115192
2023-01-30,0.0021134680454111265,-0.0021134680454111265
2023-01-31,0.0019133827541799597,-0.0019133827541799597
2023-02-01,-0.0009439989258746007,0.0009439989258746007
2023-02-02,-0.013793426236816009,0.013793426236816009
2023-02-03,0.00987855298090512,-0.00987855298090512
2023-02-06,0.010588891943148493,-0.010588891943148493
2023-02-07,0.005600473487443081,-0.005600473487443081
2023-02-08,9.658011723678861e-05,-9.658011723678861e-05
2023-02-09,0.0012982695665531008,-0.0012982695665531008
2023-02-10,-0.002464663553752522,0.002464663553752522
2023-02-13,0.006047928307949091,-0.006047928307949091
2023-02-14,-0.004911736399215716,0.004911736399215716
2023-02-15,-0.0004936300426390261,0.0004936300426390261
2023-02-16,0.004111797217630775,-0.004111797217630775
2023-02-17,0.0024377171924319097,-0.0024377171924319097
2023-02-20,-0.001749143768886685,0.001749143768886685
2023-02-21,0.00017092854448108596,-0.00017092854448108596
2023-02-22,0.002873642993076464,-0.002873642993076464
2023-02-23,0.00435662013184146,-0.00435662013184146
2023-02-24,0.000731846036586159,-0.000731846036586159
2023-02-27,0.004101455432994561,-0.004101455432994561
2023-02-28,-0.005319650218434169,0.005319650218434169
2023-03-01,0.003204635197302519,-0.003204635197302519
2023-03-02,-0.008588775499138945,0.008588775499138945
2023-03-03,0.006529357019602555,-0.006529357019602555
2023-03-06,-0.002490908336203246,0.002490908336203246
2023-03-07,-0.005812572224085377,0.005812572224085377
2023-03-08,0.013039758579523664,-0.013039758579523664
2023-03-09,0.00011609007860613474,-0.00011609007860613474
2023-03-10,-0.0033230857688512083,0.0033230857688512083
2023-03-13,-0.009261633886194831,0.009261633886194831
2023-03-14,-0.003856812324172898,0.003856812324172898
2023-03-15,-0.0002466906125112578,0.0002466906125112578
2023-03-16,0.01363488977741012,-0.01363488977741012
2023-03-17,-0.002899866115382954,0.002899866115382954
2023-03-20,-0.006060676610854521,0.006060676610854521
2023-03-21,-0.0037589060389972007,0.0037589060389972007
2023-03-22,-0.005113076699408969,0.005113076699408969
2023-03-23,-0.008845652069905396,0.008845652069905396
2023-03-24,0.003261140567261789,-0.003261140567261789
2023-03-27,0.005276670483892021,-0.005276670483892021
2023-03-28,-0.0026729580253658236,0.0026729580253658236
2023-03-29,-0.00299356608422896,0.00299356608422896
2023-03-30,-0.0003793815679868917,0.0003793815679868917
2023-03-31,-0.0055953519495184345,0.0055953519495184345
2023-04-03,0.009377995132781258,-0.009377995132781258
2023-04-04,-0.009982252028408634,0.009982252028408634
2023-04-05,-0.004364914927119323,0.004364914927119323
2023-04-06,0.005206064570043134,-0.005206064570043134
2023-04-07,-0.0015373793219621845,0.0015373793219621845
2023-04-10,0.0006005766368852861,-0.0006005766368852861
2023-04-11,0.004070762668727523,-0.004070762668727523
2023-04-12,-0.0044129154240124535,0.0044129154240124535
2023-04-13,-0.007489429312019791,0.007489429312019791
2023-04-14,-0.004949919575362616,0.004949919575362616
2023-04-17,0.0061905543179103795,-0.0061905543179103795
2023-04-18,0.0056031771331908065,-0.0056031771331908065
2023-04-19,-0.00455588386334993,0.00455588386334993
2023-04-20,0.0021182469838041396,-0.0021182469838041396
2023-04-21,-0.0017085759440889081,0.0017085759440889081
2023-04-24,-0.001941810171200986,0.001941810171200986
2023-04-25,-0.006078726246806165,0.006078726246806165
2023-04-26,0.007387758925386789,-0.007387758925386789
2023-04-27,-0.006235754920272063,-0.006235754920272063
2023-04-28,0.0013808760486782035,0.0013808760486782035
2023-05-01,0.0019196187827659195,0.0019196187827659195
2023-05-02,0.0037987385885580593,0.0037987385885580593
2023-05-03,-0.003784362783618822,-0.003784362783618822
2023-05-04,-0.005241223608476786,-0.005241223608476786
2023-05-05,0.0041729783651689445,0.0041729783651689445
2023-05-08,0.00038580079617411833,0.00038580079617411833
2023-05-09,0.0020494987508998808,0.0020494987508998808
2023-05-10,0.0028700231914180474,0.0028700231914180474
2023-05-11,-0.0017653566981895574,-0.0017653566981895574
2023-05-12,0.006590483460776397,0.006590483460776397
2023-05-15,0.005477856668008041,0.005477856668008041
2023-05-16,-0.0019317512159560124,-0.0019317512159560124
2023-05-17,0.00073937886601394,0.00073937886601394
2023-05-18,0.002520825811214822,0.002520825811214822
2023-05-19,0.005841920713449467,0.005841920713449467
2023-05-22,-0.004374843608782264,-0.004374843608782264
2023-05-23,0.0010822605770215432,0.0010822605770215432
2023-05-24,0.003837913356684597,0.003837913356684597
2023-05-25,0.0011523834540536626,0.0011523834540536626
2023-05-26,0.0030658305602042635,0.0030658305602042635
2023-05-29,0.0001286762297034727,0.0001286762297034727
2023-05-30,0.0014369233962983063,0.0014369233962983063
2023-05-31,-0.0023664175241776553,-0.0023664175241776553
2023-06-01,0.0035419246421226624,0.0035419246421226624
2023-06-02,-0.006096248305172192,-0.006096248305172192
2023-06-05,0.005810827443689437,0.005810827443689437
2023-06-06,-0.0012303541256846184,-0.0012303541256846184
2023-06-07,0.0012854376444944027,0.0012854376444944027
2023-06-08,-0.0008772834285445397,-0.0008772834285445397
2023-06-09,-0.006981222810122922,-0.006981222810122922
2023-06-12,0.002954427811224569,0.002954427811224569
2023-06-13,-0.001118079742898015,-0.001118079742898015
2023-06-14,-0.0024431803711075784,-0.0024431803711075784
2023-06-15,-0.00495234824639168,-0.00495234824639168
2023-06-16,-0.009400892030634211,-0.009400892030634211
2023-06-19,0.0003502893426505782,0.0003502893426505782
2023-06-20,0.0016303719019314933,0.0016303719019314933
2023-06-21,0.0003604707372772964,0.0003604707372772964
2023-06-22,-0.006574072434758493,-0.006574072434758493
2023-06-23,0.003077989963854,0.003077989963854
2023-06-26,0.004789012627039568,0.004789012627039568
2023-06-27,-0.0003490324020904989,-0.0003490324020904989
2023-06-28,-0.00426600313699077,-0.00426600313699077
2023-06-29,0.0037912536398974073,0.0037912536398974073
2023-06-30,0.004399071205980043,0.004399071205980043
2023-07-03,-0.003619045398070342,-0.003619045398070342
2023-07-04,-0.0005126987536596683,-0.0005126987536596683
2023-07-05,0.00258640439312785,0.00258640439312785
2023-07-06,0.002612431347930544,0.002612431347930544
2023-07-07,-0.003126736257832663,-0.003126736257832663
2023-07-10,-0.007209590283784539,-0.007209590283784539
2023-07-11,-0.0032909401070084776,-0.0032909401070084776
2023-07-12,-0.000737350019135663,-0.000737350019135663
2023-07-13,-0.011707963571139568,-0.011707963571139568
2023-07-14,-0.007032192220693845,-0.007032192220693845
2023-07-17,-0.0003816479323579536,-0.0003816479323579536
2023-07-18,-0.0008757496255511477,-0.0008757496255511477
2023-07-19,0.0007753754787236389,0.0007753754787236389
2023-07-20,0.002111087142949275,0.002111087142949275
2023-07-21,0.006118018182341478,0.006118018182341478
2023-07-24,0.0010580670994702057,0.0010580670994702057
2023-07-25,0.005618293814518838,0.005618293814518838
2023-07-26,0.0011505496301136287,0.0011505496301136287
2023-07-27,-0.002519500573493927,-0.002519500573493927
2023-07-28,0.009073157228923545,0.009073157228923545
2023-07-31,-0.0041279906124565,-0.0041279906124565
2023-08-01,0.0024253463478036696,0.0024253463478036696
2023-08-02,-0.000934819281491639,-0.000934819281491639
2023-08-03,0.005823204029842044,0.005823204029842044
2023-08-04,-0.0006785456292255354,-0.0006785456292255354
2023-08-07,-0.004643510560827124,-0.004643510560827124
2023-08-08,-4.400488237776834e-05,-4.400488237776834e-05
2023-08-09,0.004038199492813144,0.004038199492813144
2023-08-10,-0.0017096244678856953,-0.0017096244678856953
2023-08-11,-0.0003622316690066185,-0.0003622316690066185
2023-08-14,0.003404287127849015,0.003404287127849015
2023-08-15,0.003162919101784789,0.003162919101784789
2023-08-16,0.0005236703143893795,0.0005236703143893795
2023-08-17,0.0026933490202716293,0.0026933490202716293
2023-08-18,2.177930575730791e-05,2.177930575730791e-05
2023-08-21,-8.705050776758316e-05,-8.705050776758316e-05
2023-08-22,-0.0020880975973653904,-0.0020880975973653904
2023-08-23,0.004762616220191029,0.004762616220191029
2023-08-24,-0.0017572230238627196,-0.0017572230238627196
2023-08-25,0.006171793269439174,0.006171793269439174
2023-08-28,0.00016201392122483504,0.00016201392122483504
2023-08-29,-0.0026021643793281424,-0.0026021643793281424
2023-08-30,-0.0040163156208248285,-0.0040163156208248285
2023-08-31,-0.005793317785666385,-0.005793317785666385
2023-09-01,0.008155742829832002,0.008155742829832002
2023-09-04,0.006332896351548989,0.006332896351548989
2023-09-05,-0.0017241029372244698,-0.0017241029372244698
2023-09-06,0.0063687022085952005,0.0063687022085952005
2023-09-07,0.00018240057570295676,0.00018240057570295676
2023-09-08,0.0024665290783176808,0.0024665290783176808
2023-09-11,-0.001893471066907626,-0.001893471066907626
2023-09-12,-0.003001122522166999,-0.003001122522166999
2023-09-13,-0.0002687399326650741,-0.0002687399326650741
2023-09-14,0.0017742628944596994,0.0017742628944596994
2023-09-15,0.009124130323038493,0.009124130323038493
2023-09-18,-0.002914610657279937,-0.002914610657279937
2023-09-19,-0.002282992219843849,-0.002282992219843849
2023-09-20,0.0009944304755242772,0.0009944304755242772
2023-09-21,0.0027239287224856135,0.0027239287224856135
2023-09-22,-0.0007989828794916498,-0.0007989828794916498
2023-09-25,0.0012260909406915932,0.0012260909406915932
2023-09-26,0.005366829733697731,0.005366829733697731
2023-09-27,0.0020971536626703813,0.0020971536626703813
2023-09-28,0.0061091420413954545,0.0061091420413954545
2023-09-29,-0.005410253276220356,-0.005410253276220356
2023-10-02,-0.00026404212737374255,-0.00026404212737374255
2023-10-03,0.008061268410766376,0.008061268410766376
2023-10-04,0.000807051880523435,0.000807051880523435
2023-10-05,-0.0033092467905624368,-0.0033092467905624368
2023-10-06,-0.0037510455581533098,-0.0037510455581533098
2023-10-09,-0.0019721953955118554,-0.0019721953955118554
2023-10-10,-0.0010778973411907922,-0.0010778973411907922
2023-10-11,-0.002443760129393957,-0.002443760129393957
2023-10-12,-0.0018345920343030286,-0.0018345920343030286
2023-10-13,0.008308199906696068,0.008308199906696068
2023-10-16,0.0014434842081232357,0.0014434842081232357
2023-10-17,-0.0031038089641077793,-0.0031038089641077793
2023-10-18,-0.001773141889033325,-0.001773141889033325
2023-10-19,0.0032776252370274594,0.0032776252370274594
2023-10-20,-0.004531561127896544,-0.004531561127896544
2023-10-23,-0.0003281852234240379,-0.0003281852234240379
2023-10-24,-0.0074871120867673335,-0.0074871120867673335
2023-10-25,0.007031442878636884,0.007031442878636884
2023-10-26,0.0026594454742630003,0.0026594454742630003
2023-10-27,0.00026416210256408057,0.00026416210256408057
