date,GBP=X Long Only,GBP=X Using TFT
2017-06-27,0.001478266886647095,-0.001478266886647095
2017-06-28,-0.006896764088620055,0.006896764088620055
2017-06-29,-0.009930008875857599,0.009930008875857599
2017-06-30,-0.005357791773369813,0.005357791773369813
2017-07-03,-0.00040335136044811204,0.00040335136044811204
2017-07-04,0.00523257185204673,-0.00523257185204673
2017-07-05,0.0010618437955072224,-0.0010618437955072224
2017-07-06,0.0002457120661663037,-0.0002457120661663037
2017-07-07,-0.0032199874622822477,0.0032199874622822477
2017-07-10,0.006382986291704862,-0.006382986291704862
2017-07-12,0.0024621915594869037,-0.0024621915594869037
2017-07-13,-0.0026490698707221094,0.0026490698707221094
2017-07-14,-0.00412599077537068,0.00412599077537068
2017-07-17,-0.012519854196001323,0.012519854196001323
2017-07-18,0.004457805234658441,-0.004457805234658441
2017-07-19,0.0011095442512560894,-0.0011095442512560894
2017-07-20,0.00045635109066521906,-0.00045635109066521906
2017-07-21,0.005186994519915,-0.005186994519915
2017-07-24,-0.003020958921651107,0.003020958921651107
2017-07-25,-0.0020156826997311805,0.0020156826997311805
2017-07-26,0.0002605858435789088,0.0002605858435789088
2017-07-27,-0.0066441008678936875,-0.0066441008678936875
2017-07-28,0.0029115208314913765,0.0029115208314913765
2017-07-31,-0.005191477733255789,-0.005191477733255789
2017-08-01,-0.0038251961664673706,-0.0038251961664673706
2017-08-02,-0.0009500218059066423,-0.0009500218059066423
2017-08-03,-0.0015453813880028644,-0.0015453813880028644
2017-08-04,0.006415808071696727,0.006415808071696727
2017-08-07,0.007439533955609479,0.007439533955609479
2017-08-08,0.0007045613347471669,0.0007045613347471669
2017-08-09,0.003976492301714485,-0.003976492301714485
2017-08-10,-0.0021426865784859306,0.0021426865784859306
2017-08-11,0.0028760559287654974,-0.0028760559287654974
2017-08-14,-0.002244929687385211,0.002244929687385211
2017-08-15,0.003147445833093565,-0.003147445833093565
2017-08-16,0.007623490303561686,-0.007623490303561686
2017-08-17,-0.0019043759539231209,0.0019043759539231209
2017-08-18,0.0020626880750596044,-0.0020626880750596044
2017-08-21,-0.000668970694574722,0.000668970694574722
2017-08-22,-0.0019052798889152012,0.0019052798889152012
2017-08-23,0.005791252593912777,0.005791252593912777
2017-08-24,0.0015773496383202357,0.0015773496383202357
2017-08-25,-1.2821157596376587e-05,-1.2821157596376587e-05
2017-08-28,-0.007848785939100433,-0.007848785939100433
2017-08-29,-0.0016905726001241739,-0.0016905726001241739
2017-08-30,3.875684977239224e-05,3.875684977239224e-05
2017-08-31,0.0004653723664662657,0.0004653723664662657
2017-09-01,-0.0016279686226163825,-0.0016279686226163825
2017-09-04,-0.0018118207263250197,-0.0018118207263250197
2017-09-05,0.0031764414134576313,0.0031764414134576313
2017-09-06,-0.00898225618850279,0.00898225618850279
2017-09-07,-0.0006520132619559638,0.0006520132619559638
2017-09-08,-0.004202037882978127,0.004202037882978127
2017-09-11,-0.007037297347879168,0.007037297347879168
2017-09-12,0.0021248772051933873,-0.0021248772051933873
2017-09-13,-0.008994938173880529,0.008994938173880529
2017-09-14,0.006299086860529712,-0.006299086860529712
2017-09-15,-0.014407742440675775,0.014407742440675775
2017-09-18,-0.012970351337718178,0.012970351337718178
2017-09-19,0.004330528738786921,-0.004330528738786921
2017-09-20,9.45836899690633e-05,-9.45836899690633e-05
2017-09-21,0.001905673050757395,-0.001905673050757395
2017-09-22,-0.006636907360692446,0.006636907360692446
2017-09-25,0.005364005266389693,-0.005364005266389693
2017-09-26,0.0021881765844575796,-0.0021881765844575796
2017-09-27,0.002210391160106351,-0.002210391160106351
2017-09-28,0.0036713446746745593,-0.0036713446746745593
2017-09-29,-0.0023314597319455954,0.0023314597319455954
2017-10-02,0.002699455906178594,-0.002699455906178594
2017-10-03,0.008920498849221525,-0.008920498849221525
2017-10-04,0.0026019959793017744,-0.0026019959793017744
2017-10-05,0.0006355713658723339,-0.0006355713658723339
2017-10-06,0.009157046606778518,-0.009157046606778518
2017-10-09,0.002189823238481159,-0.002189823238481159
2017-10-10,-0.004566291949765766,0.004566291949765766
2017-10-11,-0.005073602491236007,0.005073602491236007
2017-10-12,-0.002166647006861644,0.002166647006861644
2017-10-13,-0.0018535600735205549,0.0018535600735205549
2017-10-16,-0.0018437197662967142,0.0018437197662967142
2017-10-17,0.002710886150464775,-0.002710886150464775
2017-10-18,0.004400024393234059,0.004400024393234059
2017-10-19,-0.0013723216664101034,-0.0013723216664101034
2017-10-20,0.004743532191376243,0.004743532191376243
2017-10-23,-0.002972080223356377,-0.002972080223356377
2017-10-24,-0.0012662134839392936,-0.0012662134839392936
2017-10-25,0.005678814405998711,0.005678814405998711
2017-10-26,-0.01066316526884703,-0.01066316526884703
2017-10-27,0.01091085103119016,0.01091085103119016
2017-10-30,-0.000288866516277686,-0.000288866516277686
2017-10-31,-0.005936587416921046,-0.005936587416921046
2017-11-01,-0.005998501811780854,-0.005998501811780854
2017-11-02,0.002778122198555222,0.002778122198555222
2017-11-03,0.015482227085621192,0.015482227085621192
2017-11-06,-0.002075414049965696,-0.002075414049965696
2017-11-07,-0.007181170515122903,-0.007181170515122903
2017-11-08,0.00022396601245078251,0.00022396601245078251
2017-11-09,0.004504854271363934,0.004504854271363934
2017-11-10,-0.0023866087294307503,-0.0023866087294307503
2017-11-13,0.001840208653085984,0.001840208653085984
2017-11-14,-0.0002360943995968201,-0.0002360943995968201
2017-11-15,-0.002624716261953486,-0.002624716261953486
2017-11-17,-0.0032236701968302306,-0.0032236701968302306
2017-11-20,-0.00017160283817407862,-0.00017160283817407862
2017-11-21,-0.003195067692452258,-0.003195067692452258
2017-11-22,-3.971011458459017e-05,-3.971011458459017e-05
2017-11-23,-0.0053512096473357085,-0.0053512096473357085
2017-11-24,0.0007590577143417043,0.0007590577143417043
2017-11-27,-0.0013306548389057093,-0.0013306548389057093
2017-11-28,0.0001598722800766339,0.0001598722800766339
2017-11-29,-0.003224012360844797,-0.003224012360844797
2017-11-30,-0.0038625912979927124,-0.0038625912979927124
2017-12-01,-0.008332142402725062,-0.008332142402725062
2017-12-04,0.0026653946277592766,0.0026653946277592766
2017-12-05,0.0013899198517890454,0.0013899198517890454
2017-12-06,0.00447376190847959,0.00447376190847959
2017-12-07,0.001717165869507209,0.001717165869507209
2017-12-08,-0.0068300681689719145,-0.0068300681689719145
2017-12-11,0.006890541483620449,0.006890541483620449
2017-12-12,0.0032007433119287665,0.0032007433119287665
2017-12-13,0.0022426336228904553,0.0022426336228904553
2017-12-14,-0.006726342763788917,0.006726342763788917
2017-12-15,-0.0017297999971706002,0.0017297999971706002
2017-12-18,0.008677598241293216,-0.008677598241293216
2017-12-19,-0.004740907116210669,0.004740907116210669
2017-12-20,-0.00045500640637852197,0.00045500640637852197
2017-12-21,0.001111104018486131,-0.001111104018486131
2017-12-22,-0.0006284618704571754,0.0006284618704571754
2017-12-25,0.0011507645976989167,-0.0011507645976989167
2017-12-26,-0.0008286433041088115,0.0008286433041088115
2017-12-27,0.00010699495887900312,-0.00010699495887900312
2017-12-28,-0.0021800880086868535,-0.0021800880086868535
2017-12-29,-0.0027477817133381155,-0.0027477817133381155
2018-01-01,-0.005564542094938174,-0.005564542094938174
2018-01-02,0.00035141170104280306,0.00035141170104280306
2018-01-03,-0.0062422521491037886,-0.0062422521491037886
2018-01-04,0.006281462622659495,0.006281462622659495
2018-01-05,-0.003067047655771038,-0.003067047655771038
2018-01-08,-0.001694150020490226,-0.001694150020490226
2018-01-09,0.0003394535582621483,0.0003394535582621483
2018-01-10,0.0028770554845332086,0.0028770554845332086
2018-01-11,0.0014479919476420022,-0.0014479919476420022
2018-01-12,-0.002148550747107847,0.002148550747107847
2018-01-15,-0.013921068742894449,0.013921068742894449
2018-01-16,-0.004724120699061474,0.004724120699061474
2018-01-17,-4.145094083762846e-05,4.145094083762846e-05
2018-01-18,-0.002111206956677325,0.002111206956677325
2018-01-19,-0.00479832361571908,0.00479832361571908
2018-01-22,0.000222368314477972,-0.000222368314477972
2018-01-23,-0.006667993127904115,0.006667993127904115
2018-01-24,-0.0023214686419182895,0.0023214686419182895
2018-01-25,-0.01431171507810347,-0.01431171507810347
2018-01-26,0.004991535969565364,0.004991535969565364
2018-01-29,7.067877517230592e-05,7.067877517230592e-05
2018-01-30,0.005164499126571576,0.005164499126571576
2018-01-31,-0.0056024507712105764,-0.0056024507712105764
2018-02-01,-0.0031425709647705524,-0.0031425709647705524
2018-02-02,-0.004643609607029142,-0.004643609607029142
2018-02-05,0.011013929491462848,0.011013929491462848
2018-02-06,0.012022870554337928,0.012022870554337928
2018-02-07,-0.001073626617296597,-0.001073626617296597
2018-02-08,0.005723010803216688,-0.005723010803216688
2018-02-09,-0.003997192583974352,0.003997192583974352
2018-02-12,0.007775714043894544,-0.007775714043894544
2018-02-13,-0.0017976173472588064,0.0017976173472588064
2018-02-14,-0.0024934211134699513,0.0024934211134699513
2018-02-15,-0.009193153734709858,0.009193153734709858
2018-02-16,-0.006265054040831997,0.006265054040831997
2018-02-19,0.005176199436176532,-0.005176199436176532
2018-02-20,0.0027782549591504058,-0.0027782549591504058
2018-02-21,-0.0006016678058099467,0.0006016678058099467
2018-02-22,0.006538543482899728,0.006538543482899728
2018-02-23,-0.003074170180084934,-0.003074170180084934
2018-02-26,-0.0010744288349121556,-0.0010744288349121556
2018-02-27,0.00011181282981875817,0.00011181282981875817
2018-02-28,0.004343563493554692,0.004343563493554692
2018-03-01,0.011041418144757342,0.011041418144757342
2018-03-02,-0.0015405142289127705,-0.0015405142289127705
2018-03-05,-0.0014188259149867655,-0.0014188259149867655
2018-03-06,-0.004138530764021486,-0.004138530764021486
2018-03-07,-0.0034353380002034584,-0.0034353380002034584
2018-03-08,-0.00044482684769053815,0.00044482684769053815
2018-03-09,0.007286918574965773,-0.007286918574965773
2018-03-12,-0.003589494066567389,0.003589494066567389
2018-03-13,-0.0037547936259186843,0.0037547936259186843
2018-03-14,-0.004631311341933841,0.004631311341933841
2018-03-15,5.596524092155164e-05,-5.596524092155164e-05
2018-03-16,0.002361151303804654,-0.002361151303804654
2018-03-19,-0.00034844079804741135,0.00034844079804741135
2018-03-20,-0.005828402986498671,0.005828402986498671
2018-03-21,0.0014586000599390303,-0.0014586000599390303
2018-03-22,-0.009999413169201055,-0.009999413169201055
2018-03-23,0.0022351109385021495,0.0022351109385021495
2018-03-26,-0.002328895347105675,-0.002328895347105675
2018-03-27,-0.006408913669695648,-0.006408913669695648
2018-03-28,0.004414036617772954,0.004414036617772954
2018-03-29,0.006818876235271221,0.006818876235271221
2018-03-30,0.0036327099831838794,0.0036327099831838794
2018-04-02,-0.0006313431168381012,-0.0006313431168381012
2018-04-03,-0.0006036273535735548,-0.0006036273535735548
2018-04-04,-0.001559210131927058,-0.001559210131927058
2018-04-05,-0.001378755740448101,0.001378755740448101
2018-04-06,0.0056634575280152255,-0.0056634575280152255
2018-04-09,-0.005883645696047712,0.005883645696047712
2018-04-10,-0.003297472892167419,0.003297472892167419
2018-04-11,-0.0030962729189885074,0.0030962729189885074
2018-04-12,-0.00048217283444673686,0.00048217283444673686
2018-04-13,-0.0034479641078176693,0.0034479641078176693
2018-04-16,-0.000612221862957063,0.000612221862957063
2018-04-17,-0.006639042344763535,0.006639042344763535
2018-04-18,0.003183900992946187,-0.003183900992946187
2018-04-19,0.006490666210828611,0.006490666210828611
2018-04-20,0.008366375059603692,0.008366375059603692
2018-04-23,0.0060571885516769175,0.0060571885516769175
2018-04-24,0.004550549945052218,0.004550549945052218
2018-04-25,-0.003972396682377921,-0.003972396682377921
2018-04-26,0.003918258730357671,0.003918258730357671
2018-04-27,0.0014218208329612736,0.0014218208329612736
2018-04-30,0.01077358764824421,0.01077358764824421
2018-05-01,-8.257446497128562e-05,-8.257446497128562e-05
2018-05-02,0.011968047445984897,0.011968047445984897
2018-05-03,0.0026129707080726483,0.0026129707080726483
2018-05-04,0.00010857655249707499,0.00010857655249707499
2018-05-07,0.002985935523693639,0.002985935523693639
2018-05-08,-0.002828234271198382,-0.002828234271198382
2018-05-09,0.001248551135513365,0.001248551135513365
2018-05-10,0.0006505600083239749,0.0006505600083239749
2018-05-11,0.0015711309115102878,0.0015711309115102878
2018-05-14,-0.002244867032938691,-0.002244867032938691
2018-05-15,-0.0006370054523142654,-0.0006370054523142654
2018-05-16,0.0046111890977980075,0.0046111890977980075
2018-05-17,-0.0035505452594338793,-0.0035505452594338793
2018-05-18,0.0024386948738792658,0.0024386948738792658
2018-05-21,0.002838209034675465,0.002838209034675465
2018-05-22,0.0033692690976259154,0.0033692690976259154
2018-05-23,-0.00068499308722203,-0.00068499308722203
2018-05-24,0.005215156030472734,0.005215156030472734
2018-05-25,-0.0009092882008439052,-0.0009092882008439052
2018-05-28,0.005594312211266272,0.005594312211266272
2018-05-29,-0.0004924679298903278,-0.0004924679298903278
2018-05-30,0.004660432491627287,0.004660432491627287
2018-05-31,-0.002239854945435882,-0.002239854945435882
2018-06-01,-0.00043839868960204864,-0.00043839868960204864
2018-06-04,-0.005023320096393391,-0.005023320096393391
2018-06-05,0.0030051503442929395,0.0030051503442929395
2018-06-06,-0.006684816471344557,-0.006684816471344557
2018-06-07,-0.001152970655382557,-0.001152970655382557
2018-06-08,0.00017447720836472058,0.00017447720836472058
2018-06-11,0.0004026433045034583,0.0004026433045034583
2018-06-12,0.002950969484901478,0.002950969484901478
2018-06-13,0.00013376567760836622,0.00013376567760836622
2018-06-14,-0.0007622348537804635,-0.0007622348537804635
2018-06-15,0.009515142218615713,0.009515142218615713
2018-06-18,-0.0013919392211825254,-0.0013919392211825254
2018-06-19,0.0012345992584807952,0.0012345992584807952
2018-06-20,0.006483472991956729,0.006483472991956729
2018-06-21,-0.00014486777066635703,-0.00014486777066635703
2018-06-22,-0.0054808787279505555,-0.0054808787279505555
2018-06-25,-0.001099563696283834,-0.001099563696283834
2018-06-26,-0.001206938489219378,-0.001206938489219378
2018-06-27,0.0043420928393616,0.0043420928393616
2018-06-28,0.0076682162334849036,0.0076682162334849036
2018-06-29,0.0034638058022735674,0.0034638058022735674
2018-07-02,-0.010041707896958574,-0.010041707896958574
2018-07-03,0.004847221822039671,0.004847221822039671
2018-07-04,-0.0038117828228627637,-0.0038117828228627637
2018-07-05,-0.0026388365903154964,-0.0026388365903154964
2018-07-06,0.00026455030627126064,0.00026455030627126064
2018-07-09,-0.005422595828400101,-0.005422595828400101
2018-07-10,0.00319154349561912,0.00319154349561912
2018-07-11,-0.00013257766696805895,-0.00013257766696805895
2018-07-12,0.00357951850699334,0.00357951850699334
2018-07-13,0.0022456856120456337,0.0022456856120456337
2018-07-16,-0.0035718791780011694,-0.0035718791780011694
2018-07-17,-0.0006614152915367377,-0.0006614152915367377
2018-07-18,0.009940576814914337,0.009940576814914337
2018-07-19,0.002136314805012418,0.002136314805012418
2018-07-20,0.004237329423871117,0.004237329423871117
2018-07-23,-0.009441716544199008,-0.009441716544199008
2018-07-24,0.0033919526911738718,0.0033919526911738718
2018-07-25,-0.00376043462033393,-0.00376043462033393
2018-07-26,-0.0035905618129381534,-0.0035905618129381534
2018-07-27,0.006929747949300458,0.006929747949300458
2018-07-30,-0.00023596517060320288,-0.00023596517060320288
2018-07-31,-0.0017962594444490554,-0.0017962594444490554
2018-08-01,0.0010507735567717447,0.0010507735567717447
2018-08-02,-0.0003411566289032164,-0.0003411566289032164
2018-08-03,0.008295704888466648,0.008295704888466648
2018-08-06,0.0011196045558881096,0.0011196045558881096
2018-08-07,0.004525184632012902,0.004525184632012902
2018-08-08,-0.00012939416448520813,-0.00012939416448520813
2018-08-09,0.005049186177464193,-0.005049186177464193
2018-08-10,0.004147832108544858,-0.004147832108544858
2018-08-13,0.005452136861603396,-0.005452136861603396
2018-08-14,-0.0003062478749158437,0.0003062478749158437
2018-08-15,0.0035352911409969323,-0.0035352911409969323
2018-08-16,0.0018822120350139304,-0.0018822120350139304
2018-08-17,-0.0016248315112143974,0.0016248315112143974
2018-08-20,-0.002555610794162777,0.002555610794162777
2018-08-21,-0.004461477888863863,0.004461477888863863
2018-08-22,-0.007848986608855246,0.007848986608855246
2018-08-23,6.446156821304783e-05,6.446156821304783e-05
2018-08-24,0.0073428377506916664,0.0073428377506916664
2018-08-27,-0.0039072882826783895,-0.0039072882826783895
2018-08-28,-0.0027778961702472627,-0.0027778961702472627
2018-08-29,0.0022569188476246893,0.0022569188476246893
2018-08-30,-0.012906337248123734,-0.012906337248123734
2018-08-31,0.001916321483266925,0.001916321483266925
2018-09-03,0.006804769084936435,0.006804769084936435
2018-09-04,0.004199923927650229,0.004199923927650229
2018-09-05,0.0008236618773644899,0.0008236618773644899
2018-09-06,-0.004371901403479761,0.004371901403479761
2018-09-07,-0.0008135884121731607,0.0008135884121731607
2018-09-10,-0.00037488360002890797,0.00037488360002890797
2018-09-11,-0.007383182777742414,0.007383182777742414
2018-09-12,0.0008337367564317244,-0.0008337367564317244
2018-09-13,-0.002290749732566155,0.002290749732566155
2018-09-14,-0.00502248149868878,0.00502248149868878
2018-09-17,0.002910679077957612,-0.002910679077957612
2018-09-18,-0.005556123525585321,0.005556123525585321
2018-09-19,-0.001682739868789418,0.001682739868789418
2018-09-20,0.0020806172466436568,0.0020806172466436568
2018-09-21,-0.009776957048029722,-0.009776957048029722
2018-09-24,0.014558141124253021,0.014558141124253021
2018-09-25,-0.0028122944146590223,-0.0028122944146590223
2018-09-26,-0.004748512346765432,-0.004748512346765432
2018-09-27,0.0005404035091427506,0.0005404035091427506
2018-09-28,0.007192302039154885,0.007192302039154885
2018-10-01,0.003047351861288794,0.003047351861288794
2018-10-02,-0.00035206478613813985,-0.00035206478613813985
2018-10-03,0.004747862377375345,0.004747862377375345
2018-10-04,0.0031935648337688693,0.0031935648337688693
2018-10-05,-0.006418552567224345,-0.006418552567224345
2018-10-08,-0.007840518521612272,-0.007840518521612272
2018-10-09,0.0025991060790193643,0.0025991060790193643
2018-10-10,-0.00485751027449699,-0.00485751027449699
2018-10-11,-0.003762923064170476,-0.003762923064170476
2018-10-12,-0.0020734377976532326,-0.0020734377976532326
2018-10-15,0.00993886662669996,0.00993886662669996
2018-10-16,-0.003865675112239564,-0.003865675112239564
2018-10-17,-0.0024599128221887145,-0.0024599128221887145
2018-10-18,0.006316688349013999,0.006316688349013999
2018-10-19,0.006159016219555058,0.006159016219555058
2018-10-22,-0.0031517955996896996,-0.0031517955996896996
2018-10-23,0.007669372645909389,0.007669372645909389
2018-10-24,-0.0011798821400760273,-0.0011798821400760273
2018-10-25,0.007217567159678584,0.007217567159678584
2018-10-26,0.0049619579637842914,0.0049619579637842914
2018-10-29,-0.0005001515819329505,-0.0005001515819329505
2018-10-30,0.00223257390487297,0.00223257390487297
2018-10-31,0.007361414236422226,0.007361414236422226
2018-11-01,-0.004740419623984304,-0.004740419623984304
2018-11-02,-0.018017634030727647,-0.018017634030727647
2018-11-05,-0.0001430802892019578,-0.0001430802892019578
2018-11-06,-0.004018681859016882,-0.004018681859016882
2018-11-07,-0.0041525012141816475,-0.0041525012141816475
2018-11-08,-0.001219479026180026,-0.001219479026180026
2018-11-09,0.004726272095955997,0.004726272095955997
2018-11-12,0.009917674245847108,0.009917674245847108
2018-11-13,0.006262232066743367,0.006262232066743367
2018-11-14,-0.01199641880101876,-0.01199641880101876
2018-11-15,0.0021472875426837845,-0.0021472875426837845
2018-11-16,0.017206666462837195,-0.017206666462837195
2018-11-19,-0.005195945423054904,0.005195945423054904
2018-11-20,-0.0020661179150498477,0.0020661179150498477
2018-11-21,0.00551681361894274,-0.00551681361894274
2018-11-22,0.0009335832544421496,-0.0009335832544421496
2018-11-23,-0.00766633766217939,0.00766633766217939
2018-11-26,0.004970123616859334,-0.004970123616859334
2018-11-27,0.0,-0.0
2018-11-28,0.005381142495423985,-0.005381142495423985
2018-11-29,-0.006269919645765953,-0.006269919645765953
2018-11-30,0.003103450041838318,0.003103450041838318
2018-12-03,0.002429068413362767,0.002429068413362767
2018-12-04,0.0021680705039104353,0.0021680705039104353
2018-12-05,0.00041999354346211604,0.00041999354346211604
2018-12-06,-0.0005597057503586855,-0.0005597057503586855
2018-12-07,-0.003983783264226104,-0.003983783264226104
2018-12-10,0.004523588605470863,0.004523588605470863
2018-12-11,0.01272109203053029,0.01272109203053029
2018-12-12,0.005464145796805653,0.005464145796805653
2018-12-13,-0.010744026336994006,-0.010744026336994006
2018-12-14,-0.002083697464771994,-0.002083697464771994
2018-12-17,0.00551761603143186,0.00551761603143186
2018-12-18,-0.002391282250747473,-0.002391282250747473
2018-12-19,-0.0031034780429981534,-0.0031034780429981534
2018-12-20,0.0021513339462257974,0.0021513339462257974
2018-12-21,-0.003308475609099748,-0.003308475609099748
2018-12-24,0.0016470419963992011,0.0016470419963992011
2018-12-25,-0.004869821319506529,-0.004869821319506529
2018-12-26,0.001741401465656267,0.001741401465656267
2018-12-27,0.0031594772519150105,0.0031594772519150105
2018-12-28,0.00020242916505930353,0.00020242916505930353
2018-12-31,-0.0037306513869734825,-0.0037306513869734825
2019-01-01,-0.003490783259342045,-0.003490783259342045
2019-01-02,-0.0012737878572643968,-0.0012737878572643968
2019-01-03,0.018557528803020418,0.018557528803020418
2019-01-04,-0.008464814713226354,-0.008464814713226354
2019-01-07,-0.008335045180340894,-0.008335045180340894
2019-01-08,-0.003998742688422707,-0.003998742688422707
2019-01-09,0.003784639530613143,0.003784639530613143
2019-01-10,-0.004827607308444004,0.004827607308444004
2019-01-11,0.0035838925027555923,-0.0035838925027555923
2019-01-14,-0.007461090156746231,0.007461090156746231
2019-01-15,-0.0019531469899930487,0.0019531469899930487
2019-01-16,0.00021886499621204258,-0.00021886499621204258
2019-01-17,-0.0010555700308338967,0.0010555700308338967
2019-01-18,-0.0075639260894697635,0.0075639260894697635
2019-01-21,0.010153484013745828,-0.010153484013745828
2019-01-22,-0.0029691234148649936,0.0029691234148649936
2019-01-23,-0.005092240085403987,0.005092240085403987
2019-01-24,-0.00951099307681258,0.00951099307681258
2019-01-25,-0.003008927284829155,0.003008927284829155
2019-01-28,-0.006573952151726958,0.006573952151726958
2019-01-29,0.0036719813205339236,-0.0036719813205339236
2019-01-30,0.00609318599995623,-0.00609318599995623
2019-01-31,-0.002799274172158195,0.002799274172158195
2019-02-01,0.0005902920952929325,-0.0005902920952929325
2019-02-04,0.002451509740559077,-0.002451509740559077
2019-02-05,0.003557041193988475,-0.003557041193988475
2019-02-06,0.005694519137952492,-0.005694519137952492
2019-02-07,0.0017621819700601726,-0.0017621819700601726
2019-02-08,-0.0011382341596838375,0.0011382341596838375
2019-02-11,0.0009582281231270695,-0.0009582281231270695
2019-02-12,0.005653415706528442,-0.005653415706528442
2019-02-13,-0.002174063561263928,0.002174063561263928
2019-02-14,0.0027460538730954553,-0.0027460538730954553
2019-02-15,0.004564146220963794,-0.004564146220963794
2019-02-18,-0.008306126580779782,0.008306126580779782
2019-02-19,-0.0014325391227103523,0.0014325391227103523
2019-02-20,-0.01050728771252285,0.01050728771252285
2019-02-21,0.0012407967880350146,-0.0012407967880350146
2019-02-22,0.0002869936886269464,-0.0002869936886269464
2019-02-25,-0.001851825797006823,0.001851825797006823
2019-02-26,-0.004690525760978059,0.004690525760978059
2019-02-27,-0.009871642436615424,0.009871642436615424
2019-02-28,-0.004520963210928541,0.004520963210928541
2019-03-01,0.004022092893381624,-0.004022092893381624
2019-03-04,0.0018968456273955603,-0.0018968456273955603
2019-03-05,0.004647157936370938,-0.004647157936370938
2019-03-06,0.0016605503585460646,-0.0016605503585460646
2019-03-07,-0.0019340709460479166,0.0019340709460479166
2019-03-08,0.006854769895898505,-0.006854769895898505
2019-03-11,0.008012524622617034,-0.008012524622617034
2019-03-12,-0.019638365040364314,0.019638365040364314
2019-03-13,0.01391090874732881,-0.01391090874732881
2019-03-14,-0.016477144970915347,0.016477144970915347
2019-03-15,0.0020460019022741083,-0.0020460019022741083
2019-03-18,-0.0029036153337949067,0.0029036153337949067
2019-03-19,0.002473223325289764,-0.002473223325289764
2019-03-20,-0.0005305833341173738,0.0005305833341173738
2019-03-21,0.00500330969925411,-0.00500330969925411
2019-03-22,0.005559437702766568,-0.005559437702766568
2019-03-25,-0.005620595774072146,0.005620595774072146
2019-03-26,-0.000660358377254866,0.000660358377254866
2019-03-27,0.00029073708191185155,-0.00029073708191185155
2019-03-28,0.004465466205633373,-0.004465466205633373
2019-03-29,0.007365560085724754,-0.007365560085724754
2019-04-01,0.0025852025771868625,-0.0025852025771868625
2019-04-02,-0.0035292549675775,0.0035292549675775
2019-04-03,-0.004469588987570883,0.004469588987570883
2019-04-04,-0.003741379920131682,0.003741379920131682
2019-04-05,0.007642652358828883,-0.007642652358828883
2019-04-08,0.0029815573235416615,-0.0029815573235416615
2019-04-09,-0.0019296244288743436,0.0019296244288743436
2019-04-10,0.00047029660376551874,-0.00047029660376551874
2019-04-11,-0.0032120790109797515,0.0032120790109797515
2019-04-12,0.0033140931251891548,-0.0033140931251891548
2019-04-15,-0.00212814255496796,0.00212814255496796
2019-04-16,-0.0014392303225513325,0.0014392303225513325
2019-04-17,0.004323914075904156,-0.004323914075904156
2019-04-18,0.0005349254448148155,0.0005349254448148155
2019-04-19,0.003455376569517332,0.003455376569517332
2019-04-22,5.197088948594164e-05,5.197088948594164e-05
2019-04-23,0.0009485937028650415,0.0009485937028650415
2019-04-24,0.0033491971095929163,0.0033491971095929163
2019-04-25,0.0025747115161716128,0.0025747115161716128
2019-04-26,0.0006839650125589625,0.0006839650125589625
2019-04-29,-0.0018699330038678408,-0.0018699330038678408
2019-04-30,-0.000943225495428246,-0.000943225495428246
2019-05-01,-0.008237967184414496,-0.008237967184414496
2019-05-02,-0.0010170905567347122,-0.0010170905567347122
2019-05-03,0.0015272669274353223,0.0015272669274353223
2019-05-06,-0.00892776198849421,-0.00892776198849421
2019-05-07,0.003918878678347948,0.003918878678347948
2019-05-08,0.0023316393299139815,0.0023316393299139815
2019-05-09,0.004364993741037049,0.004364993741037049
2019-05-10,0.00018218304145012354,0.00018218304145012354
2019-05-13,-7.808637966499887e-05,-7.808637966499887e-05
2019-05-14,0.003669028104606342,0.003669028104606342
2019-05-15,0.004381530920363419,0.004381530920363419
2019-05-16,0.004594742651869765,-0.004594742651869765
2019-05-17,0.003892802920716365,-0.003892802920716365
2019-05-20,0.00519583091683784,-0.00519583091683784
2019-05-21,0.00019100502183078127,-0.00019100502183078127
2019-05-23,0.005129823330954242,-0.005129823330954242
2019-05-24,-3.7968588428305416e-05,3.7968588428305416e-05
2019-05-27,-0.004723909569428919,0.004723909569428919
2019-05-28,0.0033466035015861095,-0.0033466035015861095
2019-05-29,0.001788214910836805,-0.001788214910836805
2019-05-30,0.0023926822512083668,-0.0023926822512083668
2019-05-31,0.00156599569413296,0.00156599569413296
2019-06-03,-0.002357985187977807,-0.002357985187977807
2019-06-04,-0.0019464908996258412,-0.0019464908996258412
2019-06-05,-0.003039374181042831,-0.003039374181042831
2019-06-06,0.0011178473367612352,0.0011178473367612352
2019-06-07,-0.0007739959153828524,-0.0007739959153828524
2019-06-10,-0.001930206482593455,-0.001930206482593455
2019-06-11,0.0025064163834742637,0.0025064163834742637
2019-06-12,-0.002614374239718331,-0.002614374239718331
2019-06-13,0.002443146576811328,0.002443146576811328
2019-06-14,0.0010535467300747392,-0.0010535467300747392
2019-06-17,0.006669697889470916,-0.006669697889470916
2019-06-18,0.004345605728532487,-0.004345605728532487
2019-06-19,-0.0019941224369945942,0.0019941224369945942
2019-06-20,-0.00711269432312478,0.00711269432312478
2019-06-21,-0.004037439654161812,0.004037439654161812
2019-06-24,-0.003367631006413463,0.003367631006413463
2019-06-25,0.0008798650888730553,-0.0008798650888730553
2019-06-26,0.003860121087901902,-0.003860121087901902
2019-06-27,-0.0006091476841608712,0.0006091476841608712
2019-06-28,0.0016507647786589974,0.0016507647786589974
2019-07-01,-0.0013438247986151675,-0.0013438247986151675
2019-07-02,0.003947992461307059,0.003947992461307059
2019-07-03,0.0036796080511229956,0.0036796080511229956
2019-07-04,0.0012346547663628638,0.0012346547663628638
2019-07-05,-2.5199637755157767e-05,-2.5199637755157767e-05
2019-07-08,0.0045928247173274706,0.0045928247173274706
2019-07-09,0.0007264962305961742,0.0007264962305961742
2019-07-10,0.004643559456965374,0.004643559456965374
2019-07-11,-0.003961786372007392,-0.003961786372007392
2019-07-12,-0.0012258212133572366,-0.0012258212133572366
2019-07-15,-0.003857245345780469,-0.003857245345780469
2019-07-16,0.004312198495114217,0.004312198495114217
2019-07-17,0.0085373011962937,0.0085373011962937
2019-07-18,-0.0018246047540486643,-0.0018246047540486643
2019-07-19,-0.008542616024310834,-0.008542616024310834
2019-07-22,0.0023201802380179437,0.0023201802380179437
2019-07-23,0.0030406439730266133,0.0030406439730266133
2019-07-24,0.002881673168369625,0.002881673168369625
2019-07-25,-0.0037565785722658562,-0.0037565785722658562
2019-07-26,0.0026096103319284136,0.0026096103319284136
2019-07-29,0.006201780783268163,0.006201780783268163
2019-07-30,0.013032656074990046,0.013032656074990046
2019-07-31,0.0045938178221314185,0.0045938178221314185
2019-08-01,0.0006445704364275162,0.0006445704364275162
2019-08-02,0.002430722524555229,0.002430722524555229
2019-08-05,-0.002291496840510887,-0.002291496840510887
2019-08-06,-0.000498262671998928,-0.000498262671998928
2019-08-07,-0.0009483232664874164,-0.0009483232664874164
2019-08-08,0.002178368412141918,0.002178368412141918
2019-08-09,-3.640696677342792e-05,3.640696677342792e-05
2019-08-12,0.010127874897922773,-0.010127874897922773
2019-08-13,-0.004700598819558421,0.004700598819558421
2019-08-14,0.0012078598073399505,-0.0012078598073399505
2019-08-15,0.00031366324877746266,-0.00031366324877746266
2019-08-16,-0.002580907937864363,0.002580907937864363
2019-08-19,-0.005707204989544912,0.005707204989544912
2019-08-20,0.0024321709956687254,-0.0024321709956687254
2019-08-21,-0.0025354570992256464,0.0025354570992256464
2019-08-22,0.0024810801778547553,-0.0024810801778547553
2019-08-23,-0.009766411977478628,-0.009766411977478628
2019-08-26,-0.0008576291752826481,-0.0008576291752826481
2019-08-27,0.003310816835771835,0.003310816835771835
2019-08-28,-0.004986552894788221,-0.004986552894788221
2019-08-29,0.005294074451042796,0.005294074451042796
2019-08-30,0.00262697985729643,0.00262697985729643
2019-09-02,0.0022423107698905653,0.0022423107698905653
2019-09-03,0.007672461888815318,0.007672461888815318
2019-09-04,-0.001966874912164185,-0.001966874912164185
2019-09-05,-0.012936752126897155,-0.012936752126897155
2019-09-06,-0.006087719435297845,0.006087719435297845
2019-09-09,0.0033274969853533953,-0.0033274969853533953
2019-09-10,-0.005048307560637455,0.005048307560637455
2019-09-11,-0.0007654224492473771,0.0007654224492473771
2019-09-12,0.0016308431273395207,-0.0016308431273395207
2019-09-13,0.00043171312251288896,-0.00043171312251288896
2019-09-16,-0.013439062305139582,0.013439062305139582
2019-09-17,0.005536318519139272,-0.005536318519139272
2019-09-18,-0.005928387901042331,0.005928387901042331
2019-09-19,0.002575542400167663,-0.002575542400167663
2019-09-20,-0.0043522561668422055,-0.0043522561668422055
2019-09-23,0.004258551874369854,0.004258551874369854
2019-09-24,0.0030057303122545953,0.0030057303122545953
2019-09-25,-0.004115871114156455,-0.004115871114156455
2019-09-26,0.010226040703520844,0.010226040703520844
2019-09-27,0.002237025055770836,0.002237025055770836
2019-09-30,0.0031570102091609265,0.0031570102091609265
2019-10-01,0.00025814073894636635,0.00025814073894636635
2019-10-02,-0.00018430726218232607,-0.00018430726218232607
2019-10-03,-0.000983397492534177,-0.000983397492534177
2019-10-04,-0.003076087229951341,0.003076087229951341
2019-10-07,0.0006417897842720954,-0.0006417897842720954
2019-10-08,0.0037743089966446597,-0.0037743089966446597
2019-10-09,0.00560333481331754,-0.00560333481331754
2019-10-10,0.0005376625241937383,-0.0005376625241937383
2019-10-11,-0.017708796795616877,0.017708796795616877
2019-10-14,-0.01472589682090042,0.01472589682090042
2019-10-15,0.0005729133172447387,-0.0005729133172447387
2019-10-16,-0.011665870594976036,0.011665870594976036
2019-10-17,-0.004925601437156035,0.004925601437156035
2019-10-18,-0.0034816511633186664,0.0034816511633186664
2019-10-21,-0.0024515002044515066,0.0024515002044515066
2019-10-22,-0.005508343404820204,0.005508343404820204
2019-10-23,0.006745234396527966,-0.006745234396527966
2019-10-24,-0.0029763539031093522,0.0029763539031093522
2019-10-25,0.006461611697854197,-0.006461611697854197
2019-10-28,0.0006419668124282296,-0.0006419668124282296
2019-10-29,-0.001976062688210156,0.001976062688210156
2019-10-30,-0.0007200746008322323,0.0007200746008322323
2019-10-31,-0.002714879657207292,0.002714879657207292
2019-11-01,-0.0029286706738895774,0.0029286706738895774
2019-11-04,0.00015525497602619787,-0.00015525497602619787
2019-11-05,0.003570772825358448,-0.003570772825358448
2019-11-06,0.0008508473049892995,-0.0008508473049892995
2019-11-07,0.001854871790816448,-0.001854871790816448
2019-11-08,0.006007976354934774,-0.006007976354934774
2019-11-11,-0.0012818677791625044,0.0012818677791625044
2019-11-12,-0.004824233532259581,0.004824233532259581
2019-11-13,0.0004885940684602463,-0.0004885940684602463
2019-11-14,-0.00012846621300299788,0.00012846621300299788
2019-11-15,-0.0021723309515635503,0.0021723309515635503
2019-11-18,-0.003052982631659984,0.003052982631659984
2019-11-19,-0.002287083331825146,0.002287083331825146
2019-11-20,0.0016512374400083907,-0.0016512374400083907
2019-11-21,0.0001875011848873065,-0.0001875011848873065
2019-11-22,0.0005558487360990405,-0.0005558487360990405
2019-11-25,0.005167969202726219,-0.005167969202726219
2019-11-26,-0.003393327681362468,0.003393327681362468
2019-11-27,0.0028244865502873306,-0.0028244865502873306
2019-11-28,-0.005337243248895174,0.005337243248895174
2019-11-29,0.0013188702800561725,-0.0013188702800561725
2019-12-02,0.0,-0.0
2019-12-03,-0.002143602841368608,0.002143602841368608
2019-12-04,-0.004399772583543959,0.004399772583543959
2019-12-05,-0.008656525603013221,0.008656525603013221
2019-12-06,-0.0035794045678241293,0.0035794045678241293
2019-12-09,0.0014342541490195426,-0.0014342541490195426
2019-12-10,-0.00047304030522687945,0.00047304030522687945
2019-12-11,0.0011042569642705224,-0.0011042569642705224
2019-12-12,-0.0052130779576067265,0.0052130779576067265
2019-12-13,-0.02042059129265683,0.02042059129265683
2019-12-16,0.009136273197298816,-0.009136273197298816
2019-12-17,0.006089084458110072,-0.006089084458110072
2019-12-18,0.011454100453569316,-0.011454100453569316
2019-12-19,0.002663816960781773,-0.002663816960781773
2019-12-20,0.005365744031091468,-0.005365744031091468
2019-12-23,0.0009242522088130922,-0.0009242522088130922
2019-12-24,0.004668931081445615,-0.004668931081445615
2019-12-25,0.0007767507775031657,-0.0007767507775031657
2019-12-26,-0.0029750665858883085,0.0029750665858883085
2019-12-27,-0.0022054801321200745,-0.0022054801321200745
2019-12-30,-0.006852170330558183,-0.006852170330558183
2019-12-31,-0.0016103078430091955,-0.0016103078430091955
2020-01-01,-0.011277204975182364,-0.011277204975182364
2020-01-02,0.000928377905459632,0.000928377905459632
2020-01-03,0.007420134554700697,0.007420134554700697
2020-01-06,0.005550452397148575,0.005550452397148575
2020-01-07,-0.006827808359822107,-0.006827808359822107
2020-01-08,0.0042934498474755944,0.0042934498474755944
2020-01-09,0.0006556385777489737,0.0006556385777489737
2020-01-10,0.002673483923086417,-0.002673483923086417
2020-01-13,0.0018820920256448215,-0.0018820920256448215
2020-01-14,0.004422488339599129,-0.004422488339599129
2020-01-15,-0.002636622781789555,0.002636622781789555
2020-01-16,-0.0014324830492740137,0.0014324830492740137
2020-01-17,-0.002869076001286941,0.002869076001286941
2020-01-20,0.005493122429861552,-0.005493122429861552
2020-01-21,0.000130016892117224,-0.000130016892117224
2020-01-22,-0.0032513950967910654,0.0032513950967910654
2020-01-23,-0.007359042866348919,0.007359042866348919
2020-01-24,0.0018928290072381948,-0.0018928290072381948
2020-01-27,0.004447670140293791,-0.004447670140293791
2020-01-28,0.00013063988865558152,-0.00013063988865558152
2020-01-29,0.002729534388793864,-0.002729534388793864
2020-01-30,0.00019532325027515895,-0.00019532325027515895
2020-01-31,-0.00511761852762016,0.00511761852762016
2020-02-03,-0.007028823136713158,0.007028823136713158
2020-02-04,0.014170275396990561,-0.014170275396990561
2020-02-05,-0.002703428417637599,0.002703428417637599
2020-02-06,0.0027368575760509106,-0.0027368575760509106
2020-02-07,0.005172837201231184,-0.005172837201231184
2020-02-10,0.002999808171966656,-0.002999808171966656
2020-02-11,-0.0020626112352415404,0.0020626112352415404
2020-02-12,-0.0029582876057682173,0.0029582876057682173
2020-02-13,-7.776768591249983e-05,7.776768591249983e-05
2020-02-14,-0.006841539916847772,0.006841539916847772
2020-02-17,-0.0004697014199835925,0.0004697014199835925
2020-02-18,0.003380716371410575,-0.003380716371410575
2020-02-19,0.0005203678537815115,-0.0005203678537815115
2020-02-20,0.005720991831815514,-0.005720991831815514
2020-02-21,0.003490589671389932,0.003490589671389932
2020-02-24,-0.005436754533988397,-0.005436754533988397
2020-02-25,0.0020984930520568934,0.0020984930520568934
2020-02-26,-0.0059074553115398,-0.0059074553115398
2020-02-27,0.0074769523480602285,0.0074769523480602285
2020-02-28,0.0013939908071998186,0.0013939908071998186
2020-03-02,0.006392906505000351,0.006392906505000351
2020-03-03,0.003124888835759121,0.003124888835759121
2020-03-04,-0.0041876057098581,-0.0041876057098581
2020-03-05,-0.004205215494273107,-0.004205215494273107
2020-03-06,-0.005845276261036925,0.005845276261036925
2020-03-09,-0.011344767283212764,0.011344767283212764
2020-03-10,0.0018338929304162477,-0.0018338929304162477
2020-03-11,0.012826844534987503,-0.012826844534987503
2020-03-12,0.007139076250717746,-0.007139076250717746
2020-03-13,0.019727278221306932,-0.019727278221306932
2020-03-16,0.013739269976673851,-0.013739269976673851
2020-03-17,0.010862256261089165,-0.010862256261089165
2020-03-18,0.011959972280718212,-0.011959972280718212
2020-03-19,0.042692421626073784,-0.042692421626073784
2020-03-20,0.011392851780118729,0.011392851780118729
2020-03-23,-0.011069052432822413,-0.011069052432822413
2020-03-24,0.0023710643276506627,0.0023710643276506627
2020-03-25,-0.01666282964067678,-0.01666282964067678
2020-03-26,-0.004987987417679252,-0.004987987417679252
2020-03-27,-0.028644206259759164,-0.028644206259759164
2020-03-30,-0.02028112639634183,-0.02028112639634183
2020-03-31,0.006591488768519449,0.006591488768519449
2020-04-01,-0.002969244800392623,-0.002969244800392623
2020-04-02,0.0021094971154724806,0.0021094971154724806
2020-04-03,-0.0010154045085790653,0.0010154045085790653
2020-04-06,0.01430377047889242,-0.01430377047889242
2020-04-07,-0.0016619405845861301,0.0016619405845861301
2020-04-08,-0.007956333117714931,0.007956333117714931
2020-04-09,-0.004392501961056561,0.004392501961056561
2020-04-10,-0.004957253668614436,0.004957253668614436
2020-04-13,-0.0004982024697509635,0.0004982024697509635
2020-04-14,-0.005021793388987117,0.005021793388987117
2020-04-15,-0.008103027566820908,0.008103027566820908
2020-04-16,0.008409071495847131,-0.008409071495847131
2020-04-17,0.002654468807342214,0.002654468807342214
2020-04-20,2.500956653128661e-05,2.500956653128661e-05
2020-04-21,0.003596375043309674,0.003596375043309674
2020-04-22,0.011721055187917218,0.011721055187917218
2020-04-23,-0.002053871575041999,-0.002053871575041999
2020-04-24,-0.0022922038770822883,-0.0022922038770822883
2020-04-27,-0.0011611408969491865,-0.0011611408969491865
2020-04-28,-0.00451381927327188,-0.00451381927327188
2020-04-29,-0.0010435144720344347,-0.0010435144720344347
2020-04-30,-0.002872606871278549,-0.002872606871278549
2020-05-01,-0.008742480472924141,-0.008742480472924141
2020-05-04,0.010216149887359194,0.010216149887359194
2020-05-05,0.0006974190225621513,0.0006974190225621513
2020-05-06,0.00010830464434796738,0.00010830464434796738
2020-05-07,0.009623086506828749,0.009623086506828749
2020-05-08,-0.004067459362690484,-0.004067459362690484
2020-05-11,-0.0033414658219343973,-0.0033414658219343973
2020-05-12,0.006804737581773912,0.006804737581773912
2020-05-13,0.006413380257410006,0.006413380257410006
2020-05-14,0.0010907065838590135,0.0010907065838590135
2020-05-15,0.0006242913242768822,0.0006242913242768822
2020-05-18,0.012258402111290811,0.012258402111290811
2020-05-19,-0.009366433930345086,-0.009366433930345086
2020-05-20,-0.0045628271712587765,-0.0045628271712587765
2020-05-21,0.0015565013572178543,0.0015565013572178543
2020-05-22,0.0011012855187191306,0.0011012855187191306
2020-05-25,0.0030680983633311065,0.0030680983633311065
2020-05-26,-0.001255125185299799,-0.001255125185299799
2020-05-27,-0.010834841000588291,-0.010834841000588291
2020-05-28,0.005723428125084418,0.005723428125084418
2020-05-29,-0.004599267424438724,-0.004599267424438724
2020-06-01,-0.0021464105202170236,-0.0021464105202170236
2020-06-02,-0.011135427664468844,-0.011135427664468844
2020-06-03,-0.007504708724474174,-0.007504708724474174
2020-06-04,0.0005032671117004561,0.0005032671117004561
2020-06-05,-0.0026911359360939358,-0.0026911359360939358
2020-06-08,-0.009166765997723925,-0.009166765997723925
2020-06-09,-0.0007507753511456494,-0.0007507753511456494
2020-06-10,0.0018848007933318645,0.0018848007933318645
2020-06-25,0.009017926484593541,0.009017926484593541
2020-06-26,-0.0010054829525507625,-0.0010054829525507625
2020-06-29,0.006747071221850032,0.006747071221850032
2020-06-30,0.0025671274097349706,0.0025671274097349706
2020-07-01,-0.006352222947836439,-0.006352222947836439
2020-07-02,-0.006058383973096548,-0.006058383973096548
2020-07-03,-0.00012964638335999368,-0.00012964638335999368
2020-07-06,-0.0007304979126083744,-0.0007304979126083744
2020-07-07,-0.0015968783129648445,-0.0015968783129648445
2020-07-08,-0.0037736177887569555,-0.0037736177887569555
2020-07-09,-0.005606621007177681,0.005606621007177681
2020-07-10,0.0006685223198266144,-0.0006685223198266144
2020-07-13,-0.0017748484226253192,0.0017748484226253192
2020-07-14,0.006033457456681157,-0.006033457456681157
2020-07-15,-0.0013932688572726448,0.0013932688572726448
2020-07-16,-0.001724480878288026,0.001724480878288026
2020-07-17,0.0025081113988709713,-0.0025081113988709713
2020-07-20,-0.0009293925889792831,0.0009293925889792831
2020-07-21,-0.007152976987768067,0.007152976987768067
2020-07-22,-0.005419269435960383,0.005419269435960383
2020-07-23,6.366428721071848e-05,-6.366428721071848e-05
2020-07-24,-6.366023432735624e-05,6.366023432735624e-05
2020-07-27,-0.005092308284180724,0.005092308284180724
2020-07-28,-0.007280842906558949,0.007280842906558949
2020-07-29,-0.002629546620249723,0.002629546620249723
2020-07-30,-0.004523288387520141,0.004523288387520141
2020-07-31,-0.010321066663695255,0.010321066663695255
2020-08-03,0.001233110603007681,-0.001233110603007681
2020-08-04,0.0017555905026778174,-0.0017555905026778174
2020-08-05,-0.0005623697610022127,0.0005623697610022127
2020-08-06,-0.0031014040245245234,0.0031014040245245234
2020-08-07,-0.0008532274335035783,0.0008532274335035783
2020-08-10,0.0065690011368853,-0.0065690011368853
2020-08-11,-0.0019056526504404037,0.0019056526504404037
2020-08-12,0.0020269897919376056,-0.0020269897919376056
2020-08-13,0.0002087842796327788,-0.0002087842796327788
2020-08-14,-0.0017223440740429252,0.0017223440740429252
2020-08-17,-0.0027826616449224684,0.0027826616449224684
2020-08-18,-6.68739864411183e-05,6.68739864411183e-05
2020-08-19,-0.011023695131732625,0.011023695131732625
2020-08-20,0.010921263790027114,-0.010921263790027114
2020-08-21,-0.008286024772738432,0.008286024772738432
2020-08-24,0.009637637865438142,-0.009637637865438142
2020-08-25,0.0017415451471813892,-0.0017415451471813892
2020-08-26,-0.006143556320750476,0.006143556320750476
2020-08-27,-0.0051162487699139,0.0051162487699139
2020-08-28,0.001533532892751932,-0.001533532892751932
2020-08-31,-0.011747606432171875,0.011747606432171875
2020-09-01,-0.0006010619131984196,0.0006010619131984196
2020-09-02,-0.0026061149864198274,0.0026061149864198274
2020-09-03,0.003604471778082541,-0.003604471778082541
2020-09-04,0.00671567894456504,-0.00671567894456504
2020-09-07,0.0012466842830352043,-0.0012466842830352043
2020-09-08,0.006344717686787682,-0.006344717686787682
2020-09-09,0.01493909303659291,-0.01493909303659291
2020-09-10,-0.0023602233949047147,0.0023602233949047147
2020-09-11,0.014902245610832532,-0.014902245610832532
2020-09-14,0.00013573854709836297,-0.00013573854709836297
2020-09-15,-0.0033552946000717787,0.0033552946000717787
2020-09-16,-0.0027241534946528256,0.0027241534946528256
2020-09-17,-0.005804562104268052,0.005804562104268052
2020-09-18,-0.0011988056901208743,0.0011988056901208743
2020-09-21,0.003308773912179319,-0.003308773912179319
2020-09-22,0.008755422081553554,-0.008755422081553554
2020-09-23,0.0060000482950473,-0.0060000482950473
2020-09-24,0.002089975757982643,-0.002089975757982643
2020-09-25,-0.003103031626120134,0.003103031626120134
2020-09-28,-0.0007653982215022337,0.0007653982215022337
2020-09-29,-0.008285660322626676,0.008285660322626676
2020-09-30,0.0005406536061656197,-0.0005406536061656197
2020-10-01,-0.0039500223169435245,0.0039500223169435245
2020-10-02,0.0024284885163237124,-0.0024284885163237124
2020-10-05,-0.0034664277421750933,0.0034664277421750933
2020-10-06,-0.004732732125388606,0.004732732125388606
2020-10-07,0.008484138366845029,-0.008484138366845029
2020-10-08,-0.0026539501899600637,0.0026539501899600637
2020-10-09,-0.0017697222202117668,0.0017697222202117668
2020-10-12,-0.007000809645775874,0.007000809645775874
2020-10-13,-0.0026063051550376803,0.0026063051550376803
2020-10-14,0.0100867482152327,-0.0100867482152327
2020-10-15,-0.005924381636884135,0.005924381636884135
2020-10-16,0.008549175578925094,-0.008549175578925094
2020-10-19,-0.00198692399909961,0.00198692399909961
2020-10-20,-0.0016160053260675378,0.0016160053260675378
2020-10-21,-0.0004143027688823242,0.0004143027688823242
2020-10-22,-0.013549949271658424,0.013549949271658424
2020-10-23,0.004123404704970746,-0.004123404704970746
2020-10-26,0.0017917095723360976,-0.0017917095723360976
2020-10-27,0.0029895308062901638,-0.0029895308062901638
2020-10-28,-0.0012364686090349242,0.0012364686090349242
2020-10-29,0.003231863422059167,0.003231863422059167
2020-10-30,0.004481555798706793,0.004481555798706793
2020-11-02,0.0004008945629569993,0.0004008945629569993
2020-11-03,0.0002197448786613876,0.0002197448786613876
2020-11-04,-0.01506932267429928,-0.01506932267429928
2020-11-05,0.011940716644783134,0.011940716644783134
2020-11-06,-0.013135358113624318,-0.013135358113624318
2020-11-09,-0.003127193852185961,-0.003127193852185961
2020-11-10,0.0008304064843669412,0.0008304064843669412
2020-11-11,-0.0069273167486126885,-0.0069273167486126885
2020-11-12,0.0028247509075745025,-0.0028247509075745025
2020-11-13,0.007815468768511025,-0.007815468768511025
2020-11-16,-0.00747932334296586,0.00747932334296586
2020-11-17,-0.00011898865005877113,0.00011898865005877113
2020-11-18,-0.0027898672023212168,0.0027898672023212168
2020-11-19,0.00019891924495096802,-0.00019891924495096802
2020-11-20,0.0005435412578156384,-0.0005435412578156384
2020-11-23,-0.00420002824026211,0.00420002824026211
2020-11-24,-0.0017961728805097055,0.0017961728805097055
2020-11-25,-0.0025592401774570117,0.0025592401774570117
2020-11-26,-0.001656985584551962,-0.001656985584551962
2020-11-27,0.002315635735116617,0.002315635735116617
2020-11-30,0.001696019254081138,0.001696019254081138
2020-12-01,-0.00037324421455575685,-0.00037324421455575685
2020-12-02,-0.006388380767303636,-0.006388380767303636
2020-12-03,0.0038791301263105815,0.0038791301263105815
2020-12-04,-0.00625757112071712,-0.00625757112071712
2020-12-07,0.0027986644170634456,0.0027986644170634456
2020-12-08,0.004494860428921443,0.004494860428921443
2020-12-09,-0.0006144775790124513,-0.0006144775790124513
2020-12-10,-0.0001069105906411627,0.0001069105906411627
2020-12-11,0.00461158982131038,-0.00461158982131038
2020-12-14,-0.000944636422439582,0.000944636422439582
2020-12-15,-0.0009456089870322204,0.0009456089870322204
2020-12-16,-0.008451791345447712,0.008451791345447712
2020-12-17,-0.004329069894260629,0.004329069894260629
2020-12-18,-0.004955624891397226,0.004955624891397226
2020-12-21,0.0125523950001043,-0.0125523950001043
2020-12-22,-0.0035380473694625048,0.0035380473694625048
2020-12-23,0.0037389183238742962,-0.0037389183238742962
2020-12-24,-0.007838613971143826,-0.007838613971143826
2020-12-25,-0.003446596510095601,-0.003446596510095601
2020-12-28,-0.0015015500157755657,-0.0015015500157755657
2020-12-29,0.007899097868870442,0.007899097868870442
2020-12-30,-0.002510007281525395,-0.002510007281525395
2020-12-31,-0.009593039910341883,-0.009593039910341883
2021-01-01,-0.003096900118187196,-0.003096900118187196
2021-01-04,-0.0008176641536377094,-0.0008176641536377094
2021-01-05,0.008296706944683097,0.008296706944683097
2021-01-06,-0.004251979816220719,-0.004251979816220719
2021-01-07,0.0003134991567044221,-0.0003134991567044221
2021-01-08,0.004101255698918171,-0.004101255698918171
2021-01-11,0.003948704451915308,-0.003948704451915308
2021-01-12,-0.0005811825590771313,0.0005811825590771313
2021-01-13,-0.010711053541241577,0.010711053541241577
2021-01-14,0.0015584393573486732,-0.0015584393573486732
2021-01-15,-0.002511540345242258,0.002511540345242258
2021-01-18,0.007977626888449052,-0.007977626888449052
2021-01-19,-0.00043443428588718636,0.00043443428588718636
2021-01-20,-0.004617657953805088,0.004617657953805088
2021-01-21,-0.0017737202965895094,-0.0017737202965895094
2021-01-22,-0.004442261396686575,-0.004442261396686575
2021-01-25,0.0030150117190443915,0.0030150117190443915
2021-01-26,0.0006734278144779893,0.0006734278144779893
2021-01-27,-0.004552321860260333,-0.004552321860260333
2021-01-28,0.005276712908616865,0.005276712908616865
2021-01-29,-0.004050257708859917,-0.004050257708859917
2021-02-01,0.001994301458241976,0.001994301458241976
2021-02-02,0.0013834678006339196,0.0013834678006339196
2021-02-03,0.0014225669604419622,0.0014225669604419622
2021-02-04,0.0007512253106018996,-0.0007512253106018996
2021-02-05,-0.0019791199469371135,0.0019791199469371135
2021-02-08,-0.004554147136743403,0.004554147136743403
2021-02-09,-0.0005082858703897575,0.0005082858703897575
2021-02-10,-0.005231608075917049,0.005231608075917049
2021-02-11,-0.0010557118185118286,0.0010557118185118286
2021-02-12,0.0016183856658635865,-0.0016183856658635865
2021-02-15,-0.00441927163633804,0.00441927163633804
2021-02-16,-0.0031072300707045697,0.0031072300707045697
2021-02-17,0.0019202771077722058,-0.0019202771077722058
2021-02-18,0.0015693361744404388,0.0015693361744404388
2021-02-19,-0.007238232200822758,-0.007238232200822758
2021-02-22,-0.004539427062797752,-0.004539427062797752
2021-02-23,-0.0028483442754870802,-0.0028483442754870802
2021-02-24,-0.0034756166703457936,-0.0034756166703457936
2021-02-25,-0.00197683414321137,-0.00197683414321137
2021-02-26,0.010002836870820264,0.010002836870820264
2021-03-01,0.002549522821339467,0.002549522821339467
2021-03-02,0.0030878751451410835,0.0030878751451410835
2021-03-03,-0.0018247540363902637,-0.0018247540363902637
2021-03-04,0.0020095014425174362,-0.0020095014425174362
2021-03-05,0.0023676500081684093,-0.0023676500081684093
2021-03-08,0.002917748027215783,-0.002917748027215783
2021-03-09,0.0021750084101976874,-0.0021750084101976874
2021-03-10,-0.004810640310768055,0.004810640310768055
2021-03-11,-0.002944713941660293,0.002944713941660293
2021-03-12,-0.004179466275214705,0.004179466275214705
2021-03-15,0.004336846627442714,-0.004336846627442714
2021-03-16,0.0021869981832995933,-0.0021869981832995933
2021-03-17,-0.00022243938713106814,0.00022243938713106814
2021-03-18,-0.00526888464461317,0.00526888464461317
2021-03-19,0.0036476521925148386,-0.0036476521925148386
2021-03-22,0.006684056784478143,-0.006684056784478143
2021-03-23,-0.0021579300031916437,0.0021579300031916437
2021-03-24,0.009620593294983326,-0.009620593294983326
2021-03-25,0.003034451061272314,-0.003034451061272314
2021-03-26,-0.004380433828336194,0.004380433828336194
2021-03-29,-0.003038581328844603,0.003038581328844603
2021-03-30,0.0011584563242730272,-0.0011584563242730272
2021-03-31,0.002066272449755324,-0.002066272449755324
2021-04-01,-0.002873100324746747,-0.002873100324746747
2021-04-02,-0.0035292268282375305,-0.0035292268282375305
2021-04-05,0.00027666516143232123,0.00027666516143232123
2021-04-06,-0.005947438925230086,-0.005947438925230086
2021-04-07,0.00598302258665262,0.00598302258665262
2021-04-08,0.006362363104081226,0.006362363104081226
2021-04-09,0.0006872228969660998,0.0006872228969660998
2021-04-12,0.0016206470947421892,0.0016206470947421892
2021-04-13,-0.003030414976745943,-0.003030414976745943
2021-04-14,-0.00042629205432598294,-0.00042629205432598294
2021-04-15,-0.0014172874458399098,0.0014172874458399098
2021-04-16,-0.0004547571648482185,0.0004547571648482185
2021-04-19,-0.0023848432300821454,0.0023848432300821454
2021-04-20,-0.012533308162773094,0.012533308162773094
2021-04-21,0.0039462010131121605,-0.0039462010131121605
2021-04-22,0.0005018149250060056,-0.0005018149250060056
2021-04-23,0.006617645227052771,-0.006617645227052771
2021-04-26,-0.0018822736301359333,0.0018822736301359333
2021-04-27,-0.0021077383055526644,0.0021077383055526644
2021-04-28,-0.0005696668707738661,0.0005696668707738661
2021-04-29,-0.0038096122060075066,-0.0038096122060075066
2021-04-30,0.0002791810080380319,0.0002791810080380319
2021-05-03,0.009627393219574731,0.009627393219574731
2021-05-04,-0.0060392127079480495,-0.0060392127079480495
2021-05-05,0.001126242129461108,0.001126242129461108
2021-05-06,-0.0015555119766806902,-0.0015555119766806902
2021-05-07,0.0008067835147207436,0.0008067835147207436
2021-05-10,-0.010159878792568189,-0.010159878792568189
2021-05-11,-0.00637465670563786,-0.00637465670563786
2021-05-12,-0.0004945926252297728,-0.0004945926252297728
2021-05-13,0.005301804867052562,-0.005301804867052562
2021-05-14,0.0009142089581914981,-0.0009142089581914981
2021-05-17,-0.0036111184392075835,0.0036111184392075835
2021-05-18,-0.0033138814616212597,0.0033138814616212597
2021-05-19,-0.0027731954685358273,0.0027731954685358273
2021-05-20,0.005802915995097413,-0.005802915995097413
2021-05-21,-0.00560010076061479,0.00560010076061479
2021-05-24,0.003021493910803974,-0.003021493910803974
2021-05-25,-0.0009334326701940787,0.0009334326701940787
2021-05-26,0.0008635126096550039,-0.0008635126096550039
2021-05-27,0.0019660546389692612,0.0019660546389692612
2021-05-28,-0.00616879150347982,-0.00616879150347982
2021-05-31,0.0016476700352383578,0.0016476700352383578
2021-06-01,-0.003261520106044191,-0.003261520106044191
2021-06-02,0.004922449938330464,0.004922449938330464
2021-06-03,-0.0010476126666708607,-0.0010476126666708607
2021-06-04,0.004393352817485541,0.004393352817485541
2021-06-07,-0.003837986588955511,-0.003837986588955511
2021-06-08,-0.0008640141078966046,-0.0008640141078966046
2021-06-09,0.0018855074325192511,0.0018855074325192511
2021-06-10,0.002660162603820293,-0.002660162603820293
2021-06-11,-0.004078451692352214,0.004078451692352214
2021-06-14,0.003599201307381561,-0.003599201307381561
2021-06-15,0.0006636671201922795,-0.0006636671201922795
2021-06-16,0.002017686781102812,-0.002017686781102812
2021-06-17,0.006491589127051833,-0.006491589127051833
2021-06-18,0.003735505683397422,-0.003735505683397422
2021-06-21,0.00879526386373164,-0.00879526386373164
2021-06-22,-0.007776259308130196,0.007776259308130196
2021-06-23,-0.0017573987875085795,0.0017573987875085795
2021-06-24,-0.001255451702775523,-0.001255451702775523
2021-06-25,0.0036315583007426877,0.0036315583007426877
2021-06-28,0.0015725903752126236,0.0015725903752126236
2021-06-29,0.0011532829389409027,0.0011532829389409027
2021-06-30,0.0026231470285946745,0.0026231470285946745
2021-07-01,0.000982849555782872,0.000982849555782872
2021-07-02,0.0050614201238352585,0.0050614201238352585
2021-07-05,-0.005187327306082734,-0.005187327306082734
2021-07-06,-0.0017980322552642036,-0.0017980322552642036
2021-07-07,0.0036580419564826716,0.0036580419564826716
2021-07-08,0.0003312923388276712,-0.0003312923388276712
2021-07-09,0.0007452842877044841,-0.0007452842877044841
2021-07-12,-0.00781941055419444,0.00781941055419444
2021-07-13,0.0009034521565540743,-0.0009034521565540743
2021-07-14,0.0058603095882363565,-0.0058603095882363565
2021-07-15,-0.003755244064119756,0.003755244064119756
2021-07-16,0.0020509746920627236,-0.0020509746920627236
2021-07-19,0.004785154792956936,-0.004785154792956936
2021-07-20,0.006868144151449318,-0.006868144151449318
2021-07-21,0.0026929764816971957,-0.0026929764816971957
2021-07-22,-0.005889605210039117,-0.005889605210039117
2021-07-23,-0.004345978006491946,-0.004345978006491946
2021-07-26,0.0011694155951471608,0.0011694155951471608
2021-07-27,-0.005159132005602141,-0.005159132005602141
2021-07-28,-0.0038583807989154284,-0.0038583807989154284
2021-07-29,-0.0017352968531805235,-0.0017352968531805235
2021-07-30,-0.004116464590123714,-0.004116464590123714
2021-08-02,0.004901479333182968,0.004901479333182968
2021-08-03,0.00025014039336657135,0.00025014039336657135
2021-08-04,-0.0018060257166138127,-0.0018060257166138127
2021-08-05,0.0019762858965541863,-0.0019762858965541863
2021-08-06,-0.0026669419824207896,0.0026669419824207896
2021-08-09,0.004261815147399872,-0.004261815147399872
2021-08-10,0.0014007166345701982,-0.0014007166345701982
2021-08-11,0.0009417776840043857,-0.0009417776840043857
2021-08-12,-0.0022275766751584936,0.0022275766751584936
2021-08-13,0.004007530712748064,-0.004007530712748064
2021-08-16,-0.0037705783913472013,0.0037705783913472013
2021-08-17,0.0015250294056741165,-0.0015250294056741165
2021-08-18,0.007447362638894894,-0.007447362638894894
2021-08-19,-0.0002473357760062189,-0.0002473357760062189
2021-08-20,0.008287552606671023,0.008287552606671023
2021-08-23,0.00040891208991289396,0.00040891208991289396
2021-08-24,-0.007248664899147328,-0.007248664899147328
2021-08-25,-5.4891804653567355e-05,-5.4891804653567355e-05
2021-08-26,-0.0029783915671087735,-0.0029783915671087735
2021-08-27,0.004680572775677572,0.004680572775677572
2021-08-30,-0.004403948640363975,-0.004403948640363975
2021-08-31,0.00018441209211750298,0.00018441209211750298
2021-09-01,0.0005132731720527417,0.0005132731720527417
2021-09-02,-0.0013244147113323779,-0.0013244147113323779
2021-09-03,-0.004709893912877905,-0.004709893912877905
2021-09-06,-0.0016189607937674433,-0.0016189607937674433
2021-09-07,0.0014275409584723064,0.0014275409584723064
2021-09-08,0.0043317861274121405,0.0043317861274121405
2021-09-09,0.0008818727471671117,0.0008818727471671117
2021-09-10,-0.0052041845195164305,-0.0052041845195164305
2021-09-13,-8.298587466570861e-05,-8.298587466570861e-05
2021-09-14,0.00019370477626634575,0.00019370477626634575
2021-09-15,0.0020203916450227677,0.0020203916450227677
2021-09-16,-0.0027896719085718225,-0.0027896719085718225
2021-09-17,0.0037599595591792934,0.0037599595591792934
2021-09-20,0.004904835032642163,0.004904835032642163
2021-09-21,0.00490151751047585,0.00490151751047585
2021-09-22,0.0003825863751041325,0.0003825863751041325
2021-09-23,0.0029636255382692323,0.0029636255382692323
2021-09-24,-0.007680011921416097,-0.007680011921416097
2021-09-27,0.003910908018535109,0.003910908018535109
2021-09-28,-0.0023784662644464882,-0.0023784662644464882
2021-09-29,0.01176976161816512,0.01176976161816512
2021-09-30,0.008626339919927783,0.008626339919927783
2021-10-01,-0.0032223162103353076,-0.0032223162103353076
2021-10-04,-0.0074488143902184945,-0.0074488143902184945
2021-10-05,-0.00268705025234528,-0.00268705025234528
2021-10-06,-0.0014832017887639326,-0.0014832017887639326
2021-10-07,0.0026164960932477666,0.0026164960932477666
2021-10-08,-0.002065973590763548,-0.002065973590763548
2021-10-11,0.0002723693585040543,0.0002723693585040543
2021-10-12,0.0019063909995036266,0.0019063909995036266
2021-10-13,0.0008697676634039642,0.0008697676634039642
2021-10-14,-0.006612891046215985,-0.006612891046215985
2021-10-15,2.7294115193310375e-05,2.7294115193310375e-05
2021-10-18,-0.006738692377075806,-0.006738692377075806
2021-10-19,0.0018302347930481133,0.0018302347930481133
2021-10-20,-0.004114005278522459,-0.004114005278522459
2021-10-21,-0.0021558942657307067,-0.0021558942657307067
2021-10-22,0.002305643611466346,0.002305643611466346
2021-10-25,0.0020686947042780623,0.0020686947042780623
2021-10-26,-0.00012386872376246583,-0.00012386872376246583
2021-10-27,-0.00012388406912400285,-0.00012388406912400285
2021-10-28,0.002422849021994633,0.002422849021994633
2021-10-29,-0.004916331425664944,-0.004916331425664944
2021-11-01,0.008584022846198192,0.008584022846198192
2021-11-02,0.0020388014965999623,0.0020388014965999623
2021-11-03,0.002792500123920405,0.002792500123920405
2021-11-04,-0.0056579996545575995,-0.0056579996545575995
2021-11-05,0.013789390226193188,0.013789390226193188
2021-11-08,0.001284657469898809,0.001284657469898809
2021-11-09,-0.005399173084259301,-0.005399173084259301
2021-11-10,0.00033229666476031205,0.00033229666476031205
2021-11-11,0.010979524393303297,0.010979524393303297
2021-11-12,0.003460468751411483,0.003460468751411483
2021-11-15,-0.0037692884138618155,-0.0037692884138618155
2021-11-16,0.0006440135648306811,0.0006440135648306811
2021-11-17,-0.0012067982220584916,-0.0012067982220584916
2021-11-18,-0.00496713382711278,-0.00496713382711278
2021-11-19,-0.0005935535628009969,-0.0005935535628009969
2021-11-22,0.004846357278157631,0.004846357278157631
2021-11-23,0.002754057235672125,0.002754057235672125
2021-11-24,0.001621080239958106,0.001621080239958106
2021-11-25,0.0033975629392255513,0.0033975629392255513
2021-11-26,0.0012396875783893258,0.0012396875783893258
2021-11-29,-0.0020103910545097303,-0.0020103910545097303
2021-11-30,0.0019478044081528978,0.0019478044081528978
2021-12-01,0.001437993846602259,0.001437993846602259
2021-12-02,0.0011992887796719032,0.0011992887796719032
2021-12-03,-0.0015033112504150292,-0.0015033112504150292
2021-12-06,0.004734806971019578,0.004734806971019578
2021-12-07,-0.002038553973511492,-0.002038553973511492
2021-12-08,0.0013794692316613233,0.0013794692316613233
2021-12-09,0.002728767591380521,0.002728767591380521
2021-12-10,-0.0010568210190693428,-0.0010568210190693428
2021-12-13,-0.0024993436158831095,-0.0024993436158831095
2021-12-14,0.0033010088641669544,0.0033010088641669544
2021-12-15,-0.0012830592934691687,-0.0012830592934691687
2021-12-16,-0.002459484511351362,-0.002459484511351362
2021-12-17,-0.004549264248645657,-0.004549264248645657
2021-12-20,0.007128192470567729,0.007128192470567729
2021-12-21,0.0014710926663790147,0.0014710926663790147
2021-12-22,-0.0044940366379415675,-0.0044940366379415675
2021-12-23,-0.006170377852002362,-0.006170377852002362
2021-12-24,-0.004072407048747562,-0.004072407048747562
2021-12-27,0.00017300450490953523,0.00017300450490953523
2021-12-28,-0.002853800926632455,-0.002853800926632455
2021-12-29,0.0006990064797516293,0.0006990064797516293
2021-12-30,-0.00485343648300407,-0.00485343648300407
2021-12-31,3.105720245888399e-05,3.105720245888399e-05
2022-01-03,-0.0017682746047269493,-0.0017682746047269493
2022-01-04,0.0028937493547034343,0.0028937493547034343
2022-01-05,-0.003559594599047311,-0.003559594599047311
2022-01-06,-0.001786155288240776,0.001786155288240776
2022-01-07,0.001626705079088353,-0.001626705079088353
2022-01-10,-0.004317202542453935,0.004317202542453935
2022-01-11,0.0008834848368723947,-0.0008834848368723947
2022-01-12,-0.003883982858767787,0.003883982858767787
2022-01-13,-0.005596498253547355,0.005596498253547355
2022-01-14,-0.0002672993377497157,0.0002672993377497157
2022-01-17,0.002934703161187713,-0.002934703161187713
2022-01-18,0.0018705201669555471,-0.0018705201669555471
2022-01-19,0.003510266172068288,-0.003510266172068288
2022-01-20,-0.0006119511985739345,-0.0006119511985739345
2022-01-21,0.0008028615549686702,0.0008028615549686702
2022-01-24,0.003086648890041621,0.003086648890041621
2022-01-25,0.004934397639892341,0.004934397639892341
2022-01-26,-0.0015918048822531894,-0.0015918048822531894
2022-01-27,0.003175075875833544,0.003175075875833544
2022-01-28,0.00595283823668824,0.00595283823668824
2022-01-31,-0.0011246295058796596,-0.0011246295058796596
2022-02-01,-0.0031229964980032943,-0.0031229964980032943
2022-02-02,-0.00591590643861617,-0.00591590643861617
2022-02-03,-0.002921502212752336,-0.002921502212752336
2022-02-04,-0.0024552886336638435,-0.0024552886336638435
2022-02-07,0.00480027402347738,0.00480027402347738
2022-02-08,-0.0003220978743556646,-0.0003220978743556646
2022-02-09,-0.0007202534362528157,-0.0007202534362528157
2022-02-10,0.0010566916781049596,0.0010566916781049596
2022-02-11,-0.0013668607455662451,-0.0013668607455662451
2022-02-14,-0.0013144508413721612,-0.0013144508413721612
2022-02-15,0.0027138901124428294,0.0027138901124428294
2022-02-16,-0.0006090008224334253,-0.0006090008224334253
2022-02-17,-0.003222810752646188,-0.003222810752646188
2022-02-18,-0.0024860168636511304,-0.0024860168636511304
2022-02-21,0.001865790677199719,0.001865790677199719
2022-02-22,-0.00019032326515966425,-0.00019032326515966425
2022-02-23,0.0004894726904223212,0.0004894726904223212
2022-02-24,0.0032206773936180877,0.0032206773936180877
2022-02-25,0.012895527487862601,0.012895527487862601
2022-02-28,0.0,0.0
2022-03-01,-0.0036910146093395158,-0.0036910146093395158
2022-03-02,0.0065771524917221935,0.0065771524917221935
2022-03-03,-0.004613935326216789,-0.004613935326216789
2022-03-04,0.00344305382376775,0.00344305382376775
2022-03-07,0.010480488971179591,0.010480488971179591
2022-03-08,0.007640728416844045,0.007640728416844045
2022-03-09,0.0009926513631155487,0.0009926513631155487
2022-03-10,-0.006549639916590966,-0.006549639916590966
2022-03-11,0.00628953159663026,0.00628953159663026
2022-03-14,0.004056742853019157,0.004056742853019157
2022-03-15,0.0029546174064489783,0.0029546174064489783
2022-03-16,-0.0026544553139284943,-0.0026544553139284943
2022-03-17,-0.007201641610355858,-0.007201641610355858
2022-03-18,-0.0014652668239372169,-0.0014652668239372169
2022-03-21,-3.286725371187682e-05,-3.286725371187682e-05
2022-03-22,-0.0005659001467857028,-0.0005659001467857028
2022-03-23,-0.007400582923057564,-0.007400582923057564
2022-03-24,0.004576900966525521,0.004576900966525521
2022-03-25,0.0007791904589746768,0.0007791904589746768
2022-03-28,0.0014778855932502388,0.0014778855932502388
2022-03-29,0.005547204486016533,0.005547204486016533
2022-03-30,0.0007469032763771644,0.0007469032763771644
2022-03-31,-0.003430552883592952,-0.003430552883592952
2022-04-01,-0.0006175044378481376,-0.0006175044378481376
2022-04-04,0.0032999108081384065,0.0032999108081384065
2022-04-05,-0.0008255642169070487,-0.0008255642169070487
2022-04-06,0.00284589880475683,0.00284589880475683
2022-04-07,0.0004053252883537972,0.0004053252883537972
2022-04-08,0.00020920335828655823,0.00020920335828655823
2022-04-11,0.002849088737966854,0.002849088737966854
2022-04-12,0.000612490883517891,0.000612490883517891
2022-04-13,0.0016671135591954656,0.0016671135591954656
2022-04-14,-0.008971774904497187,-0.008971774904497187
2022-04-15,0.003844295626161509,0.003844295626161509
2022-04-18,0.0009540825102583028,0.0009540825102583028
2022-04-19,0.0036691755398985393,0.0036691755398985393
2022-04-20,-0.00029924455289997987,-0.00029924455289997987
2022-04-21,-0.004216430286563377,-0.004216430286563377
2022-04-22,0.0032672020215631647,0.0032672020215631647
2022-04-25,0.015227726036340039,0.015227726036340039
2022-04-26,0.007133942541634131,0.007133942541634131
2022-04-27,0.01239598631324923,0.01239598631324923
2022-04-28,0.0033599901351482053,0.0033599901351482053
2022-04-29,0.006258364183599596,0.006258364183599596
2022-05-02,-0.008749621862049306,-0.008749621862049306
2022-05-03,0.006048001486930854,0.006048001486930854
2022-05-04,-0.00016992438253238262,-0.00016992438253238262
2022-05-05,-0.009330367011870733,-0.009330367011870733
2022-05-06,0.02054239769809385,0.02054239769809385
2022-05-09,0.0030415104156495953,0.0030415104156495953
2022-05-10,-0.0009860757667086162,-0.0009860757667086162
2022-05-11,0.0024060286406766274,0.0024060286406766274
2022-05-12,0.006130019420666821,0.006130019420666821
2022-05-13,0.0023000196669511475,0.0023000196669511475
2022-05-16,-0.004272129404778613,-0.004272129404778613
2022-05-17,-0.0053814862318797285,-0.0053814862318797285
2022-05-18,-0.012780871740962207,-0.012780871740962207
2022-05-19,0.011223457887941768,0.011223457887941768
2022-05-20,-0.009333466869011042,-0.009333466869011042
2022-05-23,-0.0033522646282005963,-0.0033522646282005963
2022-05-24,-0.005051645209347755,-0.005051645209347755
2022-05-25,0.0019605036274037424,0.0019605036274037424
2022-05-26,-0.0034279811088725465,-0.0034279811088725465
2022-05-27,-0.002475703023964604,-0.002475703023964604
2022-05-30,-0.0008705755831224238,-0.0008705755831224238
2022-05-31,-0.0014774894556977003,-0.0014774894556977003
2022-06-01,0.003022596921620213,0.003022596921620213
2022-06-02,0.01007452215350213,0.01007452215350213
2022-06-03,-0.007639644723335559,-0.007639644723335559
2022-06-06,0.006960073226676355,0.006960073226676355
2022-06-07,-0.0024897163404676848,-0.0024897163404676848
2022-06-08,-0.005072030552213724,-0.005072030552213724
2022-06-09,0.003751015012087855,-0.003751015012087855
2022-06-10,0.0037872267428975537,-0.0037872267428975537
2022-06-13,0.01776500572664763,-0.01776500572664763
2022-06-14,0.010715988087412143,-0.010715988087412143
2022-06-15,0.01100311559855105,-0.01100311559855105
2022-06-16,-0.013285923226529772,0.013285923226529772
2022-06-17,-0.014609161075858745,0.014609161075858745
2022-06-20,0.01035334271660937,-0.01035334271660937
2022-06-21,-0.0019198878839702394,0.0019198878839702394
2022-06-22,-0.0012128907746179474,0.0012128907746179474
2022-06-23,0.001287990265788297,0.001287990265788297
2022-06-24,-0.0008085587325584731,-0.0008085587325584731
2022-06-27,-0.0017655357683777906,-0.0017655357683777906
2022-06-28,0.001228228897882655,0.001228228897882655
2022-06-29,0.006366788402960122,0.006366788402960122
2022-06-30,0.004778412708469348,0.004778412708469348
2022-07-01,-0.0023900284645650416,-0.0023900284645650416
2022-07-04,0.004803541181866766,0.004803541181866766
2022-07-05,-0.0009681625226097834,-0.0009681625226097834
2022-07-06,0.013834724019293532,0.013834724019293532
2022-07-07,0.0021747062447914356,0.0021747062447914356
2022-07-08,-0.008715837928524262,-0.008715837928524262
2022-07-11,0.0009502158310517039,0.0009502158310517039
2022-07-12,0.009721405700638508,0.009721405700638508
2022-07-13,0.0019517795881520694,0.0019517795881520694
2022-07-14,0.0011758662323133606,0.0011758662323133606
2022-07-15,0.0020405875890949776,0.0020405875890949776
2022-07-18,-0.004096505017652352,-0.004096505017652352
2022-07-19,-0.005016891974482185,-0.005016891974482185
2022-07-20,-0.004600070804285261,-0.004600070804285261
2022-07-21,0.0026527998170700062,0.0026527998170700062
2022-07-22,-0.0020352491567544595,-0.0020352491567544595
2022-07-25,0.000767795930166848,0.000767795930166848
2022-07-26,-0.0056578827505273654,-0.0056578827505273654
2022-07-27,0.001519001603502268,0.001519001603502268
2022-07-28,-0.010375819619439453,-0.010375819619439453
2022-07-29,-0.0008514120651701429,-0.0008514120651701429
2022-08-01,0.0004991361077919532,0.0004991361077919532
2022-08-02,-0.007081455375278156,-0.007081455375278156
2022-08-03,0.009153865296058106,0.009153865296058106
2022-08-04,0.0003885969204797668,-0.0003885969204797668
2022-08-05,-0.0016629597050791256,0.0016629597050791256
2022-08-08,0.00820697110616564,-0.00820697110616564
2022-08-09,-0.0020863278997280688,0.0020863278997280688
2022-08-10,0.0008701303135394411,-0.0008701303135394411
2022-08-11,-0.0113618813250006,0.0113618813250006
2022-08-12,0.0013801227384011572,-0.0013801227384011572
2022-08-15,0.005622433555684925,-0.005622433555684925
2022-08-16,0.005894175914877842,-0.005894175914877842
2022-08-17,-0.0034121395271858868,0.0034121395271858868
2022-08-18,0.0044037361196571645,0.0044037361196571645
2022-08-19,0.009419316152966317,0.009419316152966317
2022-08-22,0.009701340203032593,0.009701340203032593
2022-08-23,0.004384550833254064,0.004384550833254064
2022-08-24,-0.0056008881187882276,-0.0056008881187882276
2022-08-25,0.0034788360170856514,0.0034788360170856514
2022-08-26,-0.0027274545720603616,-0.0027274545720603616
2022-08-29,0.01107081260617293,0.01107081260617293
2022-08-30,-0.002385649660324618,-0.002385649660324618
2022-08-31,0.005380600241531974,0.005380600241531974
2022-09-01,0.005281889701833631,-0.005281889701833631
2022-09-02,0.0042914680836061425,-0.0042914680836061425
2022-09-05,0.006478945217806009,-0.006478945217806009
2022-09-06,-0.007940400963643457,0.007940400963643457
2022-09-07,0.004742201317359251,-0.004742201317359251
2022-09-08,-0.000690688481791768,0.000690688481791768
2022-09-09,-0.00015552261848184035,0.00015552261848184035
2022-09-12,-0.008416558888408199,0.008416558888408199
2022-09-13,-0.006018848290823997,0.006018848290823997
2022-09-14,0.01595651470181747,-0.01595651470181747
2022-09-15,-0.0033597653067900524,0.0033597653067900524
2022-09-16,0.008058373438257993,-0.008058373438257993
2022-09-19,0.0017064420062973262,-0.0017064420062973262
2022-09-20,-0.0008803210425487595,0.0008803210425487595
2022-09-21,0.005504160143245507,-0.005504160143245507
2022-09-22,0.01107328110513306,-0.01107328110513306
2022-09-23,-0.0007316231756215874,0.0007316231756215874
2022-09-26,0.04323194852476875,-0.04323194852476875
2022-09-27,0.0022782533828362705,-0.0022782533828362705
2022-09-28,0.004222910551491044,-0.004222910551491044
2022-09-29,-0.010008769526423156,-0.010008769526423156
2022-09-30,-0.0298532169844139,-0.0298532169844139
2022-10-03,0.002591367438979475,0.002591367438979475
2022-10-04,-0.01707851455204712,-0.01707851455204712
2022-10-05,-0.010234712414295855,-0.010234712414295855
2022-10-06,0.008451032812244907,0.008451032812244907
2022-10-07,0.017316982755709143,0.017316982755709143
2022-10-10,0.008070169135639738,0.008070169135639738
2022-10-11,-0.00033217090017922946,-0.00033217090017922946
2022-10-12,0.009902285669995292,0.009902285669995292
2022-10-13,-0.012404560066638814,0.012404560066638814
2022-10-14,-0.017546781488158802,0.017546781488158802
2022-10-17,0.005312841346333919,-0.005312841346333919
2022-10-18,-0.009669979867724443,0.009669979867724443
2022-10-19,0.0008515529319361725,-0.0008515529319361725
2022-10-20,0.011888810663193139,-0.011888810663193139
2022-10-21,-0.0009305081790833558,0.0009305081790833558
2022-10-24,-0.01086233871999065,0.01086233871999065
2022-10-25,0.0032672435204030847,-0.0032672435204030847
2022-10-26,-0.013478798277083093,0.013478798277083093
2022-10-27,-0.015118726603300492,0.015118726603300492
2022-10-28,0.006238079365800564,-0.006238079365800564
2022-10-31,-0.002579214165913113,0.002579214165913113
2022-11-01,0.01114370527077102,-0.01114370527077102
2022-11-02,-0.001857834605213049,0.001857834605213049
2022-11-03,0.009237569251465683,-0.009237569251465683
2022-11-04,0.01908013560599109,-0.01908013560599109
2022-11-07,-0.01415393879983562,0.01415393879983562
2022-11-08,-0.016181443326821254,0.016181443326821254
2022-11-09,-0.0030062170867835025,0.0030062170867835025
2022-11-10,0.016231523833801553,-0.016231523833801553
2022-11-11,-0.02799978425374905,0.02799978425374905
2022-11-14,-0.008771716409820773,0.008771716409820773
2022-11-15,0.003968063635301,-0.003968063635301
2022-11-16,-0.010768838918400303,0.010768838918400303
2022-11-17,-0.002922590579984674,0.002922590579984674
2022-11-18,0.004646940871049221,-0.004646940871049221
2022-11-21,-0.0022059431168530708,0.0022059431168530708
2022-11-22,0.004968517865664879,-0.004968517865664879
2022-11-23,-0.005629969711947291,0.005629969711947291
2022-11-24,-0.014820622078461687,0.014820622078461687
2022-11-25,-0.003296080850340166,0.003296080850340166
2022-11-28,0.004869641688378223,-0.004869641688378223
2022-11-29,0.007895791928746121,-0.007895791928746121
2022-11-30,0.0011242971805953683,-0.0011242971805953683
2022-12-01,-0.010816693430507729,0.010816693430507729
2022-12-02,-0.014826330149086075,0.014826330149086075
2022-12-05,-0.0030893635621701554,0.0030893635621701554
2022-12-06,0.008595796369495812,-0.008595796369495812
2022-12-07,0.004898935251367753,-0.004898935251367753
2022-12-08,-0.006500841641024935,0.006500841641024935
2022-12-09,-0.0019295587317263996,0.0019295587317263996
2022-12-12,-0.00025701338774275495,0.00025701338774275495
2022-12-13,-0.0025824667722608163,0.0025824667722608163
2022-12-14,-0.006945293680184261,0.006945293680184261
2022-12-15,-0.005053815274058904,0.005053815274058904
2022-12-16,0.018889917103954268,-0.018889917103954268
2022-12-19,0.0023769204770580643,-0.0023769204770580643
2022-12-20,0.0005715116552136301,-0.0005715116552136301
2022-12-21,-0.0029411148970392986,0.0029411148970392986
2022-12-22,0.009255212209681618,-0.009255212209681618
2022-12-23,0.0031123534769708083,-0.0031123534769708083
2022-12-26,-0.0016651294915724923,0.0016651294915724923
2022-12-27,-0.0019982821343772494,0.0019982821343772494
2022-12-28,0.004724838208972404,-0.004724838208972404
2022-12-29,-9.62059029991913e-05,9.62059029991913e-05
2022-12-30,-0.0023094506085716837,0.0023094506085716837
2023-01-02,-0.005280656501932324,0.005280656501932324
2023-01-03,0.004763256734293231,-0.004763256734293231
2023-01-04,0.007780549295434369,-0.007780549295434369
2023-01-05,-0.007241681986267956,0.007241681986267956
2023-01-06,0.012153558193743308,-0.012153558193743308
2023-01-09,-0.016843972260662254,0.016843972260662254
2023-01-10,-0.005622045333414261,0.005622045333414261
2023-01-11,0.0024979495446728617,-0.0024979495446728617
2023-01-12,-0.0004133073520821151,0.0004133073520821151
2023-01-13,-0.004766487345391424,0.004766487345391424
2023-01-16,-0.0007331149791113267,0.0007331149791113267
2023-01-17,0.0015527903913705732,-0.0015527903913705732
2023-01-18,-0.006262580899037307,0.006262580899037307
2023-01-19,-0.005098122287423679,0.005098122287423679
2023-01-20,-0.0036795952474666382,0.0036795952474666382
2023-01-23,-0.0010534544085674113,0.0010534544085674113
2023-01-24,0.0021463262843368636,-0.0021463262843368636
2023-01-25,0.004097657844536862,-0.004097657844536862
2023-01-26,-0.006707102703300105,0.006707102703300105
2023-01-27,-0.00022343234098798348,0.00022343234098798348
2023-01-30,0.0012068042804402879,-0.0012068042804402879
2023-01-31,0.0037796152519156134,-0.0037796152519156134
2023-02-01,0.0036319601002030577,-0.0036319601002030577
2023-02-02,-0.0065483524534513116,0.0065483524534513116
2023-02-03,0.01366623510963949,-0.01366623510963949
2023-02-06,0.0147653232447984,-0.0147653232447984
2023-02-07,0.001529800672170456,-0.001529800672170456
2023-02-08,-0.0023091888699002805,0.0023091888699002805
2023-02-09,-0.001398290681072667,0.001398290681072667
2023-02-10,-0.0037421988357380087,0.0037421988357380087
2023-02-13,0.005355679334080321,-0.005355679334080321
2023-02-14,-0.008219667951879561,0.008219667951879561
2023-02-15,-0.0018228344822686093,0.0018228344822686093
2023-02-16,0.011176052487499755,-0.011176052487499755
2023-02-17,0.005381770270444841,-0.005381770270444841
2023-02-20,-0.004526683937417064,0.004526683937417064
2023-02-21,-0.0007819224407510372,0.0007819224407510372
2023-02-22,-0.005790825741267436,0.005790825741267436
2023-02-23,0.004928474932826443,-0.004928474932826443
2023-02-24,0.002675055425970463,-0.002675055425970463
2023-02-27,0.0054681407397436654,-0.0054681407397436654
2023-02-28,-0.00904802268460203,0.00904802268460203
2023-03-01,0.0023278796151220416,-0.0023278796151220416
2023-03-02,0.0003008886651689746,-0.0003008886651689746
2023-03-03,0.006556252589857703,-0.006556252589857703
2023-03-06,-0.006394083801977257,0.006394083801977257
2023-03-07,0.00016841237673959064,-0.00016841237673959064
2023-03-08,0.016800983207833742,-0.016800983207833742
2023-03-09,-0.0018924705348386528,0.0018924705348386528
2023-03-10,-0.006067260926123419,0.006067260926123419
2023-03-13,-0.012983614852020597,0.012983614852020597
2023-03-14,-0.007561638241434743,0.007561638241434743
2023-03-15,0.0015822508167164795,-0.0015822508167164795
2023-03-16,0.006865942279612236,-0.006865942279612236
2023-03-17,-0.003403482485348608,0.003403482485348608
2023-03-20,-0.006333800870266915,0.006333800870266915
2023-03-21,-0.007215103969240633,0.007215103969240633
2023-03-22,0.004186183837203483,-0.004186183837203483
2023-03-23,-0.0044499272967469805,0.0044499272967469805
2023-03-24,-0.00014733732254201826,0.00014733732254201826
2023-03-27,0.002902087205656212,-0.002902087205656212
2023-03-28,-0.004191776780368306,0.004191776780368306
2023-03-29,-0.00266860098151922,0.00266860098151922
2023-03-30,0.001368701990148491,-0.001368701990148491
2023-03-31,-0.005947473549434479,0.005947473549434479
2023-04-03,0.008163225526216067,-0.008163225526216067
2023-04-04,-0.01095999823647531,0.01095999823647531
2023-04-05,-0.006025182120161565,0.006025182120161565
2023-04-06,0.0028371243728606554,-0.0028371243728606554
2023-04-07,0.0019355147834181352,-0.0019355147834181352
2023-04-10,0.0005933602667340665,-0.0005933602667340665
2023-04-11,0.0031824462993215175,-0.0031824462993215175
2023-04-12,-0.0031227882588834577,0.0031227882588834577
2023-04-13,-0.004935143533054798,0.004935143533054798
2023-04-14,-0.0026059487144051152,0.0026059487144051152
2023-04-17,0.010090363615772091,-0.010090363615772091
2023-04-18,0.0019964052731529236,-0.0019964052731529236
2023-04-19,-0.004022031995830289,0.004022031995830289
2023-04-20,-0.0002733607740842414,0.0002733607740842414
2023-04-21,-0.0009694330054083045,0.0009694330054083045
2023-04-24,-0.000709130663497981,0.000709130663497981
2023-04-25,-0.004021233955599279,0.004021233955599279
2023-04-26,0.006862506168149318,-0.006862506168149318
2023-04-27,-0.004543846770875604,-0.004543846770875604
2023-04-28,-0.0020827394215562345,-0.0020827394215562345
2023-05-01,-0.004786562316822174,-0.004786562316822174
2023-05-02,0.005738836244966405,0.005738836244966405
2023-05-03,0.0007492071071302231,0.0007492071071302231
2023-05-04,-0.0073487356490573585,-0.0073487356490573585
2023-05-05,-0.0011437564882728068,-0.0011437564882728068
2023-05-08,-0.0037373093562713677,-0.0037373093562713677
2023-05-09,0.001414662699196878,0.001414662699196878
2023-05-10,-0.0009459610627601256,-0.0009459610627601256
2023-05-11,-0.0001843597745633252,0.0001843597745633252
2023-05-12,0.009503128033324648,-0.009503128033324648
2023-05-15,0.00459045516049339,-0.00459045516049339
2023-05-16,-0.0059266973074789675,0.0059266973074789675
2023-05-17,0.0032691139468632446,-0.0032691139468632446
2023-05-18,0.00012732028381035043,-0.00012732028381035043
2023-05-19,0.005677196298494502,-0.005677196298494502
2023-05-22,-0.003909869401720778,0.003909869401720778
2023-05-23,0.0021433161543218393,-0.0021433161543218393
2023-05-24,0.0013801667035635568,-0.0013801667035635568
2023-05-25,0.0037376412671121795,0.0037376412671121795
2023-05-26,0.0042803646594322675,0.0042803646594322675
2023-05-29,-0.002315829137463976,-0.002315829137463976
2023-05-30,-0.00019759787221307334,-0.00019759787221307334
2023-05-31,-0.005038527055059694,-0.005038527055059694
2023-06-01,-0.0028174751223767336,-0.0028174751223767336
2023-06-02,-0.006310565122012557,-0.006310565122012557
2023-06-05,0.007703418931107819,0.007703418931107819
2023-06-06,-0.00023612476218970446,-0.00023612476218970446
2023-06-07,0.0003729829334184753,0.0003729829334184753
2023-06-08,-0.0013919603216487886,0.0013919603216487886
2023-06-09,-0.009048187714120304,0.009048187714120304
2023-06-12,-0.001708091075532936,0.001708091075532936
2023-06-13,0.005246273631702714,-0.005246273631702714
2023-06-14,-0.007258903193065547,0.007258903193065547
2023-06-15,-0.005055296342664883,0.005055296342664883
2023-06-16,-0.008983707641268324,0.008983707641268324
2023-06-19,-0.0034777251528678166,0.0034777251528678166
2023-06-20,0.0027842267478790372,-0.0027842267478790372
2023-06-21,0.0023030574710416474,-0.0023030574710416474
2023-06-22,-0.0005234057239692502,-0.0005234057239692502
2023-06-23,0.001954112127469987,0.001954112127469987
2023-06-26,0.0013767367054873247,0.0013767367054873247
2023-06-27,0.0013875149301827427,0.0013875149301827427
2023-06-28,-0.002567820114691921,-0.002567820114691921
2023-06-29,0.008080096778543044,0.008080096778543044
2023-06-30,0.002212435727461104,0.002212435727461104
2023-07-03,-0.0061937764186263955,-0.0061937764186263955
2023-07-04,2.5420985901414284e-05,2.5420985901414284e-05
2023-07-05,-0.0019420080343404145,-0.0019420080343404145
2023-07-06,0.0010300867345309772,-0.0010300867345309772
2023-07-07,-0.0029982548421202404,0.0029982548421202404
2023-07-10,-0.007492734364224263,0.007492734364224263
2023-07-11,-0.002002840954745677,0.002002840954745677
2023-07-12,-0.005416115275924893,0.005416115275924893
2023-07-13,-0.004734078899618854,0.004734078899618854
2023-07-14,-0.010072173946251928,0.010072173946251928
2023-07-17,0.002927725159741934,-0.002927725159741934
2023-07-18,0.0014137113695897874,-0.0014137113695897874
2023-07-19,0.002810419659520891,-0.002810419659520891
2023-07-20,0.007364805118310835,0.007364805118310835
2023-07-21,0.005240636761892903,0.005240636761892903
2023-07-24,0.0014674438610269291,0.0014674438610269291
2023-07-25,0.0031876993173964863,0.0031876993173964863
2023-07-26,-0.006303820247646974,-0.006303820247646974
2023-07-27,-0.0025788253652202497,-0.0025788253652202497
2023-07-28,0.010432276999022161,0.010432276999022161
2023-07-31,-0.0046824759838564045,-0.0046824759838564045
2023-08-01,0.0015552968161389735,0.0015552968161389735
2023-08-02,0.0029903298312921045,0.0029903298312921045
2023-08-03,0.0059244657501524856,-0.0059244657501524856
2023-08-04,0.00031798645577851836,-0.00031798645577851836
2023-08-07,-0.002479718132540887,0.002479718132540887
2023-08-08,-0.002664292125680978,0.002664292125680978
2023-08-09,0.0031698989498047947,-0.0031698989498047947
2023-08-10,0.0016946575529521724,-0.0016946575529521724
2023-08-11,0.0039432654999675965,-0.0039432654999675965
2023-08-14,-0.001963888615759468,0.001963888615759468
2023-08-15,0.0007743889580034136,-0.0007743889580034136
2023-08-16,-0.0012685040581620344,0.0012685040581620344
2023-08-17,-0.002108404866425495,-0.002108404866425495
2023-08-18,-0.0017310275826427635,-0.0017310275826427635
2023-08-21,0.0006502324641857182,0.0006502324641857182
2023-08-22,-0.0014780973571130174,-0.0014780973571130174
2023-08-23,0.002296944696182912,0.002296944696182912
2023-08-24,0.0008657831919223202,0.0008657831919223202
2023-08-25,0.010138240951430122,0.010138240951430122
2023-08-28,0.00025189924600610425,0.00025189924600610425
2023-08-29,-0.0016996665876990447,-0.0016996665876990447
2023-08-30,-0.0020303690166184607,-0.0020303690166184607
2023-08-31,-0.005900132279017867,0.005900132279017867
2023-09-01,0.0030749766501347864,-0.0030749766501347864
2023-09-04,0.006463156255209546,-0.006463156255209546
2023-09-05,-0.0025056481403858966,0.0025056481403858966
2023-09-06,0.004178193654295059,-0.004178193654295059
2023-09-07,0.0057447516165918255,-0.0057447516165918255
2023-09-08,0.0018997825765478815,-0.0018997825765478815
2023-09-11,-0.0011963312804826876,0.0011963312804826876
2023-09-12,-0.0015000155964697282,0.0015000155964697282
2023-09-13,0.0013634420383916712,-0.0013634420383916712
2023-09-14,0.00017489826453109814,-0.00017489826453109814
2023-09-15,0.0070690762326310885,-0.0070690762326310885
2023-09-18,0.00034720648836295,-0.00034720648836295
2023-09-19,0.001115818238381694,-0.001115818238381694
2023-09-20,-0.0007926027678355485,0.0007926027678355485
2023-09-21,0.005242508106651389,-0.005242508106651389
2023-09-22,0.0028233392122281042,-0.0028233392122281042
2023-09-25,0.004278338201521015,-0.004278338201521015
2023-09-26,0.002350489653117238,-0.002350489653117238
2023-09-27,0.005459263827073846,-0.005459263827073846
2023-09-28,0.0009474362567478689,0.0009474362567478689
2023-09-29,-0.005691460971304574,-0.005691460971304574
2023-10-02,0.0009641788708210086,0.0009641788708210086
2023-10-03,0.008425349859509712,0.008425349859509712
2023-10-04,0.0010519908478165974,0.0010519908478165974
2023-10-05,-0.0048555840800772465,-0.0048555840800772465
2023-10-06,-0.004126675824517645,-0.004126675824517645
2023-10-09,-0.0027178409883227284,-0.0027178409883227284
2023-10-10,-0.0024075826470195683,-0.0024075826470195683
2023-10-11,-0.0033321063864447664,-0.0033321063864447664
2023-10-12,-0.0020280437378160654,0.0020280437378160654
2023-10-13,0.010924593990937481,-0.010924593990937481
2023-10-16,0.0024244886204001226,-0.0024244886204001226
2023-10-17,-0.004727861800160382,0.004727861800160382
2023-10-18,0.00268653983131939,-0.00268653983131939
2023-10-19,0.002910762460354377,-0.002910762460354377
2023-10-20,0.0005099932179442046,-0.0005099932179442046
2023-10-23,-0.0021968591865855203,0.0021968591865855203
2023-10-24,-0.007042933108303617,0.007042933108303617
2023-10-25,0.007264405174025823,-0.007264405174025823
2023-10-26,0.004828306813142058,0.004828306813142058
2023-10-27,-0.002771705004016911,-0.002771705004016911
