date,MXN=X Long Only,MXN=X Using TFT
2017-06-27,0.00339099357901973,0.00339099357901973
2017-06-28,-0.0072495795759951465,-0.0072495795759951465
2017-06-29,0.011020903325129838,0.011020903325129838
2017-06-30,0.004807095634582925,0.004807095634582925
2017-07-03,0.0036873166437099147,0.0036873166437099147
2017-07-04,0.001837094966510966,0.001837094966510966
2017-07-05,0.005181158873932334,0.005181158873932334
2017-07-06,-0.0019367874497923099,-0.0019367874497923099
2017-07-07,-0.011053522992091946,-0.011053522992091946
2017-07-10,-0.007378094101598842,-0.007378094101598842
2017-07-11,-0.0012075076864839218,-0.0012075076864839218
2017-07-12,-0.008090053814810982,-0.008090053814810982
2017-07-13,-0.0046282403155987195,-0.0046282403155987195
2017-07-14,-0.007586780541697813,-0.007586780541697813
2017-07-17,0.0012930716955612542,0.0012930716955612542
2017-07-18,-0.004889769669082722,-0.004889769669082722
2017-07-19,0.004578264773859253,0.004578264773859253
2017-07-20,-0.004638268264063217,-0.004638268264063217
2017-07-21,0.008398038770916605,0.008398038770916605
2017-07-24,0.005085344414394344,0.005085344414394344
2017-07-25,0.0020726741111349867,0.0020726741111349867
2017-07-26,-0.010507187008686913,-0.010507187008686913
2017-07-27,0.008483483809358372,0.008483483809358372
2017-07-28,0.0023706129644800455,0.0023706129644800455
2017-07-31,0.0023593169510127687,0.0023593169510127687
2017-08-01,0.00397820117964498,0.00397820117964498
2017-08-02,-0.0029043583189005684,-0.0029043583189005684
2017-08-03,0.0014258655302250567,0.0014258655302250567
2017-08-04,0.0017485996940591608,0.0017485996940591608
2017-08-07,0.0022638368066720815,0.0022638368066720815
2017-08-08,-0.003633876127087321,-0.003633876127087321
2017-08-09,0.005061470553905156,0.005061470553905156
2017-08-10,0.0013225347403111876,0.0013225347403111876
2017-08-11,-0.009085072878377565,-0.009085072878377565
2017-08-14,-0.0020654716386906413,-0.0020654716386906413
2017-08-15,0.00172099733716502,0.00172099733716502
2017-08-16,-0.007830914296897973,-0.007830914296897973
2017-08-17,0.012891020477219017,0.012891020477219017
2017-08-18,-0.011109598653583519,-0.011109598653583519
2017-08-21,-0.0019723785086843693,-0.0019723785086843693
2017-08-22,-0.00026547642217278344,-0.00026547642217278344
2017-08-23,0.001607433930889579,0.001607433930889579
2017-08-24,0.0008595391752588277,0.0008595391752588277
2017-08-25,-0.005603813942902103,-0.005603813942902103
2017-08-28,0.018368702069107012,0.018368702069107012
2017-08-29,-0.003962025428264293,-0.003962025428264293
2017-08-30,-0.006454205410365232,-0.006454205410365232
2017-08-31,0.007934448505662495,0.007934448505662495
2017-09-01,-0.003816553634570674,-0.003816553634570674
2017-09-04,0.004024919134264948,0.004024919134264948
2017-09-05,0.0002835301919652533,0.0002835301919652533
2017-09-06,-0.006755127610540312,-0.006755127610540312
2017-09-07,-0.006395120623029271,-0.006395120623029271
2017-09-08,0.0031810773066942577,0.0031810773066942577
2017-09-11,-0.002275348882699646,-0.002275348882699646
2017-09-12,0.0032710669330964226,0.0032710669330964226
2017-09-13,0.002065957848390809,0.002065957848390809
2017-09-14,-0.0052303289493113025,-0.0052303289493113025
2017-09-15,-0.000774867520647371,-0.000774867520647371
2017-09-18,0.004736968959980992,0.004736968959980992
2017-09-19,0.004357116221736623,0.004357116221736623
2017-09-20,-0.0010434966935061185,-0.0010434966935061185
2017-09-21,0.004342745759467803,0.004342745759467803
2017-09-22,-0.007695792075642194,-0.007695792075642194
2017-09-25,0.009554631908160527,0.009554631908160527
2017-09-26,0.0023343093086056754,0.0023343093086056754
2017-09-27,0.015193518559943442,0.015193518559943442
2017-09-28,-0.004181991528617313,-0.004181991528617313
2017-09-29,-0.0010195357942839323,-0.0010195357942839323
2017-10-02,0.006551197070033599,0.006551197070033599
2017-10-03,-0.0018657260572212397,-0.0018657260572212397
2017-10-04,0.0029153111281621236,0.0029153111281621236
2017-10-05,0.011695018463922402,0.011695018463922402
2017-10-06,0.0,0.0
2017-10-09,0.010168369360329388,0.010168369360329388
2017-10-10,0.00785882401508986,0.00785882401508986
2017-10-11,-0.006429821035059402,-0.006429821035059402
2017-10-12,0.010088077302877085,0.010088077302877085
2017-10-13,0.00106035764643031,0.00106035764643031
2017-10-16,0.007563495284055088,0.007563495284055088
2017-10-17,-0.013075734250535098,-0.013075734250535098
2017-10-18,0.004649948718427499,0.004649948718427499
2017-10-19,-0.004366184947157681,-0.004366184947157681
2017-10-20,0.009683505684535687,0.009683505684535687
2017-10-23,0.0043021745812859,0.0043021745812859
2017-10-24,0.008994133851602415,0.008994133851602415
2017-10-25,-0.007201377365065431,-0.007201377365065431
2017-10-26,0.004349770795006869,0.004349770795006869
2017-10-27,-0.00279479786894421,-0.00279479786894421
2017-10-30,0.005295697380514719,0.005295697380514719
2017-10-31,-0.0028674295950004147,-0.0028674295950004147
2017-11-01,-0.002913780279457101,-0.002913780279457101
2017-11-02,-0.00695984610529099,-0.00695984610529099
2017-11-03,0.011564517714033329,0.011564517714033329
2017-11-06,-0.008088895705265498,-0.008088895705265498
2017-11-07,0.004570378511540074,0.004570378511540074
2017-11-08,-0.002252512694059461,-0.002252512694059461
2017-11-09,-0.0033969875514393566,-0.0033969875514393566
2017-11-10,0.003990930005289384,0.003990930005289384
2017-11-13,0.0002889758701154488,0.0002889758701154488
2017-11-14,0.0026424569389127406,0.0026424569389127406
2017-11-15,0.004095562324410773,0.004095562324410773
2017-11-16,-0.00977335253775391,-0.00977335253775391
2017-11-17,-0.007668566677067279,-0.007668566677067279
2017-11-20,0.004865676982378053,0.004865676982378053
2017-11-21,-0.01012698217598118,-0.01012698217598118
2017-11-22,-0.009275873021702186,-0.009275873021702186
2017-11-23,-0.0008535766818742463,-0.0008535766818742463
2017-11-24,-0.004007838379589956,-0.004007838379589956
2017-11-27,0.0014128691584995856,0.0014128691584995856
2017-11-28,-0.0015756885892711514,-0.0015756885892711514
2017-11-29,0.0009415536901722366,0.0009415536901722366
2017-11-30,0.005237985714060978,0.005237985714060978
2017-12-01,-0.001954687178454928,-0.001954687178454928
2017-12-04,-6.814990232018037e-05,-6.814990232018037e-05
2017-12-05,0.008581118669262588,0.008581118669262588
2017-12-06,0.0043180729042398,0.0043180729042398
2017-12-07,0.0053736253040181925,0.0053736253040181925
2017-12-08,-0.00234950336977513,-0.00234950336977513
2017-12-11,0.007694067579642638,0.007694067579642638
2017-12-12,0.006096003852046561,0.006096003852046561
2017-12-13,-0.008187442657703548,-0.008187442657703548
2017-12-14,0.00529860041588659,0.00529860041588659
2017-12-15,-0.0005540408910518213,-0.0005540408910518213
2017-12-18,-0.0023708562310584824,-0.0023708562310584824
2017-12-19,0.008492213077673894,0.008492213077673894
2017-12-20,0.0002413542434234195,0.0002413542434234195
2017-12-21,0.01272895959849607,0.01272895959849607
2017-12-22,0.013724526439716334,0.013724526439716334
2017-12-25,0.0002589083711774798,0.0002589083711774798
2017-12-26,0.006797025189157591,0.006797025189157591
2017-12-27,-0.008436594737319947,-0.008436594737319947
2017-12-28,-0.0006038283822761281,-0.0006038283822761281
2017-12-29,-0.0020416094374611227,-0.0020416094374611227
2018-01-01,-0.00023095394167049754,-0.00023095394167049754
2018-01-02,-0.007808823022691591,-0.007808823022691591
2018-01-03,-0.007503531755670645,-0.007503531755670645
2018-01-04,-0.0022805072174499896,-0.0022805072174499896
2018-01-05,-0.006887191818788607,-0.006887191818788607
2018-01-08,0.0009450199339520182,0.0009450199339520182
2018-01-09,0.0027386660449337796,0.0027386660449337796
2018-01-10,0.0009519557214223706,0.0009519557214223706
2018-01-11,-0.002472631929151925,-0.002472631929151925
2018-01-12,-0.009490799838163921,-0.009490799838163921
2018-01-15,-0.009157337364289475,-0.009157337364289475
2018-01-16,-0.0056318170761864295,-0.0056318170761864295
2018-01-17,-0.001901093309191082,-0.001901093309191082
2018-01-18,-0.006942918693735423,-0.006942918693735423
2018-01-19,0.0018098718210131093,0.0018098718210131093
2018-01-22,0.004685160377549735,0.004685160377549735
2018-01-23,-0.001843139433936547,-0.001843139433936547
2018-01-24,-0.007404659379846357,-0.007404659379846357
2018-01-25,0.004016693672387772,0.004016693672387772
2018-01-26,-0.007145838968334317,-0.007145838968334317
2018-01-29,0.006565082486262197,0.006565082486262197
2018-01-30,0.00904303046693622,0.00904303046693622
2018-01-31,-0.009532179707683164,-0.009532179707683164
2018-02-01,-0.013670199660482107,-0.013670199660482107
2018-02-02,0.013286929149521454,0.013286929149521454
2018-02-05,0.012883428779829176,0.012883428779829176
2018-02-06,-0.010343877515644806,-0.010343877515644806
2018-02-07,0.00841510186907124,0.00841510186907124
2018-02-08,0.004851458799725261,0.004851458799725261
2018-02-09,-0.00950768146224501,-0.00950768146224501
2018-02-12,-0.00543608212650859,-0.00543608212650859
2018-02-13,0.0024854502346616236,0.0024854502346616236
2018-02-14,-0.004250266639644451,-0.004250266639644451
2018-02-15,-0.0028229225173453942,-0.0028229225173453942
2018-02-16,0.00012864979361393303,0.00012864979361393303
2018-02-19,0.0006592453804894483,0.0006592453804894483
2018-02-20,0.010050061812463706,0.010050061812463706
2018-02-21,0.007201940695706899,0.007201940695706899
2018-02-22,-0.012432226102328858,-0.012432226102328858
2018-02-23,-0.00450449988630075,-0.00450449988630075
2018-02-26,0.007759118405959553,0.007759118405959553
2018-02-27,0.008851423260787694,0.008851423260787694
2018-02-28,-0.0002071553378358848,-0.0002071553378358848
2018-03-01,0.0009492618574651335,0.0009492618574651335
2018-03-02,-0.0018394308089274558,-0.0018394308089274558
2018-03-05,-0.0012578882951790327,-0.0012578882951790327
2018-03-06,0.003476241772026434,0.003476241772026434
2018-03-07,-0.008045187180195756,-0.008045187180195756
2018-03-08,-0.00392011093414113,-0.00392011093414113
2018-03-09,-0.001288599615929087,-0.001288599615929087
2018-03-12,-0.0013494278928181114,-0.0013494278928181114
2018-03-13,0.0012748583778761091,0.0012748583778761091
2018-03-14,-0.0014559756067171747,-0.0014559756067171747
2018-03-15,0.00618115483090409,0.00618115483090409
2018-03-16,-0.0006795592397959016,-0.0006795592397959016
2018-03-19,0.001215520297534356,0.001215520297534356
2018-03-20,0.002492356752224145,0.002492356752224145
2018-03-21,-0.016023889607642117,-0.016023889607642117
2018-03-22,0.012491659541340017,0.012491659541340017
2018-03-23,-0.008773790736204767,-0.008773790736204767
2018-03-26,-0.009851902541706203,-0.009851902541706203
2018-03-27,0.0028797959915554117,0.0028797959915554117
2018-03-28,-0.003208260599131263,-0.003208260599131263
2018-03-29,-0.008369970171050345,-0.008369970171050345
2018-03-30,-7.485274323759672e-05,-7.485274323759672e-05
2018-04-02,0.0032289880075457855,0.0032289880075457855
2018-04-03,-0.00012286232376612638,-0.00012286232376612638
2018-04-04,0.0,0.0
2018-04-05,-0.00681875486237149,-0.00681875486237149
2018-04-06,0.00658598522998366,0.00658598522998366
2018-04-09,0.004678805107090067,0.004678805107090067
2018-04-10,0.0015166303088052224,0.0015166303088052224
2018-04-11,-0.005051489840417478,-0.005051489840417478
2018-04-12,-0.0024672988520832995,-0.0024672988520832995
2018-04-13,-0.0012311968336099488,-0.0012311968336099488
2018-04-16,-0.006503136053520597,-0.006503136053520597
2018-04-17,-0.0033861641859623814,-0.0033861641859623814
2018-04-18,0.0018064363198864175,0.0018064363198864175
2018-04-19,0.0028543984816047363,0.0028543984816047363
2018-04-20,0.020529071006065047,0.020529071006065047
2018-04-23,0.003966497868377106,0.003966497868377106
2018-04-24,0.021954576922070812,0.021954576922070812
2018-04-25,-0.006079788838946776,-0.006079788838946776
2018-04-26,0.0018536483677107363,0.0018536483677107363
2018-04-27,-0.004679893541074898,-0.004679893541074898
2018-04-30,-0.006466558587344129,-0.006466558587344129
2018-05-01,0.00322479788725083,0.00322479788725083
2018-05-02,0.01275061424622792,0.01275061424622792
2018-05-03,0.0082015339977064,0.0082015339977064
2018-05-04,-0.0023518652119470795,-0.0023518652119470795
2018-05-07,0.010952440514716333,0.010952440514716333
2018-05-08,0.008860312971803674,0.008860312971803674
2018-05-09,0.00635769774930095,0.00635769774930095
2018-05-10,0.000951498551677199,0.000951498551677199
2018-05-11,-0.01688025790030223,-0.01688025790030223
2018-05-14,0.005484213452821685,0.005484213452821685
2018-05-15,0.012108090454302944,0.012108090454302944
2018-05-16,0.004740360662586651,0.004740360662586651
2018-05-17,-0.0054297580686608615,-0.0054297580686608615
2018-05-18,0.009513051122241656,0.009513051122241656
2018-05-21,0.007147378512239566,0.007147378512239566
2018-05-22,-0.0033308368519017195,-0.0033308368519017195
2018-05-23,-0.0030852639725914566,-0.0030852639725914566
2018-05-24,-0.006478973015699885,-0.006478973015699885
2018-05-25,-0.0034632526656097617,-0.0034632526656097617
2018-05-28,-0.00170445201697067,-0.00170445201697067
2018-05-29,0.0027133240841858974,0.0027133240841858974
2018-05-30,0.01295817370228125,0.01295817370228125
2018-05-31,-0.0032585721983561244,-0.0032585721983561244
2018-06-01,0.006487909798512659,0.006487909798512659
2018-06-04,0.001955407321742708,0.001955407321742708
2018-06-05,0.00606203142803019,0.00606203142803019
2018-06-06,0.016477305298350453,0.016477305298350453
2018-06-07,-0.0049181292254213416,-0.0049181292254213416
2018-06-08,0.006115215188110312,0.006115215188110312
2018-06-11,-0.004500990447702913,-0.004500990447702913
2018-06-12,0.011596129449870984,0.011596129449870984
2018-06-13,0.006356499001683558,0.006356499001683558
2018-06-14,-0.0018315605817929015,-0.0018315605817929015
2018-06-15,0.008923055385074097,0.008923055385074097
2018-06-18,-0.007475588141718559,-0.007475588141718559
2018-06-19,-0.0064362397007531325,-0.0064362397007531325
2018-06-20,-0.0019123885820637732,-0.0019123885820637732
2018-06-21,-0.007357237372478176,-0.007357237372478176
2018-06-22,-0.002416565035718743,-0.002416565035718743
2018-06-25,-0.013776281179781469,-0.013776281179781469
2018-06-26,-0.0062255332467889835,0.0062255332467889835
2018-06-27,0.0008434923553894969,-0.0008434923553894969
2018-06-28,0.011653131709138398,-0.011653131709138398
2018-06-29,-0.02110923039447543,0.02110923039447543
2018-07-02,0.003294619452069769,-0.003294619452069769
2018-07-03,0.008573206523006416,-0.008573206523006416
2018-07-04,-0.023577499554308656,0.023577499554308656
2018-07-05,-0.0035601402451619357,0.0035601402451619357
2018-07-06,-0.008822710919528576,0.008822710919528576
2018-07-09,-0.00994306445397053,0.00994306445397053
2018-07-10,0.006117172491816092,-0.006117172491816092
2018-07-11,-0.008645462919699365,0.008645462919699365
2018-07-12,0.0024563312479666255,-0.0024563312479666255
2018-07-13,-0.004665041064550901,0.004665041064550901
2018-07-16,-0.0035678156962373198,0.0035678156962373198
2018-07-17,-0.003650922892076691,0.003650922892076691
2018-07-18,0.0027504791412038543,-0.0027504791412038543
2018-07-19,0.00024360993564931377,-0.00024360993564931377
2018-07-20,0.007736063846609076,-0.007736063846609076
2018-07-23,-0.0007601126241220113,0.0007601126241220113
2018-07-24,-0.00623844699541154,0.00623844699541154
2018-07-25,-0.0025234349592409,0.0025234349592409
2018-07-26,-0.010580971145721207,0.010580971145721207
2018-07-27,-0.0012221010424922074,0.0012221010424922074
2018-07-30,-0.0013792970723769393,0.0013792970723769393
2018-07-31,-0.004091019520730876,0.004091019520730876
2018-08-01,0.007248006533159268,-0.007248006533159268
2018-08-02,-0.004007039603800555,0.004007039603800555
2018-08-03,0.002361549698632226,-0.002361549698632226
2018-08-06,-0.0035071097712153776,0.0035071097712153776
2018-08-07,-0.0022650513799238325,-0.0022650513799238325
2018-08-08,-0.004495705822622598,-0.004495705822622598
2018-08-09,0.0007753163755153114,0.0007753163755153114
2018-08-10,0.014297674778120495,0.014297674778120495
2018-08-13,0.018492056101712118,0.018492056101712118
2018-08-14,0.003304002434338482,0.003304002434338482
2018-08-15,-0.01311496036488946,-0.01311496036488946
2018-08-16,0.016112416758457204,0.016112416758457204
2018-08-17,-0.009200392008662628,-0.009200392008662628
2018-08-20,-0.006802534046788322,-0.006802534046788322
2018-08-21,0.0066393779349245285,0.0066393779349245285
2018-08-22,-0.0031452342028687186,-0.0031452342028687186
2018-08-23,-0.009312835664067709,-0.009312835664067709
2018-08-24,0.012726973007560538,0.012726973007560538
2018-08-27,-0.012553886344858767,-0.012553886344858767
2018-08-28,0.0017344153391181116,0.0017344153391181116
2018-08-29,0.014138210452532052,0.014138210452532052
2018-08-30,-0.007324593947068525,-0.007324593947068525
2018-08-31,0.009169257324924907,0.009169257324924907
2018-09-03,-0.0001538873738156088,-0.0001538873738156088
2018-09-04,0.004592362415898332,0.004592362415898332
2018-09-05,0.009564878841819002,0.009564878841819002
2018-09-06,-0.001610818968055594,-0.001610818968055594
2018-09-07,-0.005397458400756339,-0.005397458400756339
2018-09-10,0.004230821296618226,0.004230821296618226
2018-09-11,-0.002495643413036097,-0.002495643413036097
2018-09-12,-0.0033156861725957,-0.0033156861725957
2018-09-13,-0.009099177096821731,-0.009099177096821731
2018-09-14,-0.010353680150125055,-0.010353680150125055
2018-09-17,0.002384527766565281,0.002384527766565281
2018-09-18,0.0023597565707782486,-0.0023597565707782486
2018-09-19,-0.0069367882049599094,0.0069367882049599094
2018-09-20,-0.0017351438711615819,0.0017351438711615819
2018-09-21,0.004276044024704495,-0.004276044024704495
2018-09-24,0.000439069221855215,-0.000439069221855215
2018-09-25,0.00645824620244273,-0.00645824620244273
2018-09-26,0.0004972053319238778,-0.0004972053319238778
2018-09-27,-0.006657069261142512,0.006657069261142512
2018-09-28,-0.0033094542623403056,0.0033094542623403056
2018-10-01,-0.005971315148276757,0.005971315148276757
2018-10-02,0.001792810251773691,-0.001792810251773691
2018-10-03,0.004233545639332759,-0.004233545639332759
2018-10-04,0.01306212652353822,-0.01306212652353822
2018-10-05,0.003709471282839605,-0.003709471282839605
2018-10-08,-0.017688736467760147,0.017688736467760147
2018-10-09,0.009494668015942453,-0.009494668015942453
2018-10-10,0.0025496950394370277,-0.0025496950394370277
2018-10-11,0.009062478940904395,-0.009062478940904395
2018-10-12,-0.009799812587118928,0.009799812587118928
2018-10-15,-0.005742459472545258,0.005742459472545258
2018-10-16,-0.0024858108915497557,0.0024858108915497557
2018-10-17,-0.0036137070135631166,0.0036137070135631166
2018-10-18,0.006053198821420525,-0.006053198821420525
2018-10-19,0.01457141678583218,-0.01457141678583218
2018-10-22,0.007298656898851563,-0.007298656898851563
2018-10-23,0.005824673931334345,-0.005824673931334345
2018-10-24,-0.005338609093604951,0.005338609093604951
2018-10-25,0.015998752493825652,-0.015998752493825652
2018-10-26,-0.005908939479040476,0.005908939479040476
2018-10-29,-0.005747372885487878,0.005747372885487878
2018-10-30,0.035266225086786784,-0.035266225086786784
2018-10-31,0.00043382338603858983,-0.00043382338603858983
2018-11-01,0.012635604906457987,-0.012635604906457987
2018-11-02,-0.0075456123289566746,0.0075456123289566746
2018-11-05,-0.00750431149065478,0.00750431149065478
2018-11-06,-0.007091232563470662,0.007091232563470662
2018-11-07,-0.008153601624442008,0.008153601624442008
2018-11-08,0.007804443969541497,-0.007804443969541497
2018-11-09,0.015301891396830136,-0.015301891396830136
2018-11-12,-0.0031342518247191586,0.0031342518247191586
2018-11-13,0.012522623616465056,0.012522623616465056
2018-11-14,0.005045011409237965,0.005045011409237965
2018-11-15,-0.0032655845598701383,-0.0032655845598701383
2018-11-16,-0.006970077601949787,-0.006970077601949787
2018-11-19,-0.00526950241562818,-0.00526950241562818
2018-11-20,0.011320842631783012,0.011320842631783012
2018-11-21,-2.4628590553521512e-05,-2.4628590553521512e-05
2018-11-22,-0.006068521797729098,-0.006068521797729098
2018-11-23,0.002356320642391996,0.002356320642391996
2018-11-26,0.005554025486460112,0.005554025486460112
2018-11-27,0.009287343411097604,0.009287343411097604
2018-11-28,-0.006715643098148316,-0.006715643098148316
2018-11-29,-0.00888766966841692,-0.00888766966841692
2018-11-30,-0.0024070473756033772,-0.0024070473756033772
2018-12-03,-0.003169389321759919,-0.003169389321759919
2018-12-04,0.008603395284376703,0.008603395284376703
2018-12-05,0.008126667123786513,0.008126667123786513
2018-12-06,0.00042930558658316187,0.00042930558658316187
2018-12-07,-0.008513697146528942,-0.008513697146528942
2018-12-10,-0.0029212069569413135,-0.0029212069569413135
2018-12-11,0.002017306519955797,0.002017306519955797
2018-12-12,-0.0066837148903812205,-0.0066837148903812205
2018-12-13,-0.006314311977334119,-0.006314311977334119
2018-12-14,0.011011349693630823,0.011011349693630823
2018-12-17,-0.006540760784940258,-0.006540760784940258
2018-12-18,-0.0034955256608613094,-0.0034955256608613094
2018-12-19,-0.0006706706697193754,-0.0006706706697193754
2018-12-20,0.0014439034521873673,0.0014439034521873673
2018-12-21,-0.010806397346205032,-0.010806397346205032
2018-12-24,0.002648456559811496,0.002648456559811496
2018-12-25,-0.003030575473268904,-0.003030575473268904
2018-12-26,0.004900711822413806,0.004900711822413806
2018-12-27,-0.0032283350335132743,-0.0032283350335132743
2018-12-28,-0.010601527274972544,-0.010601527274972544
2018-12-31,-0.0018813390048071366,-0.0018813390048071366
2019-01-01,-0.0005940873598715424,-0.0005940873598715424
2019-01-02,-0.00027502223930275793,-0.00027502223930275793
2019-01-03,-0.0010494727274105164,-0.0010494727274105164
2019-01-04,-0.00016322826996906237,-0.00016322826996906237
2019-01-07,-0.011354486552581533,-0.011354486552581533
2019-01-08,-0.0008915832767318888,-0.0008915832767318888
2019-01-09,-0.001896255928754642,-0.001896255928754642
2019-01-10,-0.006312105351557684,-0.006312105351557684
2019-01-11,-0.00391283591919811,-0.00391283591919811
2019-01-14,0.00042602095727994893,0.00042602095727994893
2019-01-15,-0.008636878959919048,-0.008636878959919048
2019-01-16,-0.0001096743536225242,-0.0001096743536225242
2019-01-17,-0.004766079460797434,-0.004766079460797434
2019-01-18,0.006053660855585896,0.006053660855585896
2019-01-21,0.00491170853474121,0.00491170853474121
2019-01-22,0.0030646556306690442,0.0030646556306690442
2019-01-23,0.0002715505386332584,0.0002715505386332584
2019-01-24,-0.006782439015063035,-0.006782439015063035
2019-01-25,-0.00048359274011289255,-0.00048359274011289255
2019-01-28,-0.0012859578399639915,-0.0012859578399639915
2019-01-29,0.002564680513309714,0.002564680513309714
2019-01-30,0.0028002760000116478,0.0028002760000116478
2019-01-31,0.0007553119863117352,0.0007553119863117352
2019-02-01,-0.0006375372890927711,-0.0006375372890927711
2019-02-04,-0.0003194714874694693,-0.0003194714874694693
2019-02-05,0.0004243993130865764,0.0004243993130865764
2019-02-06,-0.0037025043221021736,-0.0037025043221021736
2019-02-07,0.0044573710443827075,0.0044573710443827075
2019-02-08,-0.0018325686983691192,-0.0018325686983691192
2019-02-11,-9.489654576577689e-05,-9.489654576577689e-05
2019-02-12,0.011326862621463318,0.011326862621463318
2019-02-13,-0.0023693034000789037,-0.0023693034000789037
2019-02-14,0.008891616248131395,0.008891616248131395
2019-02-15,-0.008001535012008731,-0.008001535012008731
2019-02-18,0.0001386553344322472,0.0001386553344322472
2019-02-19,-0.0009308424649143721,-0.0009308424649143721
2019-02-20,-0.005305789614588385,-0.005305789614588385
2019-02-21,0.004026426719920595,0.004026426719920595
2019-02-22,0.0029154843022767274,0.0029154843022767274
2019-02-25,-0.0075542055838005995,-0.0075542055838005995
2019-02-26,-0.00039725213994168396,-0.00039725213994168396
2019-02-27,0.0033476606425733024,0.0033476606425733024
2019-02-28,-0.001069645674775077,-0.001069645674775077
2019-03-01,0.0051245497482412805,0.0051245497482412805
2019-03-04,0.00012981223664998431,0.00012981223664998431
2019-03-05,0.0014648760909470315,0.0014648760909470315
2019-03-06,-0.0018669721310540233,-0.0018669721310540233
2019-03-07,0.004766935303033959,0.004766935303033959
2019-03-08,0.010522395614671165,0.010522395614671165
2019-03-11,-0.0035595492395207318,-0.0035595492395207318
2019-03-12,-0.0047184440471127465,-0.0047184440471127465
2019-03-13,-0.003139001102629102,-0.003139001102629102
2019-03-14,-0.0020873835695334186,-0.0020873835695334186
2019-03-15,0.000443168179852238,0.000443168179852238
2019-03-18,-0.0049329790085494984,-0.0049329790085494984
2019-03-19,-0.007655953767697454,-0.007655953767697454
2019-03-20,-0.003247212424823842,-0.003247212424823842
2019-03-21,-0.01029242298205324,-0.01029242298205324
2019-03-22,0.0027129419475675487,0.0027129419475675487
2019-03-25,0.014145848319342624,0.014145848319342624
2019-03-26,-0.005285937922481443,-0.005285937922481443
2019-03-27,0.003812671075446916,0.003812671075446916
2019-03-28,0.01444613137414108,0.01444613137414108
2019-03-29,-0.0009579172426482652,-0.0009579172426482652
2019-04-01,-0.000821985960278715,-0.000821985960278715
2019-04-02,-0.008800028260818937,-0.008800028260818937
2019-04-03,0.0029646616905878442,0.0029646616905878442
2019-04-04,8.168920167017646e-05,8.168920167017646e-05
2019-04-05,-0.0036878222762846136,-0.0036878222762846136
2019-04-08,-0.00446543620286699,-0.00446543620286699
2019-04-09,-0.004060594313706978,-0.004060594313706978
2019-04-10,-0.0036915387885358975,-0.0036915387885358975
2019-04-11,-0.0056794431868615325,-0.0056794431868615325
2019-04-12,0.0005583181287569516,0.0005583181287569516
2019-04-15,-0.0031525091290586227,-0.0031525091290586227
2019-04-16,0.00542291761529512,0.00542291761529512
2019-04-17,0.0003446704771228326,0.0003446704771228326
2019-04-18,-0.003381823663322847,-0.003381823663322847
2019-04-19,-0.0007924799214580336,-0.0007924799214580336
2019-04-22,-0.0010326044525952316,-0.0010326044525952316
2019-04-23,0.0031116865589124743,0.0031116865589124743
2019-04-24,0.004106056372360722,0.004106056372360722
2019-04-25,0.008723289057844363,0.008723289057844363
2019-04-26,-0.002392450507292976,-0.002392450507292976
2019-04-29,-0.00494567379127786,-0.00494567379127786
2019-04-30,0.0036875110716021453,0.0036875110716021453
2019-05-01,-0.003171284395278917,-0.003171284395278917
2019-05-02,0.0023523913931300378,0.0023523913931300378
2019-05-03,0.006874621824962457,0.006874621824962457
2019-05-06,-0.0028932759102273664,-0.0028932759102273664
2019-05-07,-0.0034264000541242012,-0.0034264000541242012
2019-05-08,0.0024925704929463777,0.0024925704929463777
2019-05-09,0.0016155414142393631,0.0016155414142393631
2019-05-10,0.008118186066984334,0.008118186066984334
2019-05-13,-0.005337654092990141,-0.005337654092990141
2019-05-14,0.004382147171323236,0.004382147171323236
2019-05-15,-0.0032956822957103116,-0.0032956822957103116
2019-05-16,-0.004314784158666374,-0.004314784158666374
2019-05-17,0.0020145398704678463,0.0020145398704678463
2019-05-20,0.001644083610884195,0.001644083610884195
2019-05-21,-0.004406505160946095,-0.004406505160946095
2019-05-23,-0.0033340520243503313,-0.0033340520243503313
2019-05-24,0.002528622588961582,0.002528622588961582
2019-05-27,0.0006468476450296468,0.0006468476450296468
2019-05-28,0.0005193270803081074,0.0005193270803081074
2019-05-29,0.006834140550365131,0.006834140550365131
2019-05-30,-0.0024880867831624798,-0.0024880867831624798
2019-05-31,0.020357930618111864,0.020357930618111864
2019-06-03,0.004597164879770466,0.004597164879770466
2019-06-04,0.009610646021647185,0.009610646021647185
2019-06-05,-0.011940414372532349,-0.011940414372532349
2019-06-06,0.009321388309297518,0.009321388309297518
2019-06-07,-0.003795624808654141,-0.003795624808654141
2019-06-10,-0.020086109641028194,-0.020086109641028194
2019-06-11,-0.003872652419650957,-0.003872652419650957
2019-06-12,-0.005120643199981845,-0.005120643199981845
2019-06-13,0.00281059416503715,0.00281059416503715
2019-06-14,0.0011117689121418195,0.0011117689121418195
2019-06-17,-0.0025911803016201995,-0.0025911803016201995
2019-06-18,0.0018190767373025274,0.0018190767373025274
2019-06-19,-0.0022623031705184538,-0.0022623031705184538
2019-06-20,-0.006036779230064293,-0.006036779230064293
2019-06-21,-0.0009733725411806837,-0.0009733725411806837
2019-06-24,0.005801829955486504,0.005801829955486504
2019-06-25,0.005017569933448263,0.005017569933448263
2019-06-26,0.0012034393862430104,0.0012034393862430104
2019-06-27,-0.0042304471709201374,-0.0042304471709201374
2019-06-28,0.001889039345800203,0.001889039345800203
2019-07-01,-0.00186985896969738,-0.00186985896969738
2019-07-02,-0.0019386445076539083,-0.0019386445076539083
2019-07-03,-0.0029266471789864967,-0.0029266471789864967
2019-07-04,-0.0021109633382245807,-0.0021109633382245807
2019-07-05,2.107700695308523e-06,2.107700695308523e-06
2019-07-08,-0.0004704177303423984,-0.0004704177303423984
2019-07-09,-0.003243463719215911,-0.003243463719215911
2019-07-10,0.011998391779093787,0.011998391779093787
2019-07-11,-0.001667994113641158,-0.001667994113641158
2019-07-12,-0.0031999703255899403,-0.0031999703255899403
2019-07-15,-0.004179858035875839,-0.004179858035875839
2019-07-16,-0.0011371209103074875,-0.0011371209103074875
2019-07-17,0.006516925481860447,0.006516925481860447
2019-07-18,-0.0016605971275466258,-0.0016605971275466258
2019-07-19,-0.005310139445955264,-0.005310139445955264
2019-07-22,0.0029488558443349078,0.0029488558443349078
2019-07-23,0.0013990660988005832,0.0013990660988005832
2019-07-24,0.006785998510923319,0.006785998510923319
2019-07-25,-0.005738643362897533,-0.005738643362897533
2019-07-26,-0.0016895364233108223,-0.0016895364233108223
2019-07-29,0.00025022034628241485,0.00025022034628241485
2019-07-30,0.0008270439772517513,0.0008270439772517513
2019-07-31,0.00045684158832659527,0.00045684158832659527
2019-08-01,0.0042559354780202785,0.0042559354780202785
2019-08-02,0.0038565590857484455,0.0038565590857484455
2019-08-05,0.006669857114914635,0.006669857114914635
2019-08-06,0.017678236914491885,0.017678236914491885
2019-08-07,-0.004290112224629494,-0.004290112224629494
2019-08-08,0.001859083604157652,0.001859083604157652
2019-08-09,-0.010424095881279904,-0.010424095881279904
2019-08-12,-0.0001055402857579324,-0.0001055402857579324
2019-08-13,0.00817989183482637,0.00817989183482637
2019-08-14,-0.010506219469224476,-0.010506219469224476
2019-08-15,0.014238229944150804,0.014238229944150804
2019-08-16,-0.002852193105632783,-0.002852193105632783
2019-08-19,0.0012092091421855855,0.0012092091421855855
2019-08-20,0.012781432182940922,0.012781432182940922
2019-08-21,-0.0061691710748627004,-0.0061691710748627004
2019-08-22,-0.003979642586395826,-0.003979642586395826
2019-08-23,0.0064965757817652126,0.0064965757817652126
2019-08-26,0.010333458725746647,0.010333458725746647
2019-08-27,-0.003419236473177878,-0.003419236473177878
2019-08-28,0.0019111851883530928,0.0019111851883530928
2019-08-29,0.00828074214899388,0.00828074214899388
2019-08-30,-0.0009235857782186052,-0.0009235857782186052
2019-09-02,-0.0013419161873048369,-0.0013419161873048369
2019-09-03,0.0015254005291724937,0.0015254005291724937
2019-09-04,-0.008136947673625161,0.008136947673625161
2019-09-05,-0.013777053469346656,0.013777053469346656
2019-09-06,0.0010159891855188175,-0.0010159891855188175
2019-09-09,-0.008350899417720381,0.008350899417720381
2019-09-10,0.0007348818005725732,-0.0007348818005725732
2019-09-11,-0.0032471402206284417,0.0032471402206284417
2019-09-12,0.00037957136910482525,-0.00037957136910482525
2019-09-13,-0.003636007586981904,0.003636007586981904
2019-09-16,-0.0015646768266924793,0.0015646768266924793
2019-09-17,0.0012526805052137657,-0.0012526805052137657
2019-09-18,-0.003583447634084913,0.003583447634084913
2019-09-19,0.0022683815931123785,-0.0022683815931123785
2019-09-20,0.0016755073550140942,-0.0016755073550140942
2019-09-23,-0.0005301135935261714,0.0005301135935261714
2019-09-24,0.002940449633320519,-0.002940449633320519
2019-09-25,-0.002069232368556606,0.002069232368556606
2019-09-26,0.00675560829621169,-0.00675560829621169
2019-09-27,0.004601148503281527,-0.004601148503281527
2019-09-30,0.001102373435914794,-0.001102373435914794
2019-10-01,0.0028518103466157463,-0.0028518103466157463
2019-10-02,0.0034954041997234953,-0.0034954041997234953
2019-10-03,-0.0010149385118505272,0.0010149385118505272
2019-10-04,-0.00660399560099989,0.00660399560099989
2019-10-07,-0.006729227052624354,0.006729227052624354
2019-10-08,0.002566509951955842,-0.002566509951955842
2019-10-09,0.002774543241708116,-0.002774543241708116
2019-10-10,-0.002053501044827599,0.002053501044827599
2019-10-11,-0.007669168128796255,0.007669168128796255
2019-10-14,-0.006514135305582869,0.006514135305582869
2019-10-15,-0.0020069139548978265,0.0020069139548978265
2019-10-16,-0.002008376185785754,0.002008376185785754
2019-10-17,-0.0018589821727943434,0.0018589821727943434
2019-10-18,-0.0007866922319283987,0.0007866922319283987
2019-10-21,-0.0032377530880624006,0.0032377530880624006
2019-10-22,0.00021440299242336813,-0.00021440299242336813
2019-10-23,0.0009878976552393226,-0.0009878976552393226
2019-10-24,-0.0020422044966763586,0.0020422044966763586
2019-10-25,0.0008533421736360847,-0.0008533421736360847
2019-10-28,-0.004111326365425438,0.004111326365425438
2019-10-29,0.0037238742999077257,-0.0037238742999077257
2019-10-30,-0.00015699779494449118,0.00015699779494449118
2019-10-31,-0.0007473789329980329,0.0007473789329980329
2019-11-01,0.007640515079185839,-0.007640515079185839
2019-11-04,-0.007994311701619683,0.007994311701619683
2019-11-05,0.0043437780955415395,-0.0043437780955415395
2019-11-06,0.0009860192049355732,-0.0009860192049355732
2019-11-07,-0.0018815220655606923,0.0018815220655606923
2019-11-08,-0.0015195485635052242,0.0015195485635052242
2019-11-11,-0.000632704004149498,0.000632704004149498
2019-11-12,0.00010460248957921969,-0.00010460248957921969
2019-11-13,0.009795178209827782,-0.009795178209827782
2019-11-14,0.0034468012054069685,-0.0034468012054069685
2019-11-15,-0.0027120191250781245,0.0027120191250781245
2019-11-18,-0.00589773240944047,0.00589773240944047
2019-11-19,0.006166585533047941,-0.006166585533047941
2019-11-20,0.002140549978865147,-0.002140549978865147
2019-11-21,0.0057421830739596835,-0.0057421830739596835
2019-11-22,-0.004255304558408168,0.004255304558408168
2019-11-25,-0.0021587335193898882,0.0021587335193898882
2019-11-26,0.005177103415174633,-0.005177103415174633
2019-11-27,0.0031961207114292733,-0.0031961207114292733
2019-11-28,0.0024272929216031525,-0.0024272929216031525
2019-11-29,-0.003231967794833257,0.003231967794833257
2019-12-02,0.002283070393545028,-0.002283070393545028
2019-12-03,0.0019476758717433817,-0.0019476758717433817
2019-12-04,-0.001251654947038272,0.001251654947038272
2019-12-05,-0.0060563528140893386,0.0060563528140893386
2019-12-06,-0.0035046895246946264,0.0035046895246946264
2019-12-09,-0.0055906402309977565,0.0055906402309977565
2019-12-10,-0.0012853844771597567,0.0012853844771597567
2019-12-11,0.0010349077539526519,0.0010349077539526519
2019-12-12,-0.007719599876819361,-0.007719599876819361
2019-12-13,-0.006245592676758727,-0.006245592676758727
2019-12-16,0.0027499903286112293,0.0027499903286112293
2019-12-17,-0.005149205819225844,-0.005149205819225844
2019-12-18,-0.0009843859050604475,-0.0009843859050604475
2019-12-19,0.0030633446807721842,0.0030633446807721842
2019-12-20,-0.003504503686790117,-0.003504503686790117
2019-12-23,0.0017081305764652388,0.0017081305764652388
2019-12-24,-0.00035898792994970563,-0.00035898792994970563
2019-12-25,0.0014893527646608895,-0.0014893527646608895
2019-12-26,-0.0005589465853462761,0.0005589465853462761
2019-12-27,-0.0012453253752204851,0.0012453253752204851
2019-12-30,-0.005314699689691227,0.005314699689691227
2019-12-31,0.004769511273252203,-0.004769511273252203
2020-01-01,-1.5829288882773795e-05,1.5829288882773795e-05
2020-01-02,-0.0009832462977530376,0.0009832462977530376
2020-01-03,-0.0036245962270046173,0.0036245962270046173
2020-01-06,0.006078500886300242,-0.006078500886300242
2020-01-07,-0.005453203671579532,0.005453203671579532
2020-01-08,0.006514855827078669,0.006514855827078669
2020-01-09,-0.007920181053399755,-0.007920181053399755
2020-01-10,0.001105641814631353,0.001105641814631353
2020-01-13,-0.0019740026694049506,-0.0019740026694049506
2020-01-14,-0.00040008657211854093,-0.00040008657211854093
2020-01-15,0.000196925845441287,0.000196925845441287
2020-01-16,-0.0005906612198636196,-0.0005906612198636196
2020-01-17,-0.0010487894240431839,-0.0010487894240431839
2020-01-20,-0.005686771541867142,-0.005686771541867142
2020-01-21,-0.00013934790089720206,-0.00013934790089720206
2020-01-22,0.005666411483703726,-0.005666411483703726
2020-01-23,-0.0031444807941330977,0.0031444807941330977
2020-01-24,0.0026090324130969567,-0.0026090324130969567
2020-01-27,0.006042839757269158,-0.006042839757269158
2020-01-28,0.0015640006625288194,-0.0015640006625288194
2020-01-29,-0.008889989135624332,0.008889989135624332
2020-01-30,-0.0022511420478883437,0.0022511420478883437
2020-01-31,0.00529388558869015,-0.00529388558869015
2020-02-03,0.004558348773600729,-0.004558348773600729
2020-02-04,-0.0027567292582105773,0.0027567292582105773
2020-02-05,-0.00760642260205735,0.00760642260205735
2020-02-06,-0.004482215125690914,0.004482215125690914
2020-02-07,0.002802902253157935,-0.002802902253157935
2020-02-10,0.008613291220908037,-0.008613291220908037
2020-02-11,-0.0051887311683522785,0.0051887311683522785
2020-02-12,-0.003245492040722442,0.003245492040722442
2020-02-13,-8.584194216831875e-05,8.584194216831875e-05
2020-02-14,-0.0024301801566735115,0.0024301801566735115
2020-02-17,-0.002801874371486157,0.002801874371486157
2020-02-18,0.00037749931288955096,-0.00037749931288955096
2020-02-19,0.002099728734912709,-0.002099728734912709
2020-02-20,-0.0020898909630582274,0.0020898909630582274
2020-02-21,0.016026885758660514,-0.016026885758660514
2020-02-24,0.008505620522299084,-0.008505620522299084
2020-02-25,0.0015199416708460145,-0.0015199416708460145
2020-02-26,0.0012291771056045508,-0.0012291771056045508
2020-02-27,0.011889807282729592,-0.011889807282729592
2020-02-28,0.008936243731669125,-0.008936243731669125
2020-03-02,0.01871270867264241,-0.01871270867264241
2020-03-03,-0.0210914775147496,0.0210914775147496
2020-03-04,0.0013707747019822136,0.0013707747019822136
2020-03-05,0.0044051903486097554,0.0044051903486097554
2020-03-06,0.015232734797316017,0.015232734797316017
2020-03-09,0.06273183677535887,0.06273183677535887
2020-03-10,-0.011647710932642052,-0.011647710932642052
2020-03-11,-0.0010969058438898838,-0.0010969058438898838
2020-03-12,0.030169180925633032,0.030169180925633032
2020-03-13,0.025709032738755244,0.025709032738755244
2020-03-16,-0.007219327647256857,-0.007219327647256857
2020-03-17,0.03633332642411102,0.03633332642411102
2020-03-18,0.015911232170869427,0.015911232170869427
2020-03-19,0.03001312430911307,0.03001312430911307
2020-03-20,0.01674655850540807,0.01674655850540807
2020-03-23,0.02912942419113196,0.02912942419113196
2020-03-24,0.02384165548994721,0.02384165548994721
2020-03-25,-0.0223988227169023,-0.0223988227169023
2020-03-26,-0.03070807701749867,-0.03070807701749867
2020-03-27,-0.032114156975374675,-0.032114156975374675
2020-03-30,0.015384883098347402,0.015384883098347402
2020-03-31,0.010103985605599775,0.010103985605599775
2020-04-01,-0.003440638265928553,-0.003440638265928553
2020-04-02,0.01955837461866672,0.01955837461866672
2020-04-03,0.000816404524543124,0.000816404524543124
2020-04-06,0.04236378602481272,0.04236378602481272
2020-04-07,-0.028485424547416205,-0.028485424547416205
2020-04-08,-0.009404547314795009,-0.009404547314795009
2020-04-09,-0.013454048339612945,-0.013454048339612945
2020-04-10,-0.012845864732807355,-0.012845864732807355
2020-04-13,-0.009697378253498812,-0.009697378253498812
2020-04-14,0.005902687052240729,0.005902687052240729
2020-04-15,-0.00946355555408196,-0.00946355555408196
2020-04-16,0.03754820215120058,0.03754820215120058
2020-04-17,-0.019761381557691138,-0.019761381557691138
2020-04-20,0.011214087802158934,0.011214087802158934
2020-04-21,-0.0006630211090298266,-0.0006630211090298266
2020-04-22,0.014905073919659673,0.014905073919659673
2020-04-23,0.0045426777127566265,0.0045426777127566265
2020-04-24,0.011734425581393815,0.011734425581393815
2020-04-27,0.008852655084154115,0.008852655084154115
2020-04-28,-0.009449337029585614,-0.009449337029585614
2020-04-29,-0.018832579080209078,0.018832579080209078
2020-04-30,-0.022303088378522684,0.022303088378522684
2020-05-01,0.01989299824239854,-0.01989299824239854
2020-05-04,0.025612537333795427,-0.025612537333795427
2020-05-05,-0.029969989458869417,0.029969989458869417
2020-05-06,-0.004844340189939955,0.004844340189939955
2020-05-07,0.01893759719335275,-0.01893759719335275
2020-05-08,-0.01659766167761567,0.01659766167761567
2020-05-11,-0.016524861133585644,0.016524861133585644
2020-05-12,0.012486319624593456,-0.012486319624593456
2020-05-13,0.01852792469126907,-0.01852792469126907
2020-05-14,-0.007288833217532598,0.007288833217532598
2020-05-15,-0.013826359560741297,0.013826359560741297
2020-05-18,0.003467746772278124,-0.003467746772278124
2020-05-19,-0.008469504349349233,0.008469504349349233
2020-05-20,-0.0027786449098845534,0.0027786449098845534
2020-05-21,-0.019854339291252465,0.019854339291252465
2020-05-22,-0.014025103933666627,0.014025103933666627
2020-05-25,-0.009024431800980781,0.009024431800980781
2020-05-26,-0.005219336607825031,0.005219336607825031
2020-05-27,-0.014792304955824065,0.014792304955824065
2020-05-28,0.004474180336842881,-0.004474180336842881
2020-05-29,-0.005041380749486124,0.005041380749486124
2020-06-01,-0.0007477692581515649,0.0007477692581515649
2020-06-02,-0.006306839414289778,0.006306839414289778
2020-06-03,-0.014453947651923538,0.014453947651923538
2020-06-04,-0.00013810932287972033,0.00013810932287972033
2020-06-05,0.008364276114543934,-0.008364276114543934
2020-06-08,-0.019521985452321866,0.019521985452321866
2020-06-09,-8.846231185766218e-05,8.846231185766218e-05
2020-06-10,0.019300080404788256,0.019300080404788256
2020-06-25,0.017916211996510834,0.017916211996510834
2020-06-26,-0.004865227678059525,-0.004865227678059525
2020-06-29,0.01654811721287275,0.01654811721287275
2020-06-30,8.10768125858452e-05,8.10768125858452e-05
2020-07-01,-0.0022583852479297617,-0.0022583852479297617
2020-07-02,-0.012732295535115123,-0.012732295535115123
2020-07-03,-0.01029341455104582,-0.01029341455104582
2020-07-06,-0.004109343427422196,-0.004109343427422196
2020-07-07,-0.003325800373759513,-0.003325800373759513
2020-07-08,0.02159020089096808,0.02159020089096808
2020-07-09,-0.005304294858743619,-0.005304294858743619
2020-07-10,-0.0030522725974468923,-0.0030522725974468923
2020-07-13,-0.005052542253882408,-0.005052542253882408
2020-07-14,0.00984512990994868,0.00984512990994868
2020-07-15,-0.013817858449469034,-0.013817858449469034
2020-07-16,-0.0034738681483508227,-0.0034738681483508227
2020-07-17,0.00418855765118753,0.00418855765118753
2020-07-20,0.0036047973753583484,0.0036047973753583484
2020-07-21,-0.0001746868272225477,-0.0001746868272225477
2020-07-22,-0.008526121770188633,-0.008526121770188633
2020-07-23,0.0032906057299670888,0.0032906057299670888
2020-07-24,0.004829213025599799,0.004829213025599799
2020-07-27,-0.008497120631892008,-0.008497120631892008
2020-07-28,-0.01575347764707169,-0.01575347764707169
2020-07-29,-0.00012312150579685266,-0.00012312150579685266
2020-07-30,0.0017826989157190276,0.0017826989157190276
2020-07-31,0.0010421949184014068,0.0010421949184014068
2020-08-03,0.012057051364542382,0.012057051364542382
2020-08-04,0.016401214466841507,0.016401214466841507
2020-08-05,0.00011936893286956796,0.00011936893286956796
2020-08-06,-0.011346871267795433,-0.011346871267795433
2020-08-07,0.0013950674480112113,0.0013950674480112113
2020-08-10,7.900867946109003e-05,7.900867946109003e-05
2020-08-11,0.0023424052479412705,0.0023424052479412705
2020-08-12,-0.0020349944300945833,-0.0020349944300945833
2020-08-13,-0.0031456946315362444,-0.0031456946315362444
2020-08-14,-0.00837031055745785,-0.00837031055745785
2020-08-17,-0.009948580390363393,-0.009948580390363393
2020-08-18,0.009515133348307891,0.009515133348307891
2020-08-19,-0.0004922951289916266,-0.0004922951289916266
2020-08-20,0.001965065596269966,0.001965065596269966
2020-08-21,-0.0039003177023588798,-0.0039003177023588798
2020-08-24,-0.0058235168705401685,-0.0058235168705401685
2020-08-25,0.0006070428259203897,0.0006070428259203897
2020-08-26,-0.003563485987198134,-0.003563485987198134
2020-08-27,0.0016520418624133004,0.0016520418624133004
2020-08-28,0.009212137109356977,0.009212137109356977
2020-08-31,-0.017304529277541336,-0.017304529277541336
2020-09-01,0.007478156154599347,0.007478156154599347
2020-09-02,-0.007632597747640801,-0.007632597747640801
2020-09-03,-0.0008461686899164933,-0.0008461686899164933
2020-09-04,-0.0012979370920572775,-0.0012979370920572775
2020-09-07,-0.006716994386960717,-0.006716994386960717
2020-09-08,0.0019139017657860968,0.0019139017657860968
2020-09-09,0.012883979091257602,0.012883979091257602
2020-09-10,-0.02219325713909992,-0.02219325713909992
2020-09-11,0.002321512801228831,0.002321512801228831
2020-09-14,-0.007890664079954646,-0.007890664079954646
2020-09-15,-0.009530958597956385,-0.009530958597956385
2020-09-16,0.003664878610346811,0.003664878610346811
2020-09-17,-0.0077021988458294555,-0.0077021988458294555
2020-09-18,-0.004121238040636355,-0.004121238040636355
2020-09-21,0.010484953521118445,0.010484953521118445
2020-09-22,0.011040288411170884,0.011040288411170884
2020-09-23,0.015444502259570614,0.015444502259570614
2020-09-24,0.033029617166270064,0.033029617166270064
2020-09-25,-0.011253070742373805,-0.011253070742373805
2020-09-28,0.007720998804333856,0.007720998804333856
2020-09-29,0.0017808692916321256,0.0017808692916321256
2020-09-30,0.0010917983693432554,0.0010917983693432554
2020-10-01,-0.013046712584775078,-0.013046712584775078
2020-10-02,-0.010727022044692003,-0.010727022044692003
2020-10-05,-0.011432096415502357,-0.011432096415502357
2020-10-06,-0.010731585473554572,-0.010731585473554572
2020-10-07,0.015212094178686408,0.015212094178686408
2020-10-08,-0.010993521257239625,-0.010993521257239625
2020-10-09,-0.0043791175660617965,-0.0043791175660617965
2020-10-12,-0.009705959634625616,-0.009705959634625616
2020-10-13,0.002378888364596099,0.002378888364596099
2020-10-14,0.00634847141919237,0.00634847141919237
2020-10-15,-0.00034269453569857333,-0.00034269453569857333
2020-10-16,-0.0019727118773675834,-0.0019727118773675834
2020-10-19,-0.00917582385085114,-0.00917582385085114
2020-10-20,0.005616733165379362,0.005616733165379362
2020-10-21,-0.005406204156652383,-0.005406204156652383
2020-10-22,0.0026866880129550186,0.0026866880129550186
2020-10-23,-0.009223409017859119,-0.009223409017859119
2020-10-26,-0.002470226749666571,-0.002470226749666571
2020-10-27,0.0029351491363456272,0.0029351491363456272
2020-10-28,0.002647878312782126,0.002647878312782126
2020-10-29,0.010290497412607236,-0.010290497412607236
2020-10-30,0.00518000964650156,-0.00518000964650156
2020-11-02,-0.0033332314679639374,0.0033332314679639374
2020-11-03,0.004582954954299057,-0.004582954954299057
2020-11-04,-0.01573280707095015,0.01573280707095015
2020-11-05,-0.004816040229327467,0.004816040229327467
2020-11-06,-0.008545731439262627,0.008545731439262627
2020-11-09,-0.011329037499103967,0.011329037499103967
2020-11-10,-0.009018384305213512,0.009018384305213512
2020-11-11,-0.0006491548980570583,0.0006491548980570583
2020-11-12,0.006997331583359134,-0.006997331583359134
2020-11-13,0.006789890044790914,-0.006789890044790914
2020-11-16,-0.01254707792613563,0.01254707792613563
2020-11-17,-0.004167626447018291,0.004167626447018291
2020-11-18,0.0009644090325700017,-0.0009644090325700017
2020-11-19,0.0016366178020112976,-0.0016366178020112976
2020-11-20,-0.0039029290419048124,0.0039029290419048124
2020-11-23,-0.007249440499828008,0.007249440499828008
2020-11-24,0.0007382806142419707,-0.0007382806142419707
2020-11-25,-0.0038021630323404887,0.0038021630323404887
2020-11-26,-0.0033717721710688764,0.0033717721710688764
2020-11-27,0.0035826341588354182,-0.0035826341588354182
2020-11-30,0.0004478613833307499,-0.0004478613833307499
2020-12-01,0.006164736924266112,-0.006164736924266112
2020-12-02,-0.00658929084143256,0.00658929084143256
2020-12-03,-0.0018149036366924554,0.0018149036366924554
2020-12-04,-0.004661710445034384,0.004661710445034384
2020-12-07,-0.005939952335455301,0.005939952335455301
2020-12-08,0.005561886814320793,-0.005561886814320793
2020-12-09,-0.00578254674658385,0.00578254674658385
2020-12-10,0.0050627300336727465,0.0050627300336727465
2020-12-11,0.005764714473758259,0.005764714473758259
2020-12-14,0.00435707522380735,0.00435707522380735
2020-12-15,0.0074927682859056155,0.0074927682859056155
2020-12-16,-0.014828734318282244,-0.014828734318282244
2020-12-17,-0.0028622270069039724,-0.0028622270069039724
2020-12-18,-0.002503106806870603,-0.002503106806870603
2020-12-21,0.013744668464493737,0.013744668464493737
2020-12-22,-0.005550919163642143,-0.005550919163642143
2020-12-23,0.006075292274648536,0.006075292274648536
2020-12-24,-0.0027307880196744128,0.0027307880196744128
2020-12-25,-0.009022967258969783,0.009022967258969783
2020-12-28,8.457691478391816e-05,-8.457691478391816e-05
2020-12-29,0.006873285026496534,-0.006873285026496534
2020-12-30,-0.0035614327607005336,0.0035614327607005336
2020-12-31,-0.0022121800311356576,0.0022121800311356576
2021-01-01,-0.000824466656949796,0.000824466656949796
2021-01-04,-0.001358546221185808,0.001358546221185808
2021-01-05,0.0047839638755518,-0.0047839638755518
2021-01-06,-0.002018251103453106,0.002018251103453106
2021-01-07,-0.012382115648256753,0.012382115648256753
2021-01-08,0.017518003385447622,-0.017518003385447622
2021-01-11,0.0025194996820465665,-0.0025194996820465665
2021-01-12,0.0005940698981976578,-0.0005940698981976578
2021-01-13,-0.01335687793554885,0.01335687793554885
2021-01-14,0.0021177527577134203,-0.0021177527577134203
2021-01-15,-0.005696560371385995,0.005696560371385995
2021-01-18,0.006092711568521869,-0.006092711568521869
2021-01-19,-0.007451758356795346,0.007451758356795346
2021-01-20,-0.0030286088977806713,0.0030286088977806713
2021-01-21,-0.0025967178566436155,0.0025967178566436155
2021-01-22,0.0077635913490463615,-0.0077635913490463615
2021-01-25,0.010428102154793839,-0.010428102154793839
2021-01-26,0.008137674229636627,-0.008137674229636627
2021-01-27,-0.005812881804483694,0.005812881804483694
2021-01-28,0.017171509746626512,-0.017171509746626512
2021-01-29,-0.0038993104510619547,0.0038993104510619547
2021-02-01,0.012494335097756437,-0.012494335097756437
2021-02-02,-0.006687485820660366,0.006687485820660366
2021-02-03,-0.011315709975163846,0.011315709975163846
2021-02-04,0.0029497220292131754,-0.0029497220292131754
2021-02-05,0.00941270951877149,-0.00941270951877149
2021-02-08,-0.01352813736374825,0.01352813736374825
2021-02-09,-0.0004136887148905588,0.0004136887148905588
2021-02-10,-0.0009559955513378515,0.0009559955513378515
2021-02-11,-0.0027166909059896938,0.0027166909059896938
2021-02-12,-0.0031458561166261,0.0031458561166261
2021-02-15,-0.0014780168399537441,0.0014780168399537441
2021-02-16,0.000628551206689254,-0.000628551206689254
2021-02-17,0.013847071553130474,-0.013847071553130474
2021-02-18,-0.0006427758258952254,0.0006427758258952254
2021-02-19,0.004734178639020703,-0.004734178639020703
2021-02-22,0.00882500367931538,-0.00882500367931538
2021-02-23,0.012426121770463316,-0.012426121770463316
2021-02-24,-0.011028803572149415,0.011028803572149415
2021-02-25,-0.006615706144412314,0.006615706144412314
2021-02-26,0.026172930564382524,-0.026172930564382524
2021-03-01,-0.0058022495711614885,0.0058022495711614885
2021-03-02,-0.0065196158213943756,0.0065196158213943756
2021-03-03,-0.0024508110883525447,0.0024508110883525447
2021-03-04,0.0171175642265069,0.0171175642265069
2021-03-05,0.008461433652615868,0.008461433652615868
2021-03-08,0.005767693174535404,0.005767693174535404
2021-03-09,0.01115911046932494,0.01115911046932494
2021-03-10,-0.01412916196873426,-0.01412916196873426
2021-03-11,-0.013530687249055817,-0.013530687249055817
2021-03-12,-0.013736444484311217,-0.013736444484311217
2021-03-15,0.00468496271857366,0.00468496271857366
2021-03-16,-0.0021673599732126014,-0.0021673599732126014
2021-03-17,-0.0032608240216374096,-0.0032608240216374096
2021-03-18,-0.011482443555840827,0.011482443555840827
2021-03-19,0.005948600762311074,-0.005948600762311074
2021-03-22,0.008636092884718671,-0.008636092884718671
2021-03-23,-0.004133967122129323,0.004133967122129323
2021-03-24,0.011300930805576481,-0.011300930805576481
2021-03-25,0.003608651597374557,-0.003608651597374557
2021-03-26,-0.009575743471420317,0.009575743471420317
2021-03-29,-0.0024415651100013758,0.0024415651100013758
2021-03-30,-0.001218963394860162,0.001218963394860162
2021-03-31,-0.0015227408743375692,0.0015227408743375692
2021-04-01,-0.007139394220296191,0.007139394220296191
2021-04-02,-0.006740902489204337,0.006740902489204337
2021-04-05,0.0006815789998093624,-0.0006815789998093624
2021-04-06,2.517428732118354e-05,-2.517428732118354e-05
2021-04-07,-0.006464744532972855,0.006464744532972855
2021-04-08,0.00182609298259373,-0.00182609298259373
2021-04-09,-0.005559266409740138,0.005559266409740138
2021-04-12,0.003058371837394658,-0.003058371837394658
2021-04-13,-0.0007926310478444387,0.0007926310478444387
2021-04-14,-0.003818971256214665,0.003818971256214665
2021-04-15,0.0009248989820407338,-0.0009248989820407338
2021-04-16,-0.007475823482937849,0.007475823482937849
2021-04-19,-0.0008827846282005725,0.0008827846282005725
2021-04-20,-0.005264041897835914,0.005264041897835914
2021-04-21,0.006740403355655955,-0.006740403355655955
2021-04-22,-0.0030280246468412653,0.0030280246468412653
2021-04-23,0.002333232882288261,-0.002333232882288261
2021-04-26,-0.004036597591744018,0.004036597591744018
2021-04-27,0.0003053289020611416,-0.0003053289020611416
2021-04-28,0.008761935935847065,-0.008761935935847065
2021-04-29,-0.007035041529672159,-0.007035041529672159
2021-04-30,0.006667584622978895,0.006667584622978895
2021-05-03,0.008564652093156155,0.008564652093156155
2021-05-04,-0.0003961876828413313,-0.0003961876828413313
2021-05-05,0.0003021478859899229,0.0003021478859899229
2021-05-06,0.0028360075293138998,0.0028360075293138998
2021-05-07,-0.008200466308043053,-0.008200466308043053
2021-05-10,-0.009594148433622052,-0.009594148433622052
2021-05-11,0.0010330464601475686,0.0010330464601475686
2021-05-12,0.002548054759135443,0.002548054759135443
2021-05-13,0.008931735367411653,0.008931735367411653
2021-05-14,-0.009512501125687911,-0.009512501125687911
2021-05-17,-0.0040099409594202,-0.0040099409594202
2021-05-18,-0.005490596297955896,-0.005490596297955896
2021-05-19,0.004381304888166904,0.004381304888166904
2021-05-20,0.004288677547243047,0.004288677547243047
2021-05-21,-0.002217473333911979,-0.002217473333911979
2021-05-24,0.0024410549108848656,0.0024410549108848656
2021-05-25,-0.003177391794995321,-0.003177391794995321
2021-05-26,0.001600046066585481,0.001600046066585481
2021-05-27,-0.001758273852254355,-0.001758273852254355
2021-05-28,0.004078893287036589,0.004078893287036589
2021-05-31,-0.00129066290802482,-0.00129066290802482
2021-06-01,-0.00043160654024143597,-0.00043160654024143597
2021-06-02,0.002194109345017292,0.002194109345017292
2021-06-03,-0.0033264796494512083,-0.0033264796494512083
2021-06-04,0.012344921507429385,0.012344921507429385
2021-06-07,-0.009756547975873553,-0.009756547975873553
2021-06-08,-0.006092089331006356,-0.006092089331006356
2021-06-09,-0.006069869020844165,-0.006069869020844165
2021-06-10,0.0014313285633353878,0.0014313285633353878
2021-06-11,-0.0013725368314623232,-0.0013725368314623232
2021-06-14,0.00851129862477329,0.00851129862477329
2021-06-15,0.0036334931005481685,0.0036334931005481685
2021-06-16,0.003921124935060805,0.003921124935060805
2021-06-17,0.018809028585223153,0.018809028585223153
2021-06-18,0.000628461870196384,0.000628461870196384
2021-06-21,0.010352408190384521,0.010352408190384521
2021-06-22,-0.00563232973546568,-0.00563232973546568
2021-06-23,-0.008122057068147615,-0.008122057068147615
2021-06-24,-0.007051899954340191,-0.007051899954340191
2021-06-25,-0.017279201907889896,-0.017279201907889896
2021-06-28,-0.0019499318244634578,-0.0019499318244634578
2021-06-29,0.0004527596092980257,0.0004527596092980257
2021-06-30,-0.000709919937662562,-0.000709919937662562
2021-07-01,0.006631718209669124,0.006631718209669124
2021-07-02,0.003795957319328691,0.003795957319328691
2021-07-05,-0.010594168079378075,-0.010594168079378075
2021-07-06,0.0013531907932544662,0.0013531907932544662
2021-07-07,0.0094204738387893,0.0094204738387893
2021-07-08,-0.0030612265321930954,-0.0030612265321930954
2021-07-09,0.0015388505753719528,0.0015388505753719528
2021-07-12,-0.006025667986304883,-0.006025667986304883
2021-07-13,-0.0016766981406504122,-0.0016766981406504122
2021-07-14,0.010833486928860214,0.010833486928860214
2021-07-15,-0.0070476599239523985,-0.0070476599239523985
2021-07-16,0.0014291014353406961,0.0014291014353406961
2021-07-19,-0.0012639801545449858,-0.0012639801545449858
2021-07-20,0.006727207896328746,0.006727207896328746
2021-07-21,0.0048881872615289534,0.0048881872615289534
2021-07-22,0.0005508147179587031,0.0005508147179587031
2021-07-23,-0.0022032766746720167,-0.0022032766746720167
2021-07-26,-0.002211177981468193,-0.002211177981468193
2021-07-27,-0.0016950786805202123,-0.0016950786805202123
2021-07-28,-0.003505738915083101,-0.003505738915083101
2021-07-29,-0.0020196536029772894,-0.0020196536029772894
2021-07-30,-0.003133450811000138,-0.003133450811000138
2021-08-02,0.0007203216110607258,0.0007203216110607258
2021-08-03,0.0018121334015914758,0.0018121334015914758
2021-08-04,-0.0019645930477615314,-0.0019645930477615314
2021-08-05,0.004923791424066071,0.004923791424066071
2021-08-06,-0.0016101293091503877,-0.0016101293091503877
2021-08-09,0.007102407048598547,0.007102407048598547
2021-08-10,3.5163231044688104e-06,3.5163231044688104e-06
2021-08-11,3.136169038375769e-05,3.136169038375769e-05
2021-08-12,-0.007025178466180115,-0.007025178466180115
2021-08-13,0.0010978296259531728,0.0010978296259531728
2021-08-16,-0.004695385940839625,-0.004695385940839625
2021-08-17,0.0011280209667439145,0.0011280209667439145
2021-08-18,0.005907857872158084,0.005907857872158084
2021-08-19,0.002074781999098718,0.002074781999098718
2021-08-20,0.006395539864544997,0.006395539864544997
2021-08-23,0.010626172929272482,0.010626172929272482
2021-08-24,-0.003118070227188019,-0.003118070227188019
2021-08-25,-0.00550492717313944,-0.00550492717313944
2021-08-26,0.0004949113709356023,0.0004949113709356023
2021-08-27,0.007439622706128857,0.007439622706128857
2021-08-30,-0.00992806458790818,-0.00992806458790818
2021-08-31,-0.0012423498857963011,-0.0012423498857963011
2021-09-01,-0.003954912538556843,-0.003954912538556843
2021-09-02,-0.0030833864536378153,0.0030833864536378153
2021-09-03,-0.0017701233621184587,0.0017701233621184587
2021-09-06,-0.002672553399233557,0.002672553399233557
2021-09-07,-0.0010498129439885373,0.0010498129439885373
2021-09-08,0.0019961461930133595,-0.0019961461930133595
2021-09-09,-1.5026934583883822e-05,1.5026934583883822e-05
2021-09-10,-0.00029604463124066616,0.00029604463124066616
2021-09-13,-0.002816081257247749,0.002816081257247749
2021-09-14,-0.00017618407943054137,0.00017618407943054137
2021-09-15,0.0017773240038228,-0.0017773240038228
2021-09-16,-0.0026536831776635683,-0.0026536831776635683
2021-09-17,0.004840145352377201,0.004840145352377201
2021-09-20,0.003909096013416491,0.003909096013416491
2021-09-21,0.005017408004738044,0.005017408004738044
2021-09-22,0.00048511018884034307,0.00048511018884034307
2021-09-23,-0.0020836262924471827,-0.0020836262924471827
2021-09-24,-0.0016856503318173344,-0.0016856503318173344
2021-09-27,2.9866376499931846e-05,2.9866376499931846e-05
2021-09-28,0.0017952580268483231,0.0017952580268483231
2021-09-29,0.011959914490931256,0.011959914490931256
2021-09-30,0.008427611966764337,0.008427611966764337
2021-10-01,0.005575299430682357,0.005575299430682357
2021-10-04,-0.009565701957744532,-0.009565701957744532
2021-10-05,0.004084626862339347,0.004084626862339347
2021-10-06,0.0033460656748420803,0.0033460656748420803
2021-10-07,-0.0006173555540534004,-0.0006173555540534004
2021-10-08,0.0047004787785842606,0.0047004787785842606
2021-10-11,0.0033416713509721863,0.0033416713509721863
2021-10-12,0.005976401621404781,0.005976401621404781
2021-10-13,-0.0032138645863907245,-0.0032138645863907245
2021-10-14,-0.01089033617706947,-0.01089033617706947
2021-10-15,-0.0005789686729600341,-0.0005789686729600341
2021-10-18,-0.009483074878045783,-0.009483074878045783
2021-10-19,0.0024818873592853397,0.0024818873592853397
2021-10-20,-0.008599082639839772,-0.008599082639839772
2021-10-21,-2.9616483516070602e-05,-2.9616483516070602e-05
2021-10-22,0.003545688551758186,0.003545688551758186
2021-10-25,-0.005139630401144513,-0.005139630401144513
2021-10-26,-0.0009114014268387649,-0.0009114014268387649
2021-10-27,0.00130939028672028,0.00130939028672028
2021-10-28,0.005341865207642904,-0.005341865207642904
2021-10-29,0.003624796546692677,-0.003624796546692677
2021-11-01,0.00855313632313881,-0.00855313632313881
2021-11-02,0.013959215385520585,-0.013959215385520585
2021-11-03,-0.0028455186330673676,0.0028455186330673676
2021-11-04,-0.01196325387141206,0.01196325387141206
2021-11-05,0.0006916237076530773,-0.0006916237076530773
2021-11-08,-0.008425014962445632,0.008425014962445632
2021-11-09,-0.0019560508799795207,0.0019560508799795207
2021-11-10,-0.0006786849402860007,0.0006786849402860007
2021-11-11,0.014136841274271061,0.014136841274271061
2021-11-12,0.0014573727045801288,0.0014573727045801288
2021-11-15,-0.005438917178007374,-0.005438917178007374
2021-11-16,0.003440332762515652,0.003440332762515652
2021-11-17,0.007720321734250968,0.007720321734250968
2021-11-18,-0.005223156616212865,-0.005223156616212865
2021-11-19,0.005526723382515142,0.005526723382515142
2021-11-22,0.004881588561953976,0.004881588561953976
2021-11-23,0.006368879906607727,0.006368879906607727
2021-11-24,0.012946697684011133,0.012946697684011133
2021-11-25,0.006367157025685799,0.006367157025685799
2021-11-26,0.010448176887560834,0.010448176887560834
2021-11-29,0.004860257133295853,0.004860257133295853
2021-11-30,-0.0022458499044420988,-0.0022458499044420988
2021-12-01,-0.012407250015241567,-0.012407250015241567
2021-12-02,0.0027913895928630694,0.0027913895928630694
2021-12-03,-0.007592771472626714,-0.007592771472626714
2021-12-06,-0.004108196593354818,-0.004108196593354818
2021-12-07,0.00012718053956195519,0.00012718053956195519
2021-12-08,-0.009211373329327532,-0.009211373329327532
2021-12-09,-0.004869642923389428,-0.004869642923389428
2021-12-10,0.001189939501306414,0.001189939501306414
2021-12-13,-0.0035511913884314072,-0.0035511913884314072
2021-12-14,0.005618813152146851,0.005618813152146851
2021-12-15,0.010731833803304891,0.010731833803304891
2021-12-16,-0.008751696095620431,-0.008751696095620431
2021-12-17,-0.010164812294841563,-0.010164812294841563
2021-12-20,0.0004754766722350201,0.0004754766722350201
2021-12-21,-0.0035478975788036937,-0.0035478975788036937
2021-12-22,0.003232918944436447,0.003232918944436447
2021-12-23,-0.0053836282849837325,-0.0053836282849837325
2021-12-24,-0.003973857947540904,-0.003973857947540904
2021-12-27,-0.0010131238231115836,-0.0010131238231115836
2021-12-28,0.0037073861164660382,0.0037073861164660382
2021-12-29,-0.001034565784376329,-0.001034565784376329
2021-12-30,-0.005043042777660434,-0.005043042777660434
2021-12-31,-0.004810771407362191,-0.004810771407362191
2022-01-03,0.0010997103331658042,0.0010997103331658042
2022-01-04,0.0002148393356575795,0.0002148393356575795
2022-01-05,0.001757263398830755,0.001757263398830755
2022-01-06,0.0020319834548978566,0.0020319834548978566
2022-01-07,-0.00343325912151049,-0.00343325912151049
2022-01-10,-0.00500796423326777,-0.00500796423326777
2022-01-11,-0.0015826231920945677,-0.0015826231920945677
2022-01-12,0.001587099337053477,0.001587099337053477
2022-01-13,-0.0013565314999298694,-0.0013565314999298694
2022-01-14,-0.0014330276195255731,-0.0014330276195255731
2022-01-17,-0.001606648869834859,-0.001606648869834859
2022-01-18,-0.0005665391812578191,-0.0005665391812578191
2022-01-19,0.005387053267291719,0.005387053267291719
2022-01-20,0.004985579034985532,0.004985579034985532
2022-01-21,0.0014741119554722015,0.0014741119554722015
2022-01-24,-0.0040217353941514045,-0.0040217353941514045
2022-01-25,0.006146228984620361,0.006146228984620361
2022-01-26,0.0016122764033785764,0.0016122764033785764
2022-01-27,0.005260365070242967,0.005260365070242967
2022-01-28,0.0025102119210713703,0.0025102119210713703
2022-01-31,0.0029661743523823336,0.0029661743523823336
2022-02-01,-0.009750837767315224,-0.009750837767315224
2022-02-02,-0.003888324595206605,-0.003888324595206605
2022-02-03,0.002701296637239281,0.002701296637239281
2022-02-04,-0.0017766010101692986,-0.0017766010101692986
2022-02-07,0.004327859620119945,0.004327859620119945
2022-02-08,-0.0035248860984989916,-0.0035248860984989916
2022-02-09,0.0008173107131927981,0.0008173107131927981
2022-02-10,-0.005329710804202414,-0.005329710804202414
2022-02-11,0.0033853653423083774,0.0033853653423083774
2022-02-14,-0.002274563312142708,-0.002274563312142708
2022-02-15,-0.004946259677656606,-0.004946259677656606
2022-02-16,-0.0012342772637006227,-0.0012342772637006227
2022-02-17,-0.0047783368588063535,0.0047783368588063535
2022-02-18,0.0002563013848548845,-0.0002563013848548845
2022-02-21,0.00017991018026553007,-0.00017991018026553007
2022-02-22,0.0013663759675717202,-0.0013663759675717202
2022-02-23,-0.0014063694410983985,0.0014063694410983985
2022-02-24,-0.0030894417444932154,0.0030894417444932154
2022-02-25,0.016393522988736642,-0.016393522988736642
2022-02-28,0.00047508943405549786,-0.00047508943405549786
2022-03-01,-0.00546538416966047,0.00546538416966047
2022-03-02,0.008914732403748626,-0.008914732403748626
2022-03-03,-2.6702565756209218e-05,-2.6702565756209218e-05
2022-03-04,-0.00015301255950372905,-0.00015301255950372905
2022-03-07,0.01598246370362766,0.01598246370362766
2022-03-08,0.016027752038829446,0.016027752038829446
2022-03-09,0.0026773167281086696,0.0026773167281086696
2022-03-10,-0.02140214615209135,-0.02140214615209135
2022-03-11,0.0003258110606056963,0.0003258110606056963
2022-03-14,-0.0011711149424690204,-0.0011711149424690204
2022-03-15,0.0006156475471668088,0.0006156475471668088
2022-03-16,-0.004199469364917996,-0.004199469364917996
2022-03-17,-0.008739899462929857,0.008739899462929857
2022-03-18,-0.005652235654876048,0.005652235654876048
2022-03-21,-0.006480438325657589,0.006480438325657589
2022-03-22,3.687207971259099e-05,-3.687207971259099e-05
2022-03-23,-0.005382282926442161,0.005382282926442161
2022-03-24,-0.0022473599448123993,0.0022473599448123993
2022-03-25,-0.007927231475819196,0.007927231475819196
2022-03-28,-0.0018015269207225515,0.0018015269207225515
2022-03-29,0.003050401906686817,-0.003050401906686817
2022-03-30,-0.00625398664711152,0.00625398664711152
2022-03-31,-0.004379939708001435,0.004379939708001435
2022-04-01,-0.0001484377668665715,0.0001484377668665715
2022-04-04,-0.0009006433482090515,0.0009006433482090515
2022-04-05,-0.0024162074063600603,0.0024162074063600603
2022-04-06,0.008747337347215556,-0.008747337347215556
2022-04-07,0.008950868489573605,-0.008950868489573605
2022-04-08,-0.0015445944774905573,0.0015445944774905573
2022-04-11,-0.003252295201336741,0.003252295201336741
2022-04-12,-0.006125615033042542,0.006125615033042542
2022-04-13,-0.0069527283717762955,0.0069527283717762955
2022-04-14,-0.0021203689586459795,0.0021203689586459795
2022-04-15,0.010171406862837795,-0.010171406862837795
2022-04-18,-0.00043579233850121746,0.00043579233850121746
2022-04-19,-0.007938396202508802,0.007938396202508802
2022-04-20,0.011260806834511694,-0.011260806834511694
2022-04-21,-0.0022185263721558046,0.0022185263721558046
2022-04-22,0.010561431081121286,-0.010561431081121286
2022-04-25,0.0023458384872483418,-0.0023458384872483418
2022-04-26,-0.0008600603635482429,0.0008600603635482429
2022-04-27,0.008198034547518773,-0.008198034547518773
2022-04-28,-0.0003935365666597468,-0.0003935365666597468
2022-04-29,0.0033869640084516206,0.0033869640084516206
2022-05-02,-0.0011701829072117143,-0.0011701829072117143
2022-05-03,0.0015095397888773565,0.0015095397888773565
2022-05-04,-0.00822274867812367,-0.00822274867812367
2022-05-05,-0.011923056955444156,-0.011923056955444156
2022-05-06,0.008805215471540118,0.008805215471540118
2022-05-09,-0.0018996398015723726,-0.0018996398015723726
2022-05-10,0.009279184949564145,0.009279184949564145
2022-05-11,0.0008269680955539371,0.0008269680955539371
2022-05-12,-0.002974868551558041,-0.002974868551558041
2022-05-13,-0.007235818154050722,-0.007235818154050722
2022-05-16,-0.00403713773383052,-0.00403713773383052
2022-05-17,-0.003591647191697911,-0.003591647191697911
2022-05-18,-0.004176061717792279,-0.004176061717792279
2022-05-19,0.004389231743801236,0.004389231743801236
2022-05-20,-0.004964364502760055,-0.004964364502760055
2022-05-23,-0.0037231573860412315,-0.0037231573860412315
2022-05-24,0.003452930306329094,0.003452930306329094
2022-05-25,-0.0037785077049170557,-0.0037785077049170557
2022-05-26,-0.0012347056781754073,0.0012347056781754073
2022-05-27,-0.0033453815833086598,0.0033453815833086598
2022-05-30,-0.009209241996955497,0.009209241996955497
2022-05-31,-0.0019775219398701083,0.0019775219398701083
2022-06-01,0.006012973013935774,-0.006012973013935774
2022-06-02,0.003273472399770272,-0.003273472399770272
2022-06-03,-0.009392741647792024,0.009392741647792024
2022-06-06,0.0008868708344906828,-0.0008868708344906828
2022-06-07,0.0005157444031240743,-0.0005157444031240743
2022-06-08,0.0010943555928057958,-0.0010943555928057958
2022-06-09,0.0005311857787186902,0.0005311857787186902
2022-06-10,0.004554067611938883,0.004554067611938883
2022-06-13,0.017440302720576728,0.017440302720576728
2022-06-14,0.022345257886293934,0.022345257886293934
2022-06-15,0.004585900859400915,0.004585900859400915
2022-06-16,-0.016463898323024972,-0.016463898323024972
2022-06-17,0.008656291303217323,0.008656291303217323
2022-06-20,-0.0050443206180808,-0.0050443206180808
2022-06-21,-0.0012717969809012963,-0.0012717969809012963
2022-06-22,-0.0064879121888412605,-0.0064879121888412605
2022-06-23,-0.004345216383251249,-0.004345216383251249
2022-06-24,-0.001975130216657406,-0.001975130216657406
2022-06-27,-0.005864101916413622,-0.005864101916413622
2022-06-28,0.0005198750075507963,0.0005198750075507963
2022-06-29,0.012244447741089237,0.012244447741089237
2022-06-30,-0.0008061446112664905,-0.0008061446112664905
2022-07-01,-0.0013616501482930365,-0.0013616501482930365
2022-07-04,0.0073248520954274365,0.0073248520954274365
2022-07-05,0.0008987526251686973,0.0008987526251686973
2022-07-06,0.01255646390493026,0.01255646390493026
2022-07-07,0.005759434790811424,0.005759434790811424
2022-07-08,-0.00712657993559529,-0.00712657993559529
2022-07-11,-0.0015272563607295897,-0.0015272563607295897
2022-07-12,0.012632793045117552,0.012632793045117552
2022-07-13,0.007010204552205357,0.007010204552205357
2022-07-14,-0.0036259481802388693,-0.0036259481802388693
2022-07-15,0.000725755380529769,0.000725755380529769
2022-07-18,-0.014721296981980103,-0.014721296981980103
2022-07-19,-0.002662431587650338,-0.002662431587650338
2022-07-20,0.003657590358276064,0.003657590358276064
2022-07-21,0.0010867903202043117,0.0010867903202043117
2022-07-22,0.005452193630496982,0.005452193630496982
2022-07-25,-0.005785830003369741,-0.005785830003369741
2022-07-26,-0.004085716164637598,-0.004085716164637598
2022-07-27,0.0001466136581813604,0.0001466136581813604
2022-07-28,-0.0039307588876862365,-0.0039307588876862365
2022-07-29,-0.004520629497212769,-0.004520629497212769
2022-08-01,0.004600312794184935,0.004600312794184935
2022-08-02,0.0004416732056393702,0.0004416732056393702
2022-08-03,0.02096843739543197,0.02096843739543197
2022-08-04,-0.01529047531324157,-0.01529047531324157
2022-08-05,-0.008246869414655134,-0.008246869414655134
2022-08-08,0.004807201407877493,0.004807201407877493
2022-08-09,-0.008853432361713875,-0.008853432361713875
2022-08-10,-2.968364583777472e-05,-2.968364583777472e-05
2022-08-11,-0.011111625224082822,-0.011111625224082822
2022-08-12,-0.00409189267022414,-0.00409189267022414
2022-08-15,-0.00399187119608202,-0.00399187119608202
2022-08-16,-0.0022832120603092365,-0.0022832120603092365
2022-08-17,0.004808067284632678,0.004808067284632678
2022-08-18,0.003359211483225044,0.003359211483225044
2022-08-19,0.007999815859061954,0.007999815859061954
2022-08-22,0.002925525589773992,0.002925525589773992
2022-08-23,-0.0030784486206122397,-0.0030784486206122397
2022-08-24,-0.007115800055570887,-0.007115800055570887
2022-08-25,-0.004057380194181559,-0.004057380194181559
2022-08-26,0.0008290612067780589,0.0008290612067780589
2022-08-29,0.007465232643372399,0.007465232643372399
2022-08-30,-0.004135988047872741,-0.004135988047872741
2022-08-31,0.00713041518006996,0.00713041518006996
2022-09-01,0.002949253172375599,-0.002949253172375599
2022-09-02,-0.000978870753533978,0.000978870753533978
2022-09-05,-0.009738714553992,0.009738714553992
2022-09-06,-0.0002454563358010864,0.0002454563358010864
2022-09-07,0.008309351679505417,-0.008309351679505417
2022-09-08,-0.0074361156883224755,0.0074361156883224755
2022-09-09,-0.002417189103930406,0.002417189103930406
2022-09-12,-0.003732407607195398,0.003732407607195398
2022-09-13,-0.0014642877449315694,0.0014642877449315694
2022-09-14,0.010180498664857263,-0.010180498664857263
2022-09-15,-0.004008670328974562,-0.004008670328974562
2022-09-16,0.006485708364052378,0.006485708364052378
2022-09-19,-0.0025287258718870165,-0.0025287258718870165
2022-09-20,-0.006346459074251909,-0.006346459074251909
2022-09-21,0.003677830553382222,0.003677830553382222
2022-09-22,0.003394048160786145,0.003394048160786145
2022-09-23,-0.006231205777284976,-0.006231205777284976
2022-09-26,0.014662181791788464,0.014662181791788464
2022-09-27,0.00789070299582284,0.00789070299582284
2022-09-28,-0.00010365037520587705,-0.00010365037520587705
2022-09-29,-0.009017768283780092,-0.009017768283780092
2022-09-30,-0.002991856446830754,-0.002991856446830754
2022-10-03,-0.0003562673531060101,-0.0003562673531060101
2022-10-04,-0.005502163301225882,-0.005502163301225882
2022-10-05,-0.0020747863078784956,-0.0020747863078784956
2022-10-06,0.0034364428598587793,0.0034364428598587793
2022-10-07,0.003309379052525596,0.003309379052525596
2022-10-10,-0.003497452753263075,-0.003497452753263075
2022-10-11,-0.004468363408099307,-0.004468363408099307
2022-10-12,0.006281720911457844,0.006281720911457844
2022-10-13,-0.004602889013179734,-0.004602889013179734
2022-10-14,0.0001251944644373726,0.0001251944644373726
2022-10-17,0.0020124090281503637,0.0020124090281503637
2022-10-18,-0.0022032388497303934,-0.0022032388497303934
2022-10-19,0.0023583286179176266,0.0023583286179176266
2022-10-20,0.005420426272970236,0.005420426272970236
2022-10-21,-0.004205709325509677,-0.004205709325509677
2022-10-24,-0.0055012386066130015,-0.0055012386066130015
2022-10-25,-0.0012241670654563608,-0.0012241670654563608
2022-10-26,-0.002084583224192471,-0.002084583224192471
2022-10-27,0.0038471286946202277,-0.0038471286946202277
2022-10-28,-0.005150684910544712,0.005150684910544712
2022-10-31,-0.001013551577787264,0.001013551577787264
2022-11-01,-0.0013622681553073779,0.0013622681553073779
2022-11-02,-0.0034506926006161454,0.0034506926006161454
2022-11-03,-0.0023573885793278793,0.0023573885793278793
2022-11-04,-0.00041309861862026676,0.00041309861862026676
2022-11-07,-0.005435141488508544,0.005435141488508544
2022-11-08,-0.006147217928337501,0.006147217928337501
2022-11-09,0.0048613939632231595,-0.0048613939632231595
2022-11-10,0.0012529116479584879,-0.0012529116479584879
2022-11-11,-0.012605480367240296,0.012605480367240296
2022-11-14,0.010298423306661864,-0.010298423306661864
2022-11-15,-0.008979510772021304,0.008979510772021304
2022-11-16,0.00010345871661887607,-0.00010345871661887607
2022-11-17,-0.00040639586823310037,0.00040639586823310037
2022-11-18,0.003442796035373341,-0.003442796035373341
2022-11-21,0.002231904305665111,-0.002231904305665111
2022-11-22,0.004546669183220109,-0.004546669183220109
2022-11-23,-0.0045921049856135765,0.0045921049856135765
2022-11-24,-0.005498981670061132,0.005498981670061132
2022-11-25,0.002394667196995437,-0.002394667196995437
2022-11-28,-0.0019482584211224507,0.0019482584211224507
2022-11-29,-0.0024421229578884818,0.0024421229578884818
2022-11-30,-0.0033322727232739657,0.0033322727232739657
2022-12-01,0.0017081044562949899,-0.0017081044562949899
2022-12-02,-0.007088085240779307,0.007088085240779307
2022-12-05,0.013314835824806748,-0.013314835824806748
2022-12-06,0.017459093043098894,-0.017459093043098894
2022-12-07,0.0016733572263702978,-0.0016733572263702978
2022-12-08,-0.00442937357795381,-0.00442937357795381
2022-12-09,-0.002305472150455068,-0.002305472150455068
2022-12-12,0.008416260439522372,0.008416260439522372
2022-12-13,0.0030626776026709823,0.0030626776026709823
2022-12-14,-0.015381376036078698,-0.015381376036078698
2022-12-15,0.0034479032900509576,0.0034479032900509576
2022-12-16,0.007149615119113717,0.007149615119113717
2022-12-19,0.0023954853156287204,0.0023954853156287204
2022-12-20,-0.00047026374271363913,-0.00047026374271363913
2022-12-21,-0.0016879046799906927,-0.0016879046799906927
2022-12-22,-0.004789372099153311,0.004789372099153311
2022-12-23,-0.005091155412670689,0.005091155412670689
2022-12-26,-0.01135554814223294,0.01135554814223294
2022-12-27,0.0013279265427690312,-0.0013279265427690312
2022-12-28,0.005114351360469671,-0.005114351360469671
2022-12-29,-0.002044935462420905,0.002044935462420905
2022-12-30,0.001817462428847394,-0.001817462428847394
2023-01-02,-0.000565315340484096,0.000565315340484096
2023-01-03,0.0006273282671704905,-0.0006273282671704905
2023-01-04,-0.0026311468861788256,0.0026311468861788256
2023-01-05,-0.0010717263550925615,0.0010717263550925615
2023-01-06,-0.0035204702906761476,0.0035204702906761476
2023-01-09,-0.010055107951002396,0.010055107951002396
2023-01-10,1.0472101275027512e-05,-1.0472101275027512e-05
2023-01-11,-0.003393523681561317,0.003393523681561317
2023-01-12,-0.006149176600565243,0.006149176600565243
2023-01-13,-0.0051782888256117765,0.0051782888256117765
2023-01-16,-0.003720503335780778,0.003720503335780778
2023-01-17,0.00019709261971456726,-0.00019709261971456726
2023-01-18,-0.007263869640594223,0.007263869640594223
2023-01-19,0.01247534791730498,-0.01247534791730498
2023-01-20,0.005756083886289787,-0.005756083886289787
2023-01-23,-0.006581225316260375,0.006581225316260375
2023-01-24,-0.002360395363441903,0.002360395363441903
2023-01-25,-0.0015765089421007072,0.0015765089421007072
2023-01-26,-0.0003939879870219487,0.0003939879870219487
2023-01-27,0.0010918175043497236,-0.0010918175043497236
2023-01-30,-0.0014869784362758764,0.0014869784362758764
2023-01-31,-0.0005407393932865823,0.0005407393932865823
2023-02-01,0.004492364901393486,-0.004492364901393486
2023-02-02,-0.013796815921626848,0.013796815921626848
2023-02-03,0.003148071225175686,-0.003148071225175686
2023-02-06,0.018746990575089884,-0.018746990575089884
2023-02-07,0.009327100335101424,-0.009327100335101424
2023-02-08,-0.014946735934099342,0.014946735934099342
2023-02-09,0.0028043272362290317,-0.0028043272362290317
2023-02-10,-0.008246915893404982,0.008246915893404982
2023-02-13,-0.005319932877187239,0.005319932877187239
2023-02-14,-0.006069012926865791,0.006069012926865791
2023-02-15,-0.0032447972081367515,0.0032447972081367515
2023-02-16,0.004309695733131225,-0.004309695733131225
2023-02-17,-0.0019280235336691653,0.0019280235336691653
2023-02-20,-0.00977689061376752,0.00977689061376752
2023-02-21,0.0009707374780265621,-0.0009707374780265621
2023-02-22,0.0024312334917846457,-0.0024312334917846457
2023-02-23,-0.003544189825176014,0.003544189825176014
2023-02-24,0.00022215692878790883,-0.00022215692878790883
2023-02-27,0.0012342079325740052,-0.0012342079325740052
2023-02-28,-0.0013284100542253485,0.0013284100542253485
2023-03-01,-0.003591239253775802,0.003591239253775802
2023-03-02,-0.010107073888664275,0.010107073888664275
2023-03-03,-0.000588966966259985,0.000588966966259985
2023-03-06,-0.0070311044887315655,0.0070311044887315655
2023-03-07,0.0012987963694810478,-0.0012987963694810478
2023-03-08,0.005485652940296459,-0.005485652940296459
2023-03-09,-0.007146300738750999,0.007146300738750999
2023-03-10,0.019970708509550406,-0.019970708509550406
2023-03-13,-0.0006879285245280364,0.0006879285245280364
2023-03-14,0.032868362545386276,-0.032868362545386276
2023-03-15,-0.016839117709594453,0.016839117709594453
2023-03-16,0.0210424118328727,0.0210424118328727
2023-03-17,-0.011716015255254342,-0.011716015255254342
2023-03-20,0.00394418369837668,0.00394418369837668
2023-03-21,-0.001529448359051666,-0.001529448359051666
2023-03-22,-0.010127765169421044,-0.010127765169421044
2023-03-23,-0.0016478284406791222,-0.0016478284406791222
2023-03-24,-0.0013693703378936384,-0.0013693703378936384
2023-03-27,-0.007585162169166715,-0.007585162169166715
2023-03-28,-0.005885880738459415,-0.005885880738459415
2023-03-29,-0.005426155288788648,-0.005426155288788648
2023-03-30,-0.006870211266455484,-0.006870211266455484
2023-03-31,-0.00024761547561935604,-0.00024761547561935604
2023-04-03,-0.0027861268092584934,-0.0027861268092584934
2023-04-04,0.0026841592732278485,0.0026841592732278485
2023-04-05,0.0013782418737509072,0.0013782418737509072
2023-04-06,0.010837847611341322,0.010837847611341322
2023-04-07,-0.004462300777865913,-0.004462300777865913
2023-04-10,-0.00506935251798557,-0.00506935251798557
2023-04-11,0.00046319834460240017,0.00046319834460240017
2023-04-12,0.0008707755610946055,0.0008707755610946055
2023-04-13,-0.005716195579367533,-0.005716195579367533
2023-04-14,-0.0019994565855826485,-0.0019994565855826485
2023-04-17,-0.0014495384584443105,-0.0014495384584443105
2023-04-18,0.0021853084306051596,0.0021853084306051596
2023-04-19,0.0006260798263941769,0.0006260798263941769
2023-04-20,-0.0001656450829466971,-0.0001656450829466971
2023-04-21,-0.0023608599239323125,-0.0023608599239323125
2023-04-24,-4.270837660691473e-05,-4.270837660691473e-05
2023-04-25,-0.001774751912553274,-0.001774751912553274
2023-04-26,0.00418582177886484,0.00418582177886484
2023-04-27,0.006549229174386939,0.006549229174386939
2023-04-28,-0.007382217595855556,-0.007382217595855556
2023-05-01,-0.0018363964808997268,-0.0018363964808997268
2023-05-02,-0.0029852613389096394,-0.0029852613389096394
2023-05-03,0.0020392330663268066,0.0020392330663268066
2023-05-04,-0.0010108562523358788,-0.0010108562523358788
2023-05-05,-0.003158855886149503,-0.003158855886149503
2023-05-08,-0.00743657313230528,-0.00743657313230528
2023-05-09,0.0011995093316523597,0.0011995093316523597
2023-05-10,-0.0024781748297602046,-0.0024781748297602046
2023-05-11,-0.011626727024744654,-0.011626727024744654
2023-05-12,0.0021382245818823975,0.0021382245818823975
2023-05-15,0.0012262589367459942,0.0012262589367459942
2023-05-16,-0.009271906366514648,-0.009271906366514648
2023-05-17,0.0027075596022523296,0.0027075596022523296
2023-05-18,0.007234924567187662,0.007234924567187662
2023-05-19,0.006186858264169759,0.006186858264169759
2023-05-22,0.0017159537728212992,0.0017159537728212992
2023-05-23,0.00753971354677474,0.00753971354677474
2023-05-24,0.004379245754605465,0.004379245754605465
2023-05-25,-0.008813237306337207,-0.008813237306337207
2023-05-26,0.0026050412063920447,0.0026050412063920447
2023-05-29,-0.013677937105579296,-0.013677937105579296
2023-05-30,-0.00019201133170265727,-0.00019201133170265727
2023-05-31,0.0032320889577699408,0.0032320889577699408
2023-06-01,0.0011780691808027655,0.0011780691808027655
2023-06-02,-0.007790062062608127,-0.007790062062608127
2023-06-05,0.0006614189600824272,0.0006614189600824272
2023-06-06,-0.005954269885748653,-0.005954269885748653
2023-06-07,-0.004482393385312866,-0.004482393385312866
2023-06-08,-0.0007146091388920972,-0.0007146091388920972
2023-06-09,0.000974374585813953,0.000974374585813953
2023-06-12,-0.00583111441368922,-0.00583111441368922
2023-06-13,0.000768863268457487,0.000768863268457487
2023-06-14,-0.0029153968797672736,-0.0029153968797672736
2023-06-15,-0.006173337543408097,-0.006173337543408097
2023-06-16,-6.013570624374687e-05,-6.013570624374687e-05
2023-06-19,-0.0034723776749470137,-0.0034723776749470137
2023-06-20,0.00035739945960933106,0.00035739945960933106
2023-06-21,0.0076518497192936685,0.0076518497192936685
2023-06-22,-0.005007061240210553,-0.005007061240210553
2023-06-23,0.003067023232492083,0.003067023232492083
2023-06-26,-0.0013336999175185271,-0.0013336999175185271
2023-06-27,-0.001755391173255627,-0.001755391173255627
2023-06-28,-0.0023661061808255557,-0.0023661061808255557
2023-06-29,0.000374734558367118,0.000374734558367118
2023-06-30,0.0013581411821477207,0.0013581411821477207
2023-07-03,0.0008598963285257888,0.0008598963285257888
2023-07-04,-0.004311050234313107,-0.004311050234313107
2023-07-05,-0.0006746824461053569,-0.0006746824461053569
2023-07-06,-0.0017269200229121928,-0.0017269200229121928
2023-07-07,0.013261651639890237,0.013261651639890237
2023-07-10,-0.004860794264010426,-0.004860794264010426
2023-07-11,-0.006009513245889053,-0.006009513245889053
2023-07-12,-0.0009328157787310554,-0.0009328157787310554
2023-07-13,-0.007779192047354555,-0.007779192047354555
2023-07-14,-0.0029473071068267798,-0.0029473071068267798
2023-07-17,-0.006406576812009623,-0.006406576812009623
2023-07-18,-0.0014936359803553456,-0.0014936359803553456
2023-07-19,0.002300522481875733,0.002300522481875733
2023-07-20,-0.0024044310391803103,-0.0024044310391803103
2023-07-21,0.009216792878841584,0.009216792878841584
2023-07-24,0.006427190045811271,0.006427190045811271
2023-07-25,-0.008730904096917791,-0.008730904096917791
2023-07-26,0.005978878046712488,0.005978878046712488
2023-07-27,-0.003796397439575494,-0.003796397439575494
2023-07-28,-0.0009097618704242416,-0.0009097618704242416
2023-07-31,-0.009865124403185765,-0.009865124403185765
2023-08-01,0.0034290401706185136,0.0034290401706185136
2023-08-02,0.008091084525988945,0.008091084525988945
2023-08-03,0.007542568101671643,0.007542568101671643
2023-08-04,0.0186697093056849,0.0186697093056849
2023-08-07,-0.01369656170165523,-0.01369656170165523
2023-08-08,-0.0009542885084613539,-0.0009542885084613539
2023-08-09,0.0024436623661800994,0.0024436623661800994
2023-08-10,-0.0027539169643693295,-0.0027539169643693295
2023-08-11,0.0004929572189387166,0.0004929572189387166
2023-08-14,-0.004318653970155517,-0.004318653970155517
2023-08-15,0.00301927832951443,0.00301927832951443
2023-08-16,0.004891096726892918,0.004891096726892918
2023-08-17,0.0009002983846073676,0.0009002983846073676
2023-08-18,-0.002695461871530358,-0.002695461871530358
2023-08-21,-0.004198137639076616,-0.004198137639076616
2023-08-22,-0.0007811502277468296,-0.0007811502277468296
2023-08-23,-0.0062511722769847955,-0.0062511722769847955
2023-08-24,-0.007532619294394527,-0.007532619294394527
2023-08-25,0.003069881930153784,0.003069881930153784
2023-08-28,-0.006643293521471416,-0.006643293521471416
2023-08-29,0.004019409806620633,0.004019409806620633
2023-08-30,4.170123778823864e-05,4.170123778823864e-05
2023-08-31,-0.0017614913649655062,-0.0017614913649655062
2023-09-01,0.01438735507187805,0.01438735507187805
2023-09-04,0.004415188887117338,0.004415188887117338
2023-09-05,0.006021687772886031,0.006021687772886031
2023-09-06,0.01202370227111782,0.01202370227111782
2023-09-07,0.011292821004118103,0.011292821004118103
2023-09-08,-9.103331602366982e-05,-9.103331602366982e-05
2023-09-11,-0.0019433421730860045,-0.0019433421730860045
2023-09-12,-0.014940868642865368,-0.014940868642865368
2023-09-13,-0.00391358415900156,-0.00391358415900156
2023-09-14,-0.004810200892453986,-0.004810200892453986
2023-09-15,-0.0014150405595227955,-0.0014150405595227955
2023-09-18,-0.0034466691174231956,-0.0034466691174231956
2023-09-19,0.004065118424139813,0.004065118424139813
2023-09-20,-0.00302861128940235,-0.00302861128940235
2023-09-21,0.0015997718092555235,0.0015997718092555235
2023-09-22,0.00695876697063591,0.00695876697063591
2023-09-25,-0.0021788486667088103,-0.0021788486667088103
2023-09-26,0.012274664612448527,0.012274664612448527
2023-09-27,0.009238754537858274,0.009238754537858274
2023-09-28,0.008090110731610478,0.008090110731610478
2023-09-29,-0.008368330785449851,-0.008368330785449851
2023-10-02,-0.008184150954558378,-0.008184150954558378
2023-10-03,0.015354708817209017,0.015354708817209017
2023-10-04,0.019640426049570836,0.019640426049570836
2023-10-05,-0.0017379586262056268,-0.0017379586262056268
2023-10-06,0.01668915482369382,0.01668915482369382
2023-10-09,-0.0027430841398562444,-0.0027430841398562444
2023-10-10,-0.0011148174028710045,-0.0011148174028710045
2023-10-11,-0.015029329353195453,-0.015029329353195453
2023-10-12,-0.005400954651145873,-0.005400954651145873
2023-10-13,0.00748325405103234,0.00748325405103234
2023-10-16,0.004415506342952069,0.004415506342952069
2023-10-17,-0.007921890213219429,-0.007921890213219429
2023-10-18,0.005293536832036816,0.005293536832036816
2023-10-19,0.01296538889915455,0.01296538889915455
2023-10-20,0.004019665504837233,0.004019665504837233
2023-10-23,-0.00586617650076926,-0.00586617650076926
2023-10-24,-0.0037799899356759648,-0.0037799899356759648
2023-10-25,0.006991392353080439,0.006991392353080439
2023-10-26,0.003742291740811643,0.003742291740811643
2023-10-27,-0.010432481103850644,-0.010432481103850644
