date,NQ=F Long Only,NQ=F Using TFT
2017-07-05,0.011137451357516648,0.011137451357516648
2017-07-06,-0.009687693532690389,-0.009687693532690389
2017-07-07,0.010541832313396116,0.010541832313396116
2017-07-10,0.006763028776024305,0.006763028776024305
2017-07-11,0.004566210045662045,0.004566210045662045
2017-07-12,0.011494755244755295,0.011494755244755295
2017-07-13,0.002030851661409594,0.002030851661409594
2017-07-14,0.007891332470892687,0.007891332470892687
2017-07-17,0.002010867239977676,0.002010867239977676
2017-07-18,0.004739538855679015,0.004739538855679015
2017-07-19,0.006034592664995175,0.006034592664995175
2017-07-20,0.0011827820724030769,0.0011827820724030769
2017-07-21,-0.0010970001265769858,-0.0010970001265769858
2017-07-24,0.002576557550158398,0.002576557550158398
2017-07-25,-4.213009774178822e-05,-4.213009774178822e-05
2017-07-26,0.0024015167474193966,0.0024015167474193966
2017-07-27,-0.006472763954270322,-0.006472763954270322
2017-07-28,0.0001269142905491183,0.0001269142905491183
2017-07-31,-0.004695232858170084,-0.004695232858170084
2017-08-01,0.00114747131321713,0.00114747131321713
2017-08-02,0.0036507195313495444,0.0036507195313495444
2017-08-03,-0.003510552806327505,-0.003510552806327505
2017-08-04,0.0013582342954159277,0.0013582342954159277
2017-08-07,0.006103763987792554,0.006103763987792554
2017-08-08,-0.0026963262554768885,-0.0026963262554768885
2017-08-09,0.0007603920243326456,0.0007603920243326456
2017-08-10,-0.022414520894892376,-0.022414520894892376
2017-08-11,0.008376872921974199,0.008376872921974199
2017-08-14,0.012289641587804656,0.012289641587804656
2017-08-15,0.00033840947546526223,0.00033840947546526223
2017-08-16,0.001945196211096123,0.001945196211096123
2017-08-17,-0.020806955347345335,-0.020806955347345335
2017-08-18,0.00017240636179471913,0.00017240636179471913
2017-08-21,-0.001249730661495363,-0.001249730661495363
2017-08-22,0.014584052468070485,0.014584052468070485
2017-08-23,-0.005188398400952643,-0.005188398400952643
2017-08-24,-0.001282489740082049,-0.001282489740082049
2017-08-25,-0.002653882373084504,-0.002653882373084504
2017-08-28,0.003390557939914274,0.003390557939914274
2017-08-29,0.004277342914581483,0.004277342914581483
2017-08-30,0.011116316708547958,0.011116316708547958
2017-08-31,0.009393428812131344,0.009393428812131344
2017-09-01,-0.0004173100196135371,-0.0004173100196135371
2017-09-05,-0.008182691103410855,-0.008182691103410855
2017-09-06,0.002651849981058163,0.002651849981058163
2017-09-07,0.0025188916876575096,0.0025188916876575096
2017-09-08,-0.009003350083752082,-0.009003350083752082
2017-09-11,0.011197971688146957,0.011197971688146957
2017-09-12,0.002340158796489744,0.002340158796489744
2017-09-13,0.0009172017009921873,0.0009172017009921873
2017-09-14,-0.0059563478840386486,-0.0059563478840386486
2017-09-15,0.001298973391996583,0.001298973391996583
2017-09-18,0.0021342484097757186,0.0021342484097757186
2017-09-19,0.0017121142523071065,0.0017121142523071065
2017-09-20,-0.0030848757712189645,-0.0030848757712189645
2017-09-21,-0.00556159571798942,-0.00556159571798942
2017-09-22,-0.0015979143013330477,-0.0015979143013330477
2017-09-25,-0.009981889398980703,-0.009981889398980703
2017-09-26,0.0027227090955501687,0.0027227090955501687
2017-09-27,0.008230801866779824,0.008230801866779824
2017-09-28,-0.00042080457835380614,-0.00042080457835380614
2017-09-29,0.007409278437315869,0.007409278437315869
2017-10-02,-0.00033430839949855073,-0.00033430839949855073
2017-10-03,0.0029261767410750927,0.0029261767410750927
2017-10-04,0.0010003334444814715,0.0010003334444814715
2017-10-05,0.010284810126582222,0.010284810126582222
2017-10-06,-0.00024729011251700683,-0.00024729011251700683
2017-10-09,4.1225213340378986e-05,4.1225213340378986e-05
2017-10-10,0.0001236705416769457,0.0001236705416769457
2017-10-11,0.002844070730802617,0.002844070730802617
2017-10-12,-0.0012741471434443152,-0.0012741471434443152
2017-10-13,0.004115395695296176,0.004115395695296176
2017-10-16,0.0033607934751425095,0.0033607934751425095
2017-10-17,0.0005718720640497388,0.0005718720640497388
2017-10-18,-0.0007348438456827866,-0.0007348438456827866
2017-10-19,-0.0035135024717081187,-0.0035135024717081187
2017-10-20,0.002172932639088243,0.002172932639088243
2017-10-23,-0.0075683194239895,-0.0075683194239895
2017-10-24,0.0024320870604723765,0.0024320870604723765
2017-10-25,-0.002467308166790083,-0.002467308166790083
2017-10-26,0.0033391046252781997,0.0033391046252781997
2017-10-27,0.021447060273634966,0.021447060273634966
2017-10-30,0.0014480511644745508,0.0014480511644745508
2017-10-31,0.004096879142065246,0.004096879142065246
2017-11-01,-0.0014400576023041456,-0.0014400576023041456
2017-11-02,-0.0008011857549172774,-0.0008011857549172774
2017-11-03,0.008780018442047899,0.008780018442047899
2017-11-06,0.003656307129798808,0.003656307129798808
2017-11-07,0.00039597687495041,0.00039597687495041
2017-11-08,0.004037365421152739,0.004037365421152739
2017-11-09,-0.004257667744224536,-0.004257667744224536
2017-11-10,-0.0008314197481985586,-0.0008314197481985586
2017-11-13,0.00043586797162897817,0.00043586797162897817
2017-11-14,-0.0029309252217997184,-0.0029309252217997184
2017-11-15,-0.0043298641455470355,-0.0043298641455470355
2017-11-16,0.011928984639936191,0.011928984639936191
2017-11-17,-0.0043762813436366566,-0.0043762813436366566
2017-11-20,0.0004355918108740475,0.0004355918108740475
2017-11-21,0.010053831538948677,0.010053831538948677
2017-11-22,0.0015675209655929834,0.0015675209655929834
2017-11-24,0.003756162454026102,0.003756162454026102
2017-11-27,-3.898027598037146e-05,-3.898027598037146e-05
2017-11-28,0.001091490274041984,0.001091490274041984
2017-11-29,-0.017873135781316885,-0.017873135781316885
2017-11-30,0.01007057330901584,0.01007057330901584
2017-12-01,-0.003571989323284619,-0.003571989323284619
2017-12-04,-0.012763442978136696,-0.012763442978136696
2017-12-05,0.001037468576672973,0.001037468576672973
2017-12-06,0.003388209032566758,0.003388209032566758
2017-12-07,0.004767201652629893,0.004767201652629893
2017-12-08,0.002688597184880681,0.002688597184880681
2017-12-11,0.009069400630914881,0.009069400630914881
2017-12-12,-0.0020711215318484077,-0.0020711215318484077
2017-12-13,0.002232055448956327,0.002232055448956327
2017-12-14,-0.0010549347503321371,-0.0010549347503321371
2017-12-15,0.013493957054014905,0.013493957054014905
2017-12-18,0.008837604198826732,0.008837604198826732
2017-12-19,-0.0052790635400329355,-0.0052790635400329355
2017-12-20,-0.0018074837518747833,-0.0018074837518747833
2017-12-21,0.0005008475882262164,0.0005008475882262164
2017-12-22,-0.0013092533405213436,-0.0013092533405213436
2017-12-26,-0.00366300366300365,-0.00366300366300365
2017-12-27,-0.0009287925696594979,-0.0009287925696594979
2017-12-28,-0.0012008057018902951,-0.0012008057018902951
2017-12-29,-0.005817335660267653,-0.005817335660267653
2018-01-02,0.016539886873415233,0.016539886873415233
2018-01-03,0.010706473771058045,0.010706473771058045
2018-01-04,0.00288556458349154,0.00288556458349154
2018-01-05,0.009729688801393133,0.009729688801393133
2018-01-08,0.0030370064864460034,0.0030370064864460034
2018-01-09,-0.00014952153110048272,-0.00014952153110048272
2018-01-10,-0.001458052938537513,-0.001458052938537513
2018-01-11,0.007375790931895665,0.007375790931895665
2018-01-12,0.007247454099457373,0.007247454099457373
2018-01-16,-0.0019187483856684118,-0.0019187483856684118
2018-01-17,0.009094606085252588,0.009094606085252588
2018-01-18,-0.0015753801062465822,-0.0015753801062465822
2018-01-19,0.004806986643182132,0.004806986643182132
2018-01-22,0.012452981777014926,0.012452981777014926
2018-01-23,0.005013706535853313,0.005013706535853313
2018-01-24,-0.004952804794889243,-0.004952804794889243
2018-01-25,3.6068530207433724e-05,3.6068530207433724e-05
2018-01-26,0.014246555579600306,0.014246555579600306
2018-01-29,-0.005369652572810302,-0.005369652572810302
2018-01-30,-0.007293528780836556,-0.007293528780836556
2018-01-31,0.0030252827198731236,0.0030252827198731236
2018-02-01,-0.009192100538599646,-0.009192100538599646
2018-02-02,-0.02069290425454806,-0.02069290425454806
2018-02-05,-0.048329201050956616,-0.048329201050956616
2018-02-06,0.034918536376715714,0.034918536376715714
2018-02-07,-0.014728536539545423,-0.014728536539545423
2018-02-08,-0.03638027685619494,-0.03638027685619494
2018-02-09,0.015908821085124147,0.015908821085124147
2018-02-12,0.017763234778543913,0.017763234778543913
2018-02-13,0.00440157691277232,0.00440157691277232
2018-02-14,0.0192820669156315,0.0192820669156315
2018-02-15,0.019291161956034086,0.019291161956034086
2018-02-16,-0.004291373239436624,-0.004291373239436624
2018-02-20,0.000552547242789192,0.000552547242789192
2018-02-21,-0.004417936823503443,-0.004417936823503443
2018-02-22,0.004178685008505267,0.004178685008505267
2018-02-23,0.017823605229239536,0.017823605229239536
2018-02-26,0.013061254025109381,0.013061254025109381
2018-02-27,-0.01203571428571426,-0.01203571428571426
2018-02-28,-0.007338321946282034,-0.007338321946282034
2018-03-01,-0.015185724690458868,-0.015185724690458868
2018-03-02,0.006508153681174411,0.006508153681174411
2018-03-05,0.010691061390940115,0.010691061390940115
2018-03-06,0.004398400581606676,0.004398400581606676
2018-03-07,0.002424812710361657,0.002424812710361657
2018-03-08,0.0071846342696224585,0.0071846342696224585
2018-03-09,0.017779689572355428,0.017779689572355428
2018-03-12,0.005811291515514405,0.005811291515514405
2018-03-13,-0.011380348763919024,-0.011380348763919024
2018-03-14,-0.0035065349059610895,-0.0035065349059610895
2018-03-15,0.0018482974337101776,0.0018482974337101776
2018-03-16,-0.0003547860640034095,-0.0003547860640034095
2018-03-19,-0.018419931856899496,-0.018419931856899496
2018-03-20,0.000470043750226079,0.000470043750226079
2018-03-21,-0.004842790025298194,-0.004842790025298194
2018-03-22,-0.027890761185357382,-0.027890761185357382
2018-03-23,-0.02058427973699939,-0.02058427973699939
2018-03-26,0.03345157722088721,0.03345157722088721
2018-03-27,-0.031335351000221445,-0.031335351000221445
2018-03-28,-0.012802438559725626,-0.012802438559725626
2018-03-29,0.018024624647805743,0.018024624647805743
2018-04-02,-0.03044434334243251,-0.03044434334243251
2018-04-03,0.011887537637351953,0.011887537637351953
2018-04-04,0.01750589326428864,0.01750589326428864
2018-04-05,0.00269654386631224,0.00269654386631224
2018-04-06,-0.022044619521987774,-0.022044619521987774
2018-04-09,0.006545567217940196,0.006545567217940196
2018-04-10,0.019585962752039388,0.019585962752039388
2018-04-11,-0.004755255311922113,-0.004755255311922113
2018-04-12,0.011831178188161262,0.011831178188161262
2018-04-13,-0.004497245437169783,-0.004497245437169783
2018-04-16,0.01072920980310954,0.01072920980310954
2018-04-17,0.017394219308700887,0.017394219308700887
2018-04-18,0.0021599853560314575,0.0021599853560314575
2018-04-19,-0.009278877767224358,-0.009278877767224358
2018-04-20,-0.0153023598820059,-0.0153023598820059
2018-04-23,-0.0013855083317730887,-0.0013855083317730887
2018-04-24,-0.021036448177591094,-0.021036448177591094
2018-04-25,0.00444325276745694,0.00444325276745694
2018-04-26,0.02730427487320286,0.02730427487320286
2018-04-27,-0.009651434722892427,-0.009651434722892427
2018-04-30,-0.008508564788785145,-0.008508564788785145
2018-05-01,0.011946166641463751,0.011946166641463751
2018-05-02,-0.008741781231320966,-0.008741781231320966
2018-05-03,0.004673249415843905,0.004673249415843905
2018-05-04,0.016542876434841425,0.016542876434841425
2018-05-07,0.007564854791689779,0.007564854791689779
2018-05-08,-0.0008057427483152413,-0.0008057427483152413
2018-05-09,0.011069569679642344,0.011069569679642344
2018-05-10,0.010005800464037096,0.010005800464037096
2018-05-11,-0.000717875089734421,-0.000717875089734421
2018-05-14,0.0020114942528735025,0.0020114942528735025
2018-05-15,-0.011973042730140548,-0.011973042730140548
2018-05-16,0.0067847035773891395,0.0067847035773891395
2018-05-17,-0.0045407041695195716,-0.0045407041695195716
2018-05-18,-0.004597617927089792,-0.004597617927089792
2018-05-21,0.006073610707011845,0.006073610707011845
2018-05-22,-0.0009398835990311882,-0.0009398835990311882
2018-05-23,0.006911025075080568,0.006911025075080568
2018-05-24,3.593502946674931e-05,3.593502946674931e-05
2018-05-25,0.0004312048582413297,0.0004312048582413297
2018-05-29,-0.0022628497539599612,-0.0022628497539599612
2018-05-30,0.006155950752394057,0.006155950752394057
2018-05-31,-0.0014669576729041678,-0.0014669576729041678
2018-06-01,0.015192776264870256,0.015192776264870256
2018-06-04,0.009212198221092649,0.009212198221092649
2018-06-05,0.004336725772042138,0.004336725772042138
2018-06-06,0.004979628791308199,0.004979628791308199
2018-06-07,-0.007484407484407485,-0.007484407484407485
2018-06-08,-0.0013266303588884698,-0.0013266303588884698
2018-06-11,0.002621827588617842,0.002621827588617842
2018-06-12,0.004079355671001705,0.004079355671001705
2018-06-13,0.0006597680394471173,0.0006597680394471173
2018-06-14,0.011035152861158304,0.011035152861158304
2018-06-15,-0.003603912819632793,-0.003603912819632793
2018-06-18,0.0025490871512228175,0.0025490871512228175
2018-06-19,-0.0032641561297416244,-0.0032641561297416244
2018-06-20,0.008411182736392186,0.008411182736392186
2018-06-21,-0.010323727480942124,-0.010323727480942124
2018-06-22,-0.0020724672722876036,-0.0020724672722876036
2018-06-25,-0.020663874563012663,-0.020663874563012663
2018-06-26,0.004311868240616468,0.004311868240616468
2018-06-27,-0.014885979729729715,-0.014885979729729715
2018-06-28,0.00889508091308544,0.00889508091308544
2018-06-29,0.0008852064301394513,0.0008852064301394513
2018-07-02,0.0070400113206212644,0.0070400113206212644
2018-07-03,-0.013033092109885458,-0.013033092109885458
2018-07-05,0.014522156967431865,0.014522156967431865
2018-07-06,0.015121215310669012,0.015121215310669012
2018-07-09,0.009227897974701138,0.009227897974701138
2018-07-10,0.00017122701277361152,0.00017122701277361152
2018-07-11,-0.0065397521057316554,-0.0065397521057316554
2018-07-12,0.017783904876787826,0.017783904876787826
2018-07-13,0.0013883715417697395,0.0013883715417697395
2018-07-16,-0.009197889895847466,-0.009197889895847466
2018-07-17,0.0132081911262798,0.0132081911262798
2018-07-18,-0.0023242496715734084,-0.0023242496715734084
2018-07-19,-0.004963198055236706,-0.004963198055236706
2018-07-20,-0.00105188151063762,-0.00105188151063762
2018-07-23,0.009578804347825987,0.009578804347825987
2018-07-24,-0.0019177713478231162,-0.0019177713478231162
2018-07-25,0.007180178661722492,0.007180178661722492
2018-07-26,-0.0051877635718589055,-0.0051877635718589055
2018-07-27,-0.017427581334320208,-0.017427581334320208
2018-07-30,-0.013799007019345999,-0.013799007019345999
2018-07-31,0.006145406568988321,0.006145406568988321
2018-08-01,0.0044514993616067144,0.0044514993616067144
2018-08-02,0.014944345197196673,0.014944345197196673
2018-08-03,0.002200182784416027,0.002200182784416027
2018-08-06,0.005674142123750281,0.005674142123750281
2018-08-07,0.004466684578183777,0.004466684578183777
2018-08-08,-0.0007689992978702209,-0.0007689992978702209
2018-08-09,0.0005353677307100568,0.0005353677307100568
2018-08-10,-0.006487860343789675,-0.006487860343789675
2018-08-13,-0.0013464386697186193,-0.0013464386697186193
2018-08-14,0.005494135095051922,0.005494135095051922
2018-08-15,-0.011229928597767391,-0.011229928597767391
2018-08-16,0.002034174125305155,0.002034174125305155
2018-08-17,-0.00016917038841524068,-0.00016917038841524068
2018-08-20,-0.00010151940712666008,-0.00010151940712666008
2018-08-21,0.0014214160010830312,0.0014214160010830312
2018-08-22,0.004832713754646889,0.004832713754646889
2018-08-23,-0.0011771432415161875,-0.0011771432415161875
2018-08-24,0.00959660583204247,0.00959660583204247
2018-08-27,0.00963879531734646,0.00963879531734646
2018-08-28,0.0013213530655391548,0.0013213530655391548
2018-08-29,0.011975455265241575,0.011975455265241575
2018-08-30,-0.0025753871230643766,-0.0025753871230643766
2018-08-31,0.001601516538109582,0.001601516538109582
2018-09-04,-0.002936857562408246,-0.002936857562408246
2018-09-05,-0.014007527409589215,-0.014007527409589215
2018-09-06,-0.009858266671092353,-0.009858266671092353
2018-09-07,-0.002547770700636942,-0.002547770700636942
2018-09-10,0.0029239766081872176,0.0029239766081872176
2018-09-11,0.006936764853724631,0.006936764853724631
2018-09-12,-0.0034944089456868666,-0.0034944089456868666
2018-09-13,0.010519987977156697,0.010519987977156697
2018-09-14,-0.0026108797673342066,-0.0026108797673342066
2018-09-17,-0.014380860863514311,-0.014380860863514311
2018-09-18,0.007934106572533128,0.007934106572533128
2018-09-19,0.0003001901204096047,0.0003001901204096047
2018-09-20,0.010970323441147123,0.010970323441147123
2018-09-21,0.0012203568719284519,0.0012203568719284519
2018-09-24,-0.0003953089998682824,-0.0003953089998682824
2018-09-25,0.0012193514368574743,0.0012193514368574743
2018-09-26,-0.0006583061782035049,-0.0006583061782035049
2018-09-27,0.008827113731431746,0.008827113731431746
2018-09-28,-0.0002611903751347233,-0.0002611903751347233
2018-10-01,0.0026452434603703168,0.0026452434603703168
2018-10-02,-0.0029639762881896736,-0.0029639762881896736
2018-10-03,0.0015680637679265086,0.0015680637679265086
2018-10-04,-0.01963534361851338,-0.01963534361851338
2018-10-05,-0.010413547592906802,-0.010413547592906802
2018-10-08,-0.005950779989241539,-0.005950779989241539
2018-10-09,0.0009808232150707585,0.0009808232150707585
2018-10-10,-0.04960129747263142,-0.04960129747263142
2018-10-11,-0.00014220705346990048,-0.00014220705346990048
2018-10-12,0.020089603185891036,0.020089603185891036
2018-10-15,-0.013350064484645707,-0.013350064484645707
2018-10-16,0.03917897265597392,0.03917897265597392
2018-10-17,-0.0055073941866394804,-0.0055073941866394804
2018-10-18,-0.02399753871397803,-0.02399753871397803
2018-10-19,-0.004378130363209665,-0.004378130363209665
2018-10-22,0.006859916977415059,0.006859916977415059
2018-10-23,-0.002096362810523722,-0.002096362810523722
2018-10-24,-0.04257554007212627,-0.04257554007212627
2018-10-25,0.013201682208813237,0.013201682208813237
2018-10-26,-0.004800404244567957,-0.004800404244567957
2018-10-29,-0.022775903964022737,-0.022775903964022737
2018-10-30,0.0117275932455001,0.0117275932455001
2018-10-31,0.023513444114302562,0.023513444114302562
2018-11-01,0.014658447423123722,0.014658447423123722
2018-11-02,-0.013775564268305618,-0.013775564268305618
2018-11-05,-0.004405286343612369,-0.004405286343612369
2018-11-06,0.009640981365565793,0.009640981365565793
2018-11-07,0.028789282405757843,0.028789282405757843
2018-11-08,-0.0072729791507930575,-0.0072729791507930575
2018-11-09,-0.018804074797655557,-0.018804074797655557
2018-11-12,-0.02791111111111111,-0.02791111111111111
2018-11-13,0.0026335040234088947,0.0026335040234088947
2018-11-14,-0.012366846636509554,-0.012366846636509554
2018-11-15,0.021755993055811995,0.021755993055811995
2018-11-16,-0.0029282047574289427,-0.0029282047574289427
2018-11-19,-0.03237736122693158,-0.03237736122693158
2018-11-20,-0.020908273381294973,-0.020908273381294973
2018-11-21,0.006697282816685801,0.006697282816685801
2018-11-23,-0.006880821136665993,-0.006880821136665993
2018-11-26,0.02178073801868008,0.02178073801868008
2018-11-27,0.005881691829318525,0.005881691829318525
2018-11-28,0.030651769087523206,0.030651769087523206
2018-11-29,-0.0007227261229356685,-0.0007227261229356685
2018-11-30,0.005243554044769061,0.005243554044769061
2018-12-03,0.01564860781351185,0.01564860781351185
2018-12-04,-0.03612793539475079,-0.03612793539475079
2018-12-06,0.0031235071473192377,0.0031235071473192377
2018-12-07,-0.02945270715803361,0.02945270715803361
2018-12-10,0.011436551672076689,-0.011436551672076689
2018-12-11,0.002649550322797234,-0.002649550322797234
2018-12-12,0.007741551287777204,-0.007741551287777204
2018-12-13,-0.0025114492539518585,0.0025114492539518585
2018-12-14,-0.022585900473933607,0.022585900473933607
2018-12-17,-0.020190923554814777,0.020190923554814777
2018-12-18,-0.0005412719891745299,0.0005412719891745299
2018-12-19,-0.019805810220107523,0.019805810220107523
2018-12-20,-0.004143809937250831,0.004143809937250831
2018-12-21,-0.008123959736862973,-0.008123959736862973
2018-12-24,-0.058372288145750906,-0.058372288145750906
2018-12-26,0.06678547182620509,0.06678547182620509
2018-12-27,0.0060456606475221,0.0060456606475221
2018-12-28,-0.004783743180200806,-0.004783743180200806
2018-12-31,0.006356016366742212,0.006356016366742212
2019-01-02,0.005960604744799314,0.005960604744799314
2019-01-03,-0.03280489719039392,-0.03280489719039392
2019-01-04,0.04414151249594278,0.04414151249594278
2019-01-07,0.009714019272614172,0.009714019272614172
2019-01-08,0.009351189101824087,0.009351189101824087
2019-01-09,0.007243890350375537,0.007243890350375537
2019-01-10,0.003103826791324371,0.003103826791324371
2019-01-11,-0.0018867212558016933,-0.0018867212558016933
2019-01-14,-0.010245359343692084,-0.010245359343692084
2019-01-15,0.02012987012987022,0.02012987012987022
2019-01-16,-0.0015726214101171587,-0.0015726214101171587
2019-01-17,0.00806300393774606,0.00806300393774606
2019-01-18,0.01082589285714275,0.01082589285714275
2019-01-22,-0.020573405469066275,-0.020573405469066275
2019-01-23,0.0018412746129565782,0.0018412746129565782
2019-01-24,0.0014628108473051515,0.0014628108473051515
2019-01-25,0.01741573033707855,0.01741573033707855
2019-01-28,-0.013178722621019712,-0.013178722621019712
2019-01-29,-0.009400529712388583,-0.009400529712388583
2019-01-30,0.02990020711730379,0.02990020711730379
2019-01-31,0.011334966543566471,0.011334966543566471
2019-02-01,-0.005350880364438315,-0.005350880364438315
2019-02-04,0.00868743411726225,0.00868743411726225
2019-02-05,0.010162162162162147,0.010162162162162147
2019-02-06,-0.0017480022831050102,-0.0017480022831050102
2019-02-07,-0.012900689704463453,-0.012900689704463453
2019-02-08,0.001629136195785863,0.001629136195785863
2019-02-11,-0.00036144142841654237,-0.00036144142841654237
2019-02-12,0.01507755721878734,0.01507755721878734
2019-02-13,-0.00032058132079504364,-0.00032058132079504364
2019-02-14,0.0004988419739888617,0.0004988419739888617
2019-02-15,0.006268029488229576,0.006268029488229576
2019-02-19,0.0006370553884267327,0.0006370553884267327
2019-02-20,0.000707388674707321,0.000707388674707321
2019-02-21,-0.005478386880147013,-0.005478386880147013
2019-02-22,0.007640912644822029,0.007640912644822029
2019-02-25,0.0052904454555073865,0.0052904454555073865
2019-02-26,-0.0011226888397712909,-0.0011226888397712909
2019-02-27,0.0005619753433319108,0.0005619753433319108
2019-02-28,-0.0027029873275529193,-0.0027029873275529193
2019-03-01,0.0075325589581134444,0.0075325589581134444
2019-03-04,-0.0014323644494130816,-0.0014323644494130816
2019-03-05,0.0027638806283454276,0.0027638806283454276
2019-03-06,-0.007570999930221145,-0.007570999930221145
2019-03-07,-0.011777113728247524,-0.011777113728247524
2019-03-08,-0.00010672358591246045,-0.00010672358591246045
2019-03-11,0.019639235777564323,0.019639235777564323
2019-03-12,0.005827139816462434,0.005827139816462434
2019-03-13,0.008499271491015037,0.008499271491015037
2019-03-14,-0.0038526366482061203,-0.0038526366482061203
2019-03-15,0.0042266787743014955,0.0042266787743014955
2019-03-18,0.01243405078565507,0.01243405078565507
2019-03-19,0.002139727609278941,0.002139727609278941
2019-03-20,0.004473666372940999,0.004473666372940999
2019-03-21,0.016870234158850028,0.016870234158850028
2019-03-22,-0.021998805494724216,-0.021998805494724216
2019-03-25,-0.001832061068702262,-0.001832061068702262
2019-03-26,0.0029230821522041595,0.0029230821522041595
2019-03-27,-0.005727454502321483,-0.005727454502321483
2019-03-28,0.0023859840479922845,0.0023859840479922845
2019-03-29,0.006596844396082657,0.006596844396082657
2019-04-01,0.01324234848996686,0.01324234848996686
2019-04-02,0.0027672201106887506,0.0027672201106887506
2019-04-03,0.00837849519566447,0.00837849519566447
2019-04-04,-0.002736654686933293,-0.002736654686933293
2019-04-05,0.005653640150763639,0.005653640150763639
2019-04-08,0.002531479107078294,0.002531479107078294
2019-04-09,-0.0039679937036793955,-0.0039679937036793955
2019-04-10,0.006321403878444709,0.006321403878444709
2019-04-11,-0.0031408473744478638,-0.0031408473744478638
2019-04-12,0.004594834093669009,0.004594834093669009
2019-04-15,-0.0005880623346075087,-0.0005880623346075087
2019-04-16,0.004151547840868242,0.004151547840868242
2019-04-17,0.001334722312650527,0.001334722312650527
2019-04-18,0.0029584836958289618,0.0029584836958289618
2019-04-22,0.0028849270664506044,0.0028849270664506044
2019-04-23,0.013348847732635116,0.013348847732635116
2019-04-24,0.001243939780556369,0.001243939780556369
2019-04-25,-0.006275684113280833,-0.006275684113280833
2019-04-26,0.00535359363980259,0.00535359363980259
2019-04-29,-0.0033799942603871536,-0.0033799942603871536
2019-04-30,-0.0017597184450487413,-0.0017597184450487413
2019-05-01,-0.005576923076923035,-0.005576923076923035
2019-05-02,-0.0028685618513504263,-0.0028685618513504263
2019-05-03,0.016905323722403498,0.016905323722403498
2019-05-06,-0.007819453273998689,-0.007819453273998689
2019-05-07,-0.01659511757544696,-0.01659511757544696
2019-05-08,-0.0034532186604118165,-0.0034532186604118165
2019-05-09,-0.006832298136645987,-0.006832298136645987
2019-05-10,0.0019749185346105147,0.0019749185346105147
2019-05-13,-0.03882921060411948,-0.03882921060411948
2019-05-14,0.014525445162172357,0.014525445162172357
2019-05-15,0.014586982886403366,0.014586982886403366
2019-05-16,0.009429890095294935,0.009429890095294935
2019-05-17,-0.011677247458965145,-0.011677247458965145
2019-05-20,-0.015942221926379507,-0.015942221926379507
2019-05-21,0.00977441066053375,0.00977441066053375
2019-05-22,-0.004555198285101869,-0.004555198285101869
2019-05-23,-0.016016150740242208,-0.016016150740242208
2019-05-24,0.0006155108740253379,0.0006155108740253379
2019-05-28,-0.0027680951404551735,-0.0027680951404551735
2019-05-29,-0.010863232925533706,-0.010863232925533706
2019-05-30,0.005439301552106368,0.005439301552106368
2019-05-31,-0.016780951724613247,-0.016780951724613247
2019-06-03,-0.019590663769538108,-0.019590663769538108
2019-06-04,0.026523681858802606,0.026523681858802606
2019-06-05,0.0068600480551590515,0.0068600480551590515
2019-06-06,0.00743584422770982,0.00743584422770982
2019-06-07,0.018847196951491618,0.018847196951491618
2019-06-10,0.012938877282835826,0.012938877282835826
2019-06-11,0.0003659104517330647,0.0003659104517330647
2019-06-12,-0.005985435440428288,-0.005985435440428288
2019-06-13,0.0066236242598600725,0.0066236242598600725
2019-06-14,-0.005915389983716102,-0.005915389983716102
2019-06-17,0.0074883829773009225,0.0074883829773009225
2019-06-18,0.01473272057603614,0.01473272057603614
2019-06-19,0.003793204931166416,0.003793204931166416
2019-06-20,0.009251718408965104,0.009251718408965104
2019-06-21,-0.002793988149995208,-0.002793988149995208
2019-06-24,0.004549703744852529,0.004549703744852529
2019-06-25,-0.016755276300950528,-0.016755276300950528
2019-06-26,0.0027855153203342198,0.0027855153203342198
2019-06-27,0.0052941176470588935,0.0052941176470588935
2019-06-28,0.00042259931083798996,0.00042259931083798996
2019-07-01,0.012510154346060176,0.012510154346060176
2019-07-02,0.006193838254171968,0.006193838254171968
2019-07-03,0.006283290275252762,0.006283290275252762
2019-07-05,-0.004564183835182201,-0.004564183835182201
2019-07-08,-0.006431891995160144,-0.006431891995160144
2019-07-09,0.005672349698756518,0.005672349698756518
2019-07-10,0.010643382938720913,0.010643382938720913
2019-07-11,-0.0012612328551159235,-0.0012612328551159235
2019-07-12,0.0052091554853985755,0.0052091554853985755
2019-07-15,0.003360552763819191,0.003360552763819191
2019-07-16,-0.005509124487432349,-0.005509124487432349
2019-07-17,-0.007207831040886292,-0.007207831040886292
2019-07-18,0.006087121932661255,0.006087121932661255
2019-07-19,-0.011438835318585694,-0.011438835318585694
2019-07-22,0.010455516241114404,0.010455516241114404
2019-07-23,0.007445029811665949,0.007445029811665949
2019-07-24,0.0067950524502895515,0.0067950524502895515
2019-07-25,-0.006998009455088328,-0.006998009455088328
2019-07-26,0.004760860713502568,0.004760860713502568
2019-07-29,-0.0023068050749711633,-0.0023068050749711633
2019-07-30,-0.0047492579284487135,-0.0047492579284487135
2019-07-31,-0.012118167833485072,-0.012118167833485072
2019-08-01,-0.007436361902945943,-0.007436361902945943
2019-08-02,-0.013575385009445107,-0.013575385009445107
2019-08-05,-0.04115680482975759,-0.04115680482975759
2019-08-06,0.017636505196167995,0.017636505196167995
2019-08-07,0.005022952564699645,0.005022952564699645
2019-08-08,0.02416178466223151,0.02416178466223151
2019-08-09,-0.009759881071647825,-0.009759881071647825
2019-08-12,-0.012205867954701244,-0.012205867954701244
2019-08-13,0.023953480688538642,0.023953480688538642
2019-08-14,-0.03346024780588541,-0.03346024780588541
2019-08-15,0.0010015022533800266,0.0010015022533800266
2019-08-16,0.015407703851926025,0.015407703851926025
2019-08-19,0.015206752717837446,0.015206752717837446
2019-08-20,-0.0076997735360724295,-0.0076997735360724295
2019-08-21,0.01072639540949405,0.01072639540949405
2019-08-22,-0.005032095738847109,-0.005032095738847109
2019-08-23,-0.026811476738531348,-0.026811476738531348
2019-08-26,0.011459790792191393,0.011459790792191393
2019-08-27,-0.0036558856465318534,-0.0036558856465318534
2019-08-28,0.004826286734322727,0.004826286734322727
2019-08-29,0.014836990492482771,0.014836990492482771
2019-08-30,-0.0027554460580913043,-0.0027554460580913043
2019-09-03,-0.009524428696811138,-0.009524428696811138
2019-09-04,0.013816869051526126,0.013816869051526126
2019-09-05,0.017189472661940375,0.017189472661940375
2019-09-06,0.00028642352491892176,0.00028642352491892176
2019-09-09,-0.0034360981196907003,-0.0034360981196907003
2019-09-10,-0.0020113015994636108,-0.0020113015994636108
2019-09-11,0.009564939219449675,0.009564939219449675
2019-09-12,0.004024208625114767,0.004024208625114767
2019-09-13,-0.0044814744682194485,-0.0044814744682194485
2019-09-16,-0.0037408064925184004,-0.0037408064925184004
2019-09-17,0.00429580602049251,0.00429580602049251
2019-09-18,0.0005069547859699597,0.0005069547859699597
2019-09-19,0.00025334895651907274,0.00025334895651907274
2019-09-20,0.0004090524576538801,0.0004090524576538801
2019-09-23,-0.006200405670987452,-0.006200405670987452
2019-09-24,-0.014680593592764746,-0.014680593592764746
2019-09-25,0.010988655828835459,0.010988655828835459
2019-09-26,-0.004219813944566941,-0.004219813944566941
2019-09-27,-0.011043693216475692,-0.011043693216475692
2019-09-30,0.008992046745658122,0.008992046745658122
2019-10-01,-0.009651888552860144,-0.009651888552860144
2019-10-02,-0.019394451302709337,-0.019394451302709337
2019-10-03,0.014874937883054606,0.014874937883054606
2019-10-04,0.014199908598289568,0.014199908598289568
2019-10-07,-0.00350832019054359,-0.00350832019054359
2019-10-08,-0.015245478036175708,-0.015245478036175708
2019-10-09,0.010200734715297921,0.010200734715297921
2019-10-10,0.00785739796746654,0.00785739796746654
2019-10-11,0.01272510550562167,0.01272510550562167
2019-10-14,-0.00019086397760526008,-0.00019086397760526008
2019-10-15,0.013013044861597267,0.013013044861597267
2019-10-16,-0.001413360972392308,-0.001413360972392308
2019-10-17,0.0005346920802666855,0.0005346920802666855
2019-10-18,-0.009053472069409985,-0.009053472069409985
2019-10-21,0.00856517463439399,0.00856517463439399
2019-10-22,-0.011260340326486928,-0.011260340326486928
2019-10-23,0.005439796405280806,0.005439796405280806
2019-10-24,0.0033854331456053544,0.0033854331456053544
2019-10-25,0.013559108252136243,0.013559108252136243
2019-10-28,0.007342189590268555,0.007342189590268555
2019-10-29,-0.0048797059822724975,-0.0048797059822724975
2019-10-30,0.0069519878340214,0.0069519878340214
2019-10-31,-0.0025889967637540146,-0.0025889967637540146
2019-11-01,0.008652390222799067,0.008652390222799067
2019-11-04,0.00680126221623123,0.00680126221623123
2019-11-05,-0.0006085871648966457,-0.0006085871648966457
2019-11-06,-0.00042627043814513765,-0.00042627043814513765
2019-11-07,0.0028328611898016387,0.0028328611898016387
2019-11-08,0.003250106311888601,0.003250106311888601
2019-11-11,-0.0009082927124648421,-0.0009082927124648421
2019-11-12,0.003060698809054907,0.003060698809054907
2019-11-13,-0.0011178247734139335,-0.0011178247734139335
2019-11-14,-3.024528929618242e-05,-3.024528929618242e-05
2019-11-15,0.006442441473595073,0.006442441473595073
2019-11-18,0.001773102930127779,0.001773102930127779
2019-11-19,0.0009599808003839527,0.0009599808003839527
2019-11-20,-0.005964155127974546,-0.005964155127974546
2019-11-21,-0.002080381101697504,-0.002080381101697504
2019-11-22,0.0007251193425583669,0.0007251193425583669
2019-11-25,0.011593502807801359,0.011593502807801359
2019-11-26,0.0028950038799020472,0.0028950038799020472
2019-11-27,0.00642799750022327,0.00642799750022327
2019-11-29,-0.0044058073863804115,-0.0044058073863804115
2019-12-02,-0.012058212058212003,-0.012058212058212003
2019-12-03,-0.0077861952861952854,-0.0077861952861952854
2019-12-04,0.00533252537494322,0.00533252537494322
2019-12-05,0.0016877128477139625,0.0016877128477139625
2019-12-06,0.010951650269278135,0.010951650269278135
2019-12-09,-0.0052677003660605015,-0.0052677003660605015
2019-12-10,0.0009274772618477201,0.0009274772618477201
2019-12-11,0.004991780002989055,0.004991780002989055
2019-12-12,0.007108440901790525,0.007108440901790525
2019-12-13,0.003396237559434079,0.003396237559434079
2019-12-16,0.009653873322345241,0.009653873322345241
2019-12-17,2.9151119403048042e-05,2.9151119403048042e-05
2019-12-18,0.0016324150998396902,0.0016324150998396902
2019-12-19,0.006082477227088878,0.006082477227088878
2019-12-20,0.007516339130749117,0.007516339130749117
2019-12-23,0.0021866352699770886,0.0021866352699770886
2019-12-24,0.00034378043889304877,0.00034378043889304877
2019-12-26,0.00856291883842153,0.00856291883842153
2019-12-27,-0.0023852116875372475,-0.0023852116875372475
2019-12-30,-0.005635727094184917,-0.005635727094184917
2019-12-31,0.0021182195505939916,0.0021182195505939916
2020-01-02,0.015938758604930214,0.015938758604930214
2020-01-03,-0.00919391570838135,-0.00919391570838135
2020-01-06,0.004256526674233818,0.004256526674233818
2020-01-07,0.0006216445323536934,0.0006216445323536934
2020-01-08,0.01033547949847513,0.01033547949847513
2020-01-09,0.00721113533456319,0.00721113533456319
2020-01-10,-0.003413253413253381,-0.003413253413253381
2020-01-13,0.01225183081335457,0.01225183081335457
2020-01-14,-0.0028333287486589365,-0.0028333287486589365
2020-01-15,-0.0002758620689655711,-0.0002758620689655711
2020-01-16,0.00811258278145699,0.00811258278145699
2020-01-17,0.004488969179394564,0.004488969179394564
2020-01-21,-0.0005177393863425861,-0.0005177393863425861
2020-01-22,0.0028354099075764694,0.0028354099075764694
2020-01-23,0.005709159122420759,0.005709159122420759
2020-01-24,-0.011218338604600864,-0.011218338604600864
2020-01-27,-0.02077751653999671,-0.02077751653999671
2020-01-28,0.016835110838126166,0.016835110838126166
2020-01-29,-0.0007413305510557411,-0.0007413305510557411
2020-01-30,0.01294169368577247,0.01294169368577247
2020-01-31,-0.02370812423708124,-0.02370812423708124
2020-02-03,0.012947681364785746,0.012947681364785746
2020-02-04,0.026414680308308514,0.026414680308308514
2020-02-05,0.0028327097808658053,0.0028327097808658053
2020-02-06,0.007887864414006351,0.007887864414006351
2020-02-07,-0.004864893448257579,-0.004864893448257579
2020-02-10,0.012540517562038334,0.012540517562038334
2020-02-11,-2.623983206506697e-05,-2.623983206506697e-05
2020-02-12,0.010338765121099991,0.010338765121099991
2020-02-13,-0.0013245721112640219,-0.0013245721112640219
2020-02-14,0.002002496619161631,0.002002496619161631
2020-02-18,0.0003893171377404858,0.0003893171377404858
2020-02-19,0.01011830635118316,0.01011830635118316
2020-02-20,-0.011224122874608278,-0.011224122874608278
2020-02-21,-0.01727407330441333,-0.01727407330441333
2020-02-24,-0.03880312962571364,-0.03880312962571364
2020-02-25,-0.02604223957760421,-0.02604223957760421
2020-02-26,-0.0004517604540192899,-0.0004517604540192899
2020-02-27,-0.05282336657156572,-0.05282336657156572
2020-02-28,0.008499597387492175,0.008499597387492175
2020-03-02,0.039892358646794523,0.039892358646794523
2020-03-03,-0.023745201194369403,-0.023745201194369403
2020-03-04,0.03658607631808919,0.03658607631808919
2020-03-05,-0.027848030124206113,-0.027848030124206113
2020-03-06,-0.016823240352652147,-0.016823240352652147
2020-03-09,-0.06488695498779873,-0.06488695498779873
2020-03-10,0.04778972520907998,0.04778972520907998
2020-03-11,-0.03936866110544324,-0.03936866110544324
2020-03-12,-0.09848816142937467,-0.09848816142937467
2020-03-13,0.09708603305498764,0.09708603305498764
2020-03-16,-0.1084230805672236,-0.1084230805672236
2020-03-17,0.0492738221749911,0.0492738221749911
2020-03-18,-0.024307079436886037,-0.024307079436886037
2020-03-19,0.009446039929414285,0.009446039929414285
2020-03-20,0.017067248984540928,0.017067248984540928
2020-03-23,-0.05843639125612177,-0.05843639125612177
2020-03-24,0.08164507122915032,0.08164507122915032
2020-03-25,-0.011515933684105972,-0.011515933684105972
2020-03-26,0.05038331492082615,0.05038331492082615
2020-03-27,-0.0351223865374809,-0.0351223865374809
2020-03-30,0.03782123274096594,0.03782123274096594
2020-03-31,-0.00872083770966614,-0.00872083770966614
2020-04-01,-0.04462995665435865,-0.04462995665435865
2020-04-02,0.025340278944715244,0.025340278944715244
2020-04-03,-0.013700875151594571,-0.013700875151594571
2020-04-06,0.06739556678076508,0.06739556678076508
2020-04-07,-0.002210529593075772,-0.002210529593075772
2020-04-08,0.022185471792311562,0.022185471792311562
2020-04-09,0.00460942031197531,0.00460942031197531
2020-04-13,0.012123974475843236,0.012123974475843236
2020-04-14,0.04386201927406996,0.04386201927406996
2020-04-15,-0.011331607707794067,-0.011331607707794067
2020-04-16,0.016319525250174438,0.016319525250174438
2020-04-17,0.008558262014483287,0.008558262014483287
2020-04-20,-0.013281870813940277,-0.013281870813940277
2020-04-21,-0.02994132535664984,-0.02994132535664984
2020-04-22,0.024461114240815984,0.024461114240815984
2020-04-23,-0.004543875897198402,-0.004543875897198402
2020-04-24,0.019799389446140347,0.019799389446140347
2020-04-27,0.006300604401870302,0.006300604401870302
2020-04-28,-0.011842366206759825,-0.011842366206759825
2020-04-29,0.03632558272886266,0.03632558272886266
2020-04-30,-0.005311791069551264,-0.005311791069551264
2020-05-01,-0.03009400901151471,-0.03009400901151471
2020-05-04,0.008889653590272939,0.008889653590272939
2020-05-05,0.014638167244613642,0.014638167244613642
2020-05-06,0.0031095050004201763,0.0031095050004201763
2020-05-07,0.0173983467381591,0.0173983467381591
2020-05-08,0.01213252449836677,0.01213252449836677
2020-05-11,0.006590187942396852,0.006590187942396852
2020-05-12,-0.021634874447677532,-0.021634874447677532
2020-05-13,-0.009473191419051008,-0.009473191419051008
2020-05-14,0.009702799633017234,0.009702799633017234
2020-05-15,0.0018723497989976412,0.0018723497989976412
2020-05-18,0.025174517671632035,0.025174517671632035
2020-05-19,-0.0026540131896413133,-0.0026540131896413133
2020-05-20,0.019863989463215326,0.019863989463215326
2020-05-21,-0.01367877286384478,-0.01367877286384478
2020-05-22,0.005397750046762795,0.005397750046762795
2020-05-26,2.6578073089700283e-05,2.6578073089700283e-05
2020-05-27,0.002764046138308718,0.002764046138308718
2020-05-28,0.0029419560031804792,0.0029419560031804792
2020-05-29,0.01057054517586753,0.01057054517586753
2020-06-01,0.0036348421850893597,0.0036348421850893597
2020-06-02,0.005497655028660731,0.005497655028660731
2020-06-03,0.003835091083413289,0.003835091083413289
2020-06-04,-0.006040424378533249,-0.006040424378533249
2020-06-05,0.018932606155044773,0.018932606155044773
2020-06-08,0.0077738696028955,0.0077738696028955
2020-06-09,0.006702243354662407,0.006702243354662407
2020-06-10,0.013692091247110794,0.013692091247110794
2020-06-11,-0.04664303948053239,-0.04664303948053239
2020-06-12,0.0029375828632334233,0.0029375828632334233
2020-06-15,0.016122343182996435,0.016122343182996435
2020-06-16,0.01755012499362274,0.01755012499362274
2020-06-17,0.002206066683379193,0.002206066683379193
2020-07-02,0.008472306755934245,0.008472306755934245
2020-07-06,0.023441083456051004,0.023441083456051004
2020-07-07,-0.006250884559135694,-0.006250884559135694
2020-07-08,0.012343041610292094,0.012343041610292094
2020-07-09,0.0061197214471617745,0.0061197214471617745
2020-07-10,0.010230715450943784,0.010230715450943784
2020-07-13,-0.021892085169208042,-0.021892085169208042
2020-07-14,0.0043632075471697895,0.0043632075471697895
2020-07-15,0.003475402136902561,0.003475402136902561
2020-07-16,-0.016053167341398944,-0.016053167341398944
2020-07-17,0.010535828953314175,0.010535828953314175
2020-07-20,0.030924923511414404,0.030924923511414404
2020-07-21,-0.009131586156515437,-0.009131586156515437
2020-07-22,-0.004308358676619717,-0.004308358676619717
2020-07-23,-0.02369437952657516,-0.02369437952657516
2020-07-24,-0.008461119142985751,-0.008461119142985751
2020-07-27,0.020675972846352364,0.020675972846352364
2020-07-28,-0.012669492517739633,-0.012669492517739633
2020-07-29,0.012737191650853852,0.012737191650853852
2020-07-30,0.011218586785956886,0.011218586785956886
2020-07-31,0.008940151936260854,0.008940151936260854
2020-08-03,0.014117809099674083,0.014117809099674083
2020-08-04,0.0037802476401747054,0.0037802476401747054
2020-08-05,0.0005186721991701226,0.0005186721991701226
2020-08-06,0.015281628237203249,0.015281628237203249
2020-08-07,-0.012298812298812245,-0.012298812298812245
2020-08-10,-0.0045627205502236645,-0.0045627205502236645
2020-08-11,-0.0174765173410405,-0.0174765173410405
2020-08-12,0.022751298432688305,0.022751298432688305
2020-08-13,0.004426568398346209,0.004426568398346209
2020-08-14,-0.0037135634549562146,-0.0037135634549562146
2020-08-17,0.013742000673627519,0.013742000673627519
2020-08-18,0.010853434336722367,0.010853434336722367
2020-08-19,-0.006770821920809911,-0.006770821920809911
2020-08-20,0.01281768443346265,0.01281768443346265
2020-08-21,0.007384173037966457,0.007384173037966457
2020-08-24,0.006421899325376179,0.006421899325376179
2020-08-25,0.007734450531743375,0.007734450531743375
2020-08-26,0.02259887005649719,0.02259887005649719
2020-08-27,-0.0032106744501199103,-0.0032106744501199103
2020-08-28,0.003262847461881213,0.003262847461881213
2020-08-31,0.010194508724748363,0.010194508724748363
2020-09-01,0.016385999669803475,0.016385999669803475
2020-09-02,0.008040609137055732,0.008040609137055732
2020-09-03,-0.04922853804938965,-0.04922853804938965
2020-09-04,-0.021333841786364993,-0.021333841786364993
2020-09-08,-0.04227730273839159,-0.04227730273839159
2020-09-09,0.030039329144252003,0.030039329144252003
2020-09-10,-0.018827763270500952,-0.018827763270500952
2020-09-11,-0.0104443897747859,-0.0104443897747859
2020-09-14,0.019798399855354143,0.019798399855354143
2020-09-15,0.016289171579273898,0.016289171579273898
2020-09-16,-0.01705301262620751,-0.01705301262620751
2020-09-17,-0.01586245146977261,-0.01586245146977261
2020-09-18,0.004942251606176784,0.004942251606176784
2020-09-21,-0.0139804605300341,-0.0139804605300341
2020-09-22,0.014605514605514625,0.014605514605514625
2020-09-23,-0.0287456836629445,-0.0287456836629445
2020-09-24,0.005794625542524745,0.005794625542524745
2020-09-25,0.022471136410586068,0.022471136410586068
2020-09-28,0.023189511965159504,0.023189511965159504
2020-09-29,-0.0050023036924899955,-0.0050023036924899955
2020-09-30,0.006129964058124493,0.006129964058124493
2020-10-01,0.014683644173661525,0.014683644173661525
2020-10-02,-0.029503876973584697,-0.029503876973584697
2020-10-05,0.02100905793069674,0.02100905793069674
2020-10-06,-0.01704557839440246,-0.01704557839440246
2020-10-07,0.017407694866393264,0.017407694866393264
2020-10-08,0.006015693112467302,0.006015693112467302
2020-10-09,0.01609758211283463,0.01609758211283463
2020-10-12,0.031855689886777894,0.031855689886777894
2020-10-13,-0.00035129047589532725,-0.00035129047589532725
2020-10-14,-0.009901604101207218,-0.009901604101207218
2020-10-15,-0.008372131866296373,-0.008372131866296373
2020-10-16,-0.0064005389927572764,-0.0064005389927572764
2020-10-19,-0.012523309035429753,-0.012523309035429753
2020-10-20,0.0009012682131284144,0.0009012682131284144
2020-10-21,0.0026156122033316187,0.0026156122033316187
2020-10-22,-0.0035496632096653213,-0.0035496632096653213
2020-10-23,0.0011802828386875408,0.0011802828386875408
2020-10-26,-0.014682556693959792,-0.014682556693959792
2020-10-27,0.008331701799038527,0.008331701799038527
2020-10-28,-0.03928633068691745,-0.03928633068691745
2020-10-29,0.018863263793761575,0.018863263793761575
2020-10-30,-0.026140045403451495,-0.026140045403451495
2020-11-02,0.0015389838180377424,0.0015389838180377424
2020-11-03,0.018303843807199405,0.018303843807199405
2020-11-04,0.04413820651088485,0.04413820651088485
2020-11-05,0.026651364447844994,0.026651364447844994
2020-11-06,-0.0001242081728978217,-0.0001242081728978217
2020-11-09,-0.021076604554865375,-0.021076604554865375
2020-11-10,-0.01711010532549384,-0.01711010532549384
2020-11-11,0.023045639403524554,0.023045639403524554
2020-11-12,-0.005552751135790013,-0.005552751135790013
2020-11-13,0.00960236886632826,0.00960236886632826
2020-11-16,0.005991536431055433,0.005991536431055433
2020-11-17,-0.002498958767180315,-0.002498958767180315
2020-11-18,-0.006513569937369512,-0.006513569937369512
2020-11-19,0.007585946036815949,0.007585946036815949
2020-11-20,-0.0067988904878100165,-0.0067988904878100165
2020-11-23,-4.199651428926643e-05,-4.199651428926643e-05
2020-11-24,0.014342411961109525,0.014342411961109525
2020-11-25,0.006314176879761435,0.006314176879761435
2020-11-27,0.008660947561151211,0.008660947561151211
2020-11-30,0.0015908627370997408,0.0015908627370997408
2020-12-01,0.014274659933208422,0.014274659933208422
2020-12-02,0.00016061354373708703,0.00016061354373708703
2020-12-03,0.000642351004677133,0.000642351004677133
2020-12-04,0.005115448654937849,0.005115448654937849
2020-12-07,0.005588376177550591,0.005588376177550591
2020-12-08,0.0032946967291203055,-0.0032946967291203055
2020-12-09,-0.021404549950543972,0.021404549950543972
2020-12-10,0.002830112395892259,-0.002830112395892259
2020-12-11,-0.00274149330753104,0.00274149330753104
2020-12-14,0.007155562742561461,-0.007155562742561461
2020-12-15,0.010857785092120542,-0.010857785092120542
2020-12-16,0.005837155280242978,-0.005837155280242978
2020-12-17,0.006770494068415456,-0.006770494068415456
2020-12-18,0.0038475076709669764,-0.0038475076709669764
2020-12-21,-0.00910617405116143,0.00910617405116143
2020-12-22,0.0020893286553396173,0.0020893286553396173
2020-12-23,-0.0046223446105428945,-0.0046223446105428945
2020-12-24,0.0042090702499753,0.0042090702499753
2020-12-28,0.010094848282104829,0.010094848282104829
2020-12-29,0.0006428863649645677,0.0006428863649645677
2020-12-30,3.8937777431691245e-05,3.8937777431691245e-05
2020-12-31,0.0034263909979364016,0.0034263909979364016
2021-01-04,-0.015521322416669925,-0.015521322416669925
2021-01-05,0.008513657325292634,0.008513657325292634
2021-01-06,-0.013815609489193692,-0.013815609489193692
2021-01-07,0.024669586066142335,0.024669586066142335
2021-01-08,0.013091738861386037,0.013091738861386037
2021-01-11,-0.015289469163374036,-0.015289469163374036
2021-01-12,-0.0005233775296580312,-0.0005233775296580312
2021-01-13,0.006361397180039141,0.006361397180039141
2021-01-14,-0.005492493592090808,-0.005492493592090808
2021-01-15,-0.007654445391830134,-0.007654445391830134
2021-01-19,0.014313890136499419,0.014313890136499419
2021-01-20,0.02377651996457586,0.02377651996457586
2021-01-21,0.007616074618726154,0.007616074618726154
2021-01-22,-0.0025381658019484332,-0.0025381658019484332
2021-01-25,0.008531976200276903,0.008531976200276903
2021-01-26,0.0007420874921153509,0.0007420874921153509
2021-01-27,-0.028178413851914996,-0.028178413851914996
2021-01-28,0.006142459272824308,0.006142459272824308
2021-01-29,-0.020836493250417143,-0.020836493250417143
2021-02-01,0.025191209216768318,0.025191209216768318
2021-02-02,0.016054092849318247,0.016054092849318247
2021-02-03,-0.004070934641980828,-0.004070934641980828
2021-02-04,0.011441476753084379,0.011441476753084379
2021-02-05,0.003727625023066894,0.003727625023066894
2021-02-08,0.006250919252831277,0.006250919252831277
2021-02-09,-0.00020097931740115094,-0.00020097931740115094
2021-02-10,-0.002686354416037706,-0.002686354416037706
2021-02-11,0.0062667204163153745,0.0062667204163153745
2021-02-12,0.00551751766334041,0.00551751766334041
2021-02-16,-0.0026802368749886396,-0.0026802368749886396
2021-02-17,-0.004939078643932393,-0.004939078643932393
2021-02-18,-0.004872351685249687,-0.004872351685249687
2021-02-19,-0.004181031321059181,-0.004181031321059181
2021-02-22,-0.025909693576900428,-0.025909693576900428
2021-02-23,-0.002438701627691553,-0.002438701627691553
2021-02-24,0.008338386901152184,0.008338386901152184
2021-02-25,-0.03535182679296345,-0.03535182679296345
2021-02-26,0.006176086660042435,0.006176086660042435
2021-03-01,0.028560917047478984,0.028560917047478984
2021-03-02,-0.016905438731903866,-0.016905438731903866
2021-03-03,-0.028609180214856145,-0.028609180214856145
2021-03-04,-0.017880024444575815,-0.017880024444575815
2021-03-05,0.01676033721397019,0.01676033721397019
2021-03-08,-0.028940874543480377,-0.028940874543480377
2021-03-09,0.03996828559230714,0.03996828559230714
2021-03-10,-0.0030886521356661145,-0.0030886521356661145
2021-03-11,0.02345235994274164,0.02345235994274164
2021-03-12,-0.008794282758224248,-0.008794282758224248
2021-03-15,0.01121119573201379,0.01121119573201379
2021-03-16,0.005581679856252686,0.005581679856252686
2021-03-17,0.0038018476979813087,0.0038018476979813087
2021-03-18,-0.03075408097564669,-0.03075408097564669
2021-03-19,0.0010362835078738808,0.0010362835078738808
2021-03-22,0.020532060807385122,0.020532060807385122
2021-03-23,-0.005010805745213953,-0.005010805745213953
2021-03-24,-0.016319077366650614,-0.016319077366650614
2021-03-25,-0.0018367984992965214,-0.0018367984992965214
2021-03-26,0.0153674484162718,0.0153674484162718
2021-03-29,-0.0017159272755316035,-0.0017159272755316035
2021-03-30,-0.005118003785391512,-0.005118003785391512
2021-03-31,0.01642303884456342,0.01642303884456342
2021-04-01,0.017284516511010484,0.017284516511010484
2021-04-05,0.020238810453589773,0.020238810453589773
2021-04-06,-0.0011409223068713503,-0.0011409223068713503
2021-04-07,0.002560795873249866,0.002560795873249866
2021-04-08,0.010511034748892811,0.010511034748892811
2021-04-09,0.005946427597243176,0.005946427597243176
2021-04-12,-0.001500415777866193,-0.001500415777866193
2021-04-13,0.012093781117045399,0.012093781117045399
2021-04-14,-0.012664794375972677,-0.012664794375972677
2021-04-15,0.015599239061509174,0.015599239061509174
2021-04-16,0.00110603682032262,0.00110603682032262
2021-04-19,-0.009426565451370328,-0.009426565451370328
2021-04-20,-0.007411538253971117,-0.007411538253971117
2021-04-21,0.00906174674230198,0.00906174674230198
2021-04-22,-0.012141458771126268,-0.012141458771126268
2021-04-23,0.012854311739786572,0.012854311739786572
2021-04-26,0.006067351188339121,0.006067351188339121
2021-04-27,-0.004175141847767905,-0.004175141847767905
2021-04-28,-0.004353902386583508,-0.004353902386583508
2021-04-29,0.004408933038204665,0.004408933038204665
2021-04-30,-0.0074174938187551165,-0.0074174938187551165
2021-05-03,-0.0043321299638988675,-0.0043321299638988675
2021-05-04,-0.01841914430746916,-0.01841914430746916
2021-05-05,-0.0033244680851063357,-0.0033244680851063357
2021-05-06,0.007912682529093384,0.007912682529093384
2021-05-07,0.008236656799838205,0.008236656799838205
2021-05-10,-0.025748098980652445,-0.025748098980652445
2021-05-11,-0.0008048365058865858,-0.0008048365058865858
2021-05-12,-0.026037764124082097,-0.026037764124082097
2021-05-13,0.007827826287648554,0.007827826287648554
2021-05-14,0.021888895250090634,0.021888895250090634
2021-05-17,-0.006237394487189074,-0.006237394487189074
2021-05-18,-0.006877889277257854,-0.006877889277257854
2021-05-19,0.0016273085074174354,0.0016273085074174354
2021-05-20,0.01911814712661042,0.01911814712661042
2021-05-21,-0.006043080117154154,-0.006043080117154154
2021-05-24,0.01717642670645292,0.01717642670645292
2021-05-25,0.0015401257769385168,0.0015401257769385168
2021-05-26,0.003221967963386696,0.003221967963386696
2021-05-27,-0.0025364500647798716,-0.0025364500647798716
2021-05-28,0.0015367165489736934,0.0015367165489736934
2021-06-01,-0.0027581923793519314,-0.0027581923793519314
2021-06-02,0.0018316695668101346,0.0018316695668101346
2021-06-03,-0.010567693573452774,-0.010567693573452774
2021-06-04,0.017554557717538,0.017554557717538
2021-06-07,0.0027239544554815698,0.0027239544554815698
2021-06-08,0.0005252005722875541,0.0005252005722875541
2021-06-09,0.00019910943778733703,0.00019910943778733703
2021-06-10,0.010532602204245567,0.010532602204245567
2021-06-11,0.0024713909633051756,0.0024713909633051756
2021-06-14,0.009325258588348762,0.009325258588348762
2021-06-15,-0.006690383900600061,-0.006690383900600061
2021-06-16,-0.0034924538051709364,-0.0034924538051709364
2021-06-17,0.013178363880196775,0.013178363880196775
2021-06-18,-0.004099418481521955,-0.004099418481521955
2021-06-21,0.0015998883567003297,0.0015998883567003297
2021-06-22,0.009076433121019134,0.009076433121019134
2021-06-23,0.0003331404625392942,0.0003331404625392942
2021-06-24,0.006397672298955381,0.006397672298955381
2021-06-25,-0.0010624031210269003,-0.0010624031210269003
2021-06-28,0.012099867494246519,0.012099867494246519
2021-06-29,0.003479758828595969,0.003479758828595969
2021-06-30,-0.0009613403831627565,-0.0009613403831627565
2021-07-01,-3.4366623135606567e-05,-3.4366623135606567e-05
2021-07-02,0.01135855930164631,0.01135855930164631
2021-07-06,0.004196754736216057,0.004196754736216057
2021-07-07,0.0018104294270921972,0.0018104294270921972
2021-07-08,-0.006080156732929165,-0.006080156732929165
2021-07-09,0.006678108379071901,0.006678108379071901
2021-07-12,0.003966780324769603,0.003966780324769603
2021-07-13,-0.0002858247726011953,-0.0002858247726011953
2021-07-14,0.001799529095189989,0.001799529095189989
2021-07-15,-0.007000520422381529,-0.007000520422381529
2021-07-16,-0.007912087912087862,-0.007912087912087862
2021-07-19,-0.008844279336082561,-0.008844279336082561
2021-07-20,0.01251654832109761,0.01251654832109761
2021-07-21,0.007131819802686401,0.007131819802686401
2021-07-22,0.006794692384211931,0.006794692384211931
2021-07-23,0.011354121311585308,0.011354121311585308
2021-07-26,0.001308120280831826,0.001308120280831826
2021-07-27,-0.011245059615352826,-0.011245059615352826
2021-07-28,0.004264855914769772,0.004264855914769772
2021-07-29,0.0017486593611564238,0.0017486593611564238
2021-07-30,-0.005452943425712009,-0.005452943425712009
2021-08-02,-0.00020059174564968085,-0.00020059174564968085
2021-08-03,0.006253030379027358,0.006253030379027358
2021-08-04,0.0018110824956385496,0.0018110824956385496
2021-08-05,0.00625269512720994,0.00625269512720994
2021-08-06,-0.004763396021163269,-0.004763396021163269
2021-08-09,0.001970785995826674,0.001970785995826674
2021-08-10,-0.0053387547313267225,-0.0053387547313267225
2021-08-11,-0.0016617368473528238,-0.0016617368473528238
2021-08-12,0.0039282266387030695,0.0039282266387030695
2021-08-13,0.003133600822363025,0.003133600822363025
2021-08-16,0.0005454274994627362,0.0005454274994627362
2021-08-17,-0.00901942645698428,-0.00901942645698428
2021-08-18,-0.009884980830138335,-0.009884980830138335
2021-08-19,0.005303298146370983,0.005303298146370983
2021-08-20,0.0106343783494105,0.0106343783494105
2021-08-23,0.014433194690705475,0.014433194690705475
2021-08-24,0.003332353229442253,0.003332353229442253
2021-08-25,0.0005698284002475518,0.0005698284002475518
2021-08-26,-0.0058252111232243164,-0.0058252111232243164
2021-08-27,0.009934696148873101,0.009934696148873101
2021-08-30,0.011084821573266845,0.011084821573266845
2021-08-31,-0.0009616925789389663,-0.0009616925789389663
2021-09-01,0.001716669340606547,0.001716669340606547
2021-09-02,-0.0005285327610231594,-0.0005285327610231594
2021-09-03,0.0032369719889751014,0.0032369719889751014
2021-09-07,0.0014854806248603136,0.0014854806248603136
2021-09-08,-0.0034928786743010365,-0.0034928786743010365
2021-09-09,-0.003921254801536489,-0.003921254801536489
2021-09-10,-0.0075359524383386,-0.0075359524383386
2021-09-13,-0.00030761260240264043,-0.00030761260240264043
2021-09-14,-0.0032228286394481165,-0.0032228286394481165
2021-09-15,0.007603821407681899,0.007603821407681899
2021-09-16,0.0008868679050566541,0.0008868679050566541
2021-09-17,-0.002002872718338655,-0.002002872718338655
2021-09-20,-0.030811654428108848,-0.030811654428108848
2021-09-21,0.0009660548319396778,0.0009660548319396778
2021-09-22,0.00928514376996814,0.00928514376996814
2021-09-23,0.009232696936723128,0.009232696936723128
2021-09-24,0.0009965040676969128,0.0009965040676969128
2021-09-27,-0.008094655242758098,-0.008094655242758098
2021-09-28,-0.028299248095559282,-0.028299248095559282
2021-09-29,-0.0016932220322051217,-0.0016932220322051217
2021-09-30,-0.0038840550212859704,-0.0038840550212859704
2021-10-01,0.005397582155627356,0.005397582155627356
2021-10-04,-0.020288922383863706,-0.020288922383863706
2021-10-05,0.013345088074123934,0.013345088074123934
2021-10-06,0.007079374285665629,0.007079374285665629
2021-10-07,0.008283081509587342,0.008283081509587342
2021-10-08,-0.004905501889962194,-0.004905501889962194
2021-10-11,-0.007276349332297927,-0.007276349332297927
2021-10-12,-0.003214176388558254,-0.003214176388558254
2021-10-13,0.0075751113234265866,0.0075751113234265866
2021-10-14,0.01849061076587022,0.01849061076587022
2021-10-15,0.006467272938868396,0.006467272938868396
2021-10-18,0.01030757540718219,0.01030757540718219
2021-10-19,0.007063209182171848,0.007063209182171848
2021-10-20,-0.0013637691982985034,-0.0013637691982985034
2021-10-21,0.006584295236546911,0.006584295236546911
2021-10-22,-0.00889929742388762,-0.00889929742388762
2021-10-25,0.01008734763053254,0.01008734763053254
2021-10-26,0.0031782908216768657,0.0031782908216768657
2021-10-27,0.0027179157285299738,0.0027179157285299738
2021-10-28,0.011387512229546592,0.011387512229546592
2021-10-29,0.004678158549929368,0.004678158549929368
2021-11-01,0.003519904031316079,0.003519904031316079
2021-11-02,0.004215360900954757,0.004215360900954757
2021-11-03,0.01055681729187885,0.01055681729187885
2021-11-04,0.012461445465676846,0.012461445465676846
2021-11-05,0.0012859176706518927,0.0012859176706518927
2021-11-08,-0.0014677328114728327,-0.0014677328114728327
2021-11-09,-0.007043223959210532,-0.007043223959210532
2021-11-10,-0.014325145333148326,-0.014325145333148326
2021-11-11,0.002643847188761317,0.002643847188761317
2021-11-12,0.010609914028490763,0.010609914028490763
2021-11-15,-0.0003087801639622967,-0.0003087801639622967
2021-11-16,0.006980587172398911,0.006980587172398911
2021-11-17,0.0006594788583347277,0.0006594788583347277
2021-11-18,0.010406768231002728,0.010406768231002728
2021-11-19,0.005688282138794021,0.005688282138794021
2021-11-22,-0.011644042232277552,-0.011644042232277552
2021-11-23,-0.004272982541814185,-0.004272982541814185
2021-11-24,0.00331044629720445,0.00331044629720445
2021-11-26,-0.01924721984602229,-0.01924721984602229
2021-11-29,0.02116690548875466,0.02116690548875466
2021-11-30,-0.014657657520247724,-0.014657657520247724
2021-12-01,-0.017383362744187503,-0.017383362744187503
2021-12-02,0.0074827895839568725,0.0074827895839568725
2021-12-03,-0.016934046345811082,-0.016934046345811082
2021-12-06,0.007952792225350391,0.007952792225350391
2021-12-07,0.029997948588471157,0.029997948588471157
2021-12-08,0.004550189974261487,0.004550189974261487
2021-12-09,-0.014854580670743744,-0.014854580670743744
2021-12-10,0.011208297855871185,0.011208297855871185
2021-12-13,-0.015171695831228238,-0.015171695831228238
2021-12-14,-0.009778012684989457,-0.009778012684989457
2021-12-15,0.0228104051868947,0.0228104051868947
2021-12-16,-0.02563236738703345,-0.02563236738703345
2021-12-17,-0.009651850130745765,-0.009651850130745765
2021-12-20,-0.006112384973384732,-0.006112384973384732
2021-12-21,0.02296551172281358,0.02296551172281358
2021-12-22,0.011874217772215312,0.011874217772215312
2021-12-23,0.007993320861485076,0.007993320861485076
2021-12-27,0.016013252346769757,0.016013252346769757
2021-12-28,-0.004347826086956497,-0.004347826086956497
2021-12-29,0.0001516254245512716,0.0001516254245512716
2021-12-30,-0.0036536187501895467,-0.0036536187501895467
2021-12-31,-0.006664536449536684,-0.006664536449536684
2022-01-03,0.010094511588009114,0.010094511588009114
2022-01-04,-0.012723302295957084,-0.012723302295957084
2022-01-05,-0.03128888069674207,-0.03128888069674207
2022-01-06,-0.000475692132052119,-0.000475692132052119
2022-01-07,-0.01129513293990736,-0.01129513293990736
2022-01-10,0.0017328797894871073,0.0017328797894871073
2022-01-11,0.014287544848795575,0.014287544848795575
2022-01-12,0.0035531552018193135,0.0035531552018193135
2022-01-13,-0.02498859148058974,-0.02498859148058974
2022-01-14,0.006810735785413469,0.006810735785413469
2022-01-18,-0.0249907827452992,-0.0249907827452992
2022-01-19,-0.011344206234381149,-0.011344206234381149
2022-01-20,-0.01280473608940036,-0.01280473608940036
2022-01-21,-0.027929384812344193,-0.027929384812344193
2022-01-24,0.005164107718434785,0.005164107718434785
2022-01-25,-0.02484311426798147,-0.02484311426798147
2022-01-26,0.0012552375227621315,0.0012552375227621315
2022-01-27,-0.01213052230109124,-0.01213052230109124
2022-01-28,0.03190519598906105,0.03190519598906105
2022-01-31,0.0327028337836901,0.0327028337836901
2022-02-01,0.006021469305602212,0.006021469305602212
2022-02-02,0.007986128478300714,0.007986128478300714
2022-02-03,-0.04116907605279696,-0.04116907605279696
2022-02-04,0.013334713381289998,0.013334713381289998
2022-02-07,-0.008562868135235435,-0.008562868135235435
2022-02-08,0.012002266522433525,0.012002266522433525
2022-02-09,0.02061488343683182,0.02061488343683182
2022-02-10,-0.022426146659351942,-0.022426146659351942
2022-02-11,-0.03132439970070067,-0.03132439970070067
2022-02-14,0.0008777781679014662,0.0008777781679014662
2022-02-15,0.025012278116887776,0.025012278116887776
2022-02-16,-0.0006502618159416329,-0.0006502618159416329
2022-02-17,-0.029811643835616408,-0.029811643835616408
2022-02-18,-0.011913376515646279,-0.011913376515646279
2022-02-22,-0.009520577307802203,-0.009520577307802203
2022-02-23,-0.02562622856215402,-0.02562622856215402
2022-02-24,0.03398112159911171,0.03398112159911171
2022-02-25,0.015322378548670024,0.015322378548670024
2022-02-28,0.0033496703219209056,0.0033496703219209056
2022-03-01,-0.01563817824008995,-0.01563817824008995
2022-03-02,0.016689871836064407,0.016689871836064407
2022-03-03,-0.014660182242744568,-0.014660182242744568
2022-03-04,-0.013595381490324687,-0.013595381490324687
2022-03-07,-0.03750067739662932,-0.03750067739662932
2022-03-08,-0.0040350580860687435,-0.0040350580860687435
2022-03-09,0.035256651842918485,0.035256651842918485
2022-03-10,-0.010830193487322282,-0.010830193487322282
2022-03-11,-0.021639923450610943,-0.021639923450610943
2022-03-14,-0.018544989467348727,-0.018544989467348727
2022-03-15,0.031141006477329425,0.031141006477329425
2022-03-16,0.037262809671604114,0.037262809671604114
2022-03-17,0.011377481545187473,0.011377481545187473
2022-03-18,-0.0011650170735379994,-0.0011650170735379994
2022-03-21,0.01952354634814868,0.01952354634814868
2022-03-22,0.019727914825510506,0.019727914825510506
2022-03-23,-0.014125835949228893,-0.014125835949228893
2022-03-24,0.02192496712120162,0.02192496712120162
2022-03-25,-0.000541867750402214,-0.000541867750402214
2022-03-28,0.015553258899073219,0.015553258899073219
2022-03-29,0.016849902404030725,0.016849902404030725
2022-03-30,-0.010910403438827876,-0.010910403438827876
2022-03-31,-0.013452542878943707,-0.013452542878943707
2022-04-01,-0.00033627574611183597,-0.00033627574611183597
2022-04-04,0.02021697081826601,0.02021697081826601
2022-04-05,-0.022173862868259175,-0.022173862868259175
2022-04-06,-0.021766253034799066,-0.021766253034799066
2022-04-07,0.0021199220971717114,0.0021199220971717114
2022-04-08,-0.014378095762245469,-0.014378095762245469
2022-04-11,-0.022824038528652224,-0.022824038528652224
2022-04-12,-0.003928571428571392,-0.003928571428571392
2022-04-13,0.019827895302976017,0.019827895302976017
2022-04-14,-0.023046092184368705,-0.023046092184368705
2022-04-18,0.0010076473234368333,0.0010076473234368333
2022-04-19,0.022253779367618742,0.022253779367618742
2022-04-20,-0.014946631732578375,-0.014946631732578375
2022-04-21,-0.019743301379889,-0.019743301379889
2022-04-22,-0.02729772549305265,-0.02729772549305265
2022-04-25,0.013648107237802742,0.013648107237802742
2022-04-26,-0.03839831557172668,-0.03839831557172668
2022-04-27,-0.0005377996312231348,-0.0005377996312231348
2022-04-28,0.034264739795526244,0.034264739795526244
2022-04-29,-0.04479830543116747,-0.04479830543116747
2022-05-02,0.01719576719576721,0.01719576719576721
2022-05-03,0.0011091562762945983,0.0011091562762945983
2022-05-04,0.0339063992359121,0.0339063992359121
2022-05-05,-0.049755196304849925,-0.049755196304849925
2022-05-06,-0.012618603204230805,-0.012618603204230805
2022-05-09,-0.03954079120965681,-0.03954079120965681
2022-05-10,0.012731932342388452,0.012731932342388452
2022-05-11,-0.03071098874402789,-0.03071098874402789
2022-05-12,-0.0018797385074875717,-0.0018797385074875717
2022-05-13,0.03645190315763047,0.03645190315763047
2022-05-16,-0.01114453574529084,-0.01114453574529084
2022-05-17,0.025766144674248093,0.025766144674248093
2022-05-18,-0.049740251985430195,-0.049740251985430195
2022-05-19,-0.004796615139709304,-0.004796615139709304
2022-05-20,-0.0031570307073853776,-0.0031570307073853776
2022-05-23,0.016426324346008547,0.016426324346008547
2022-05-24,-0.021956336594586734,-0.021956336594586734
2022-05-25,0.014548466570384777,0.014548466570384777
2022-05-26,0.0282191379346437,0.0282191379346437
2022-05-27,0.032453122136938406,0.032453122136938406
2022-05-31,-0.002464948433278824,-0.002464948433278824
2022-06-01,-0.007551496461471574,-0.007551496461471574
2022-06-02,0.02730858098956257,0.02730858098956257
2022-06-03,-0.026582646631119755,-0.026582646631119755
2022-06-06,0.004302446020237438,0.004302446020237438
2022-06-07,0.008449028163427297,0.008449028163427297
2022-06-08,-0.007532549266412336,-0.007532549266412336
2022-06-09,-0.027009888433109364,-0.027009888433109364
2022-06-10,-0.035437881873727095,-0.035437881873727095
2022-06-13,-0.04590371621621625,-0.04590371621621625
2022-06-14,0.0015712831407959094,0.0015712831407959094
2022-06-15,0.024703360806063168,0.024703360806063168
2022-06-16,-0.04045283018867929,-0.04045283018867929
2022-06-17,0.000506946083058013,0.000506946083058013
2022-06-21,0.04014777251084212,0.04014777251084212
2022-06-22,-0.0009933274309529283,-0.0009933274309529283
2022-06-23,0.01484988003372023,0.01484988003372023
2022-06-24,0.034334398296059554,0.034334398296059554
2022-06-27,-0.008236893043943816,-0.008236893043943816
2022-06-28,-0.030418172002823818,-0.030418172002823818
2022-06-29,0.0014347816776238975,0.0014347816776238975
2022-06-30,-0.013814044991874108,-0.013814044991874108
2022-07-01,0.007090506960405918,0.007090506960405918
2022-07-05,0.01698783507374313,0.01698783507374313
2022-07-06,0.006076131600118551,0.006076131600118551
2022-07-07,0.021737758043812283,0.021737758043812283
2022-07-08,0.001112163776413988,0.001112163776413988
2022-07-11,-0.022033410138248888,-0.022033410138248888
2022-07-12,-0.008856259334833916,-0.008856259334833916
2022-07-13,-0.0014220222429748297,-0.0014220222429748297
2022-07-14,0.002996875597780946,0.002996875597780946
2022-07-15,0.017800381436745116,0.017800381436745116
2022-07-18,-0.008369768894440965,-0.008369768894440965
2022-07-19,0.030822205425379945,0.030822205425379945
2022-07-20,0.015581717451523591,0.015581717451523591
2022-07-21,0.01401897274422903,0.01401897274422903
2022-07-22,-0.017128164556961978,-0.017128164556961978
2022-07-25,-0.005553990421378829,-0.005553990421378829
2022-07-26,-0.019588004370877043,-0.019588004370877043
2022-07-27,0.04181630546955617,0.04181630546955617
2022-07-28,0.009390601473967752,0.009390601473967752
2022-07-29,0.0183709519136408,0.0183709519136408
2022-08-01,-0.0006938287784759023,-0.0006938287784759023
2022-08-02,-0.0029315332690452722,-0.0029315332690452722
2022-08-03,0.02684823397423508,0.02684823397423508
2022-08-04,0.004181893531251202,0.004181893531251202
2022-08-05,-0.007372251819614317,-0.007372251819614317
2022-08-08,-0.0034394784087687924,-0.0034394784087687924
2022-08-09,-0.011510818652456734,-0.011510818652456734
2022-08-10,0.02766373786594012,0.02766373786594012
2022-08-11,-0.006029719235364439,-0.006029719235364439
2022-08-12,0.02002065921682794,0.02002065921682794
2022-08-15,0.007622765185689717,0.007622765185689717
2022-08-16,-0.0016811329374143424,-0.0016811329374143424
2022-08-17,-0.012080610619955023,-0.012080610619955023
2022-08-18,0.0022233338891668453,0.0022233338891668453
2022-08-19,-0.018837927273399502,-0.018837927273399502
2022-08-22,-0.027037720917963637,-0.027037720917963637
2022-08-23,-0.0010263560487228096,-0.0010263560487228096
2022-08-24,0.0025782188965999264,0.0025782188965999264
2022-08-25,0.017498404841547632,0.017498404841547632
2022-08-26,-0.04070386135603532,-0.04070386135603532
2022-08-29,-0.010122419872429789,-0.010122419872429789
2022-08-30,-0.010726221208300801,-0.010726221208300801
2022-08-31,-0.005947203398401935,-0.005947203398401935
2022-09-01,0.0005697889745832629,0.0005697889745832629
2022-09-02,-0.0152941894282983,-0.0152941894282983
2022-09-06,-0.007042980771216678,-0.007042980771216678
2022-09-07,0.02032199018221159,0.02032199018221159
2022-09-08,0.004770350437282023,0.004770350437282023
2022-09-09,0.021973339825917648,0.021973339825917648
2022-09-12,0.01177288068294624,0.01177288068294624
2022-09-13,-0.05527539587543906,-0.05527539587543906
2022-09-14,0.00876500643874878,0.00876500643874878
2022-09-15,-0.017068851918959016,-0.017068851918959016
2022-09-16,-0.010068909853578889,-0.010068909853578889
2022-09-19,0.017725549320432243,0.017725549320432243
2022-09-20,-0.008462242182302071,-0.008462242182302071
2022-09-21,-0.017802847616850803,-0.017802847616850803
2022-09-22,-0.012339880444064866,-0.012339880444064866
2022-09-23,-0.01632008992261469,-0.01632008992261469
2022-09-26,-0.0053178631858834535,-0.0053178631858834535
2022-09-27,0.001546448691041702,0.001546448691041702
2022-09-28,0.019587515164883662,0.019587515164883662
2022-09-29,-0.028340869264219082,-0.028340869264219082
2022-09-30,-0.017166521942421964,-0.017166521942421964
2022-10-03,0.022676815731049738,0.022676815731049738
2022-10-04,0.03145559665950426,0.03145559665950426
2022-10-05,-0.0014603870025556853,-0.0014603870025556853
2022-10-06,-0.0070545219916120505,-0.0070545219916120505
2022-10-07,-0.038144128923256915,-0.038144128923256915
2022-10-10,-0.010539116335630316,-0.010539116335630316
2022-10-11,-0.012699713232281806,-0.012699713232281806
2022-10-12,-0.0004149377593360981,-0.0004149377593360981
2022-10-13,0.022439001891056742,0.022439001891056742
2022-10-14,-0.030652982970565068,-0.030652982970565068
2022-10-17,0.034088793745346235,0.034088793745346235
2022-10-18,0.007965617335343511,0.007965617335343511
2022-10-19,-0.004062953454626594,-0.004062953454626594
2022-10-20,-0.0056037477865196195,-0.0056037477865196195
2022-10-21,0.0241417397380701,0.0241417397380701
2022-10-24,0.01058678522692258,0.01058678522692258
2022-10-25,0.020450833061091078,0.020450833061091078
2022-10-26,-0.022836897596789973,-0.022836897596789973
2022-10-27,-0.018412545867552033,-0.018412545867552033
2022-10-28,0.03130771455908854,0.03130771455908854
2022-10-31,-0.012060930352981836,-0.012060930352981836
2022-11-01,-0.010067920242853079,-0.010067920242853079
2022-11-02,-0.03419519943522764,-0.03419519943522764
2022-11-03,-0.019781625473982323,-0.019781625473982323
2022-11-04,0.015123974645786742,0.015123974645786742
2022-11-07,0.011386331810564476,0.011386331810564476
2022-11-08,0.0072633179744421295,0.0072633179744421295
2022-11-09,-0.023751042206548445,-0.023751042206548445
2022-11-10,0.07400226207788019,0.07400226207788019
2022-11-11,0.018547572481678154,0.018547572481678154
2022-11-14,-0.00955857528696824,-0.00955857528696824
2022-11-15,0.014444278744753847,0.014444278744753847
2022-11-16,-0.013839595102589364,-0.013839595102589364
2022-11-17,-0.002470292601899571,-0.002470292601899571
2022-11-18,-0.00021348362580586588,-0.00021348362580586588
2022-11-21,-0.010249402118209794,-0.010249402118209794
2022-11-22,0.014368312046945109,0.014368312046945109
2022-11-23,0.009209239014845272,0.009209239014845272
2022-11-25,-0.006743798866198802,-0.006743798866198802
2022-11-28,-0.014130826844327538,-0.014130826844327538
2022-11-29,-0.007876896588830284,-0.007876896588830284
2022-11-30,0.04490336015965646,0.04490336015965646
2022-12-01,0.0017023396790467604,0.0017023396790467604
2022-12-02,-0.0043522414043232205,-0.0043522414043232205
2022-12-05,-0.017027122666056105,-0.017027122666056105
2022-12-06,-0.0203079008110455,-0.0203079008110455
2022-12-07,-0.004885007781428308,-0.004885007781428308
2022-12-08,0.011816325644033121,0.011816325644033121
2022-12-09,-0.006504658451762513,-0.006504658451762513
2022-12-12,0.01227338533676181,0.01227338533676181
2022-12-13,0.010929195039170114,0.010929195039170114
2022-12-14,-0.0075170506133998005,-0.0075170506133998005
2022-12-15,-0.03433823372976197,-0.03433823372976197
2022-12-16,-0.001781044829143652,-0.001781044829143652
2022-12-19,-0.011811562297044165,-0.011811562297044165
2022-12-20,-0.0015634422531436432,-0.0015634422531436432
2022-12-21,0.014204863208285845,0.014204863208285845
2022-12-22,-0.024725395915126347,-0.024725395915126347
2022-12-23,0.0018997218264469318,0.0018997218264469318
2022-12-27,-0.014424053633100842,-0.014424053633100842
2022-12-28,-0.013077733498236488,-0.013077733498236488
2022-12-29,0.024134970179387816,0.024134970179387816
2022-12-30,-0.0009517119485169534,-0.0009517119485169534
2023-01-03,-0.006963188096804185,-0.006963188096804185
2023-01-04,0.004910693892467233,0.004910693892467233
2023-01-05,-0.016273836852512713,-0.016273836852512713
2023-01-06,0.02710196159977829,0.02710196159977829
2023-01-09,0.006478607099473566,0.006478607099473566
2023-01-10,0.008627240624022203,0.008627240624022203
2023-01-11,0.017239851090232294,0.017239851090232294
2023-01-12,0.005032021957914079,0.005032021957914079
2023-01-13,0.0063940004768408,0.0063940004768408
2023-01-17,0.0014214334941420326,0.0014214334941420326
2023-01-18,-0.01279624930104517,-0.01279624930104517
2023-01-19,-0.010391477681197303,-0.010391477681197303
2023-01-20,0.028221723242196184,0.028221723242196184
2023-01-23,0.022009077674060018,0.022009077674060018
2023-01-24,-0.002052957935310906,-0.002052957935310906
2023-01-25,-0.003043788572148265,-0.003043788572148265
2023-01-26,0.01966605605036542,0.01966605605036542
2023-01-27,0.009540132570673432,0.009540132570673432
2023-01-30,-0.02080222544948762,-0.02080222544948762
2023-01-31,0.015374331550802145,0.015374331550802145
2023-02-01,0.02158080974325216,0.02158080974325216
2023-02-02,0.034838995509193005,0.034838995509193005
2023-02-03,-0.017339015704361027,-0.017339015704361027
2023-02-06,-0.008594740177439775,-0.008594740177439775
2023-02-07,0.02087411609604084,0.02087411609604084
2023-02-08,-0.018118848690003353,-0.018118848690003353
2023-02-09,-0.009545445487335824,-0.009545445487335824
2023-02-10,-0.0063780129572250654,-0.0063780129572250654
2023-02-13,0.015733522324592464,0.015733522324592464
2023-02-14,0.007216618157170673,0.007216618157170673
2023-02-15,0.00783785923521485,0.00783785923521485
2023-02-16,-0.019442262372348806,-0.019442262372348806
2023-02-17,-0.007410374524334018,-0.007410374524334018
2023-02-21,-0.02366828087167072,-0.02366828087167072
2023-02-22,6.200012400014998e-05,6.200012400014998e-05
2023-02-23,0.009092787766067367,0.009092787766067367
2023-02-24,-0.0172434978496826,-0.0172434978496826
2023-02-27,0.007189297324331045,0.007189297324331045
2023-02-28,-0.0009103511058696778,-0.0009103511058696778
2023-03-01,-0.009153223301373026,-0.009153223301373026
2023-03-02,0.008380880723974249,0.008380880723974249
2023-03-03,0.020664068976952388,0.020664068976952388
2023-03-06,0.0009950248756218638,0.0009950248756218638
2023-03-07,-0.012537022761390793,-0.012537022761390793
2023-03-08,0.0048689292464458855,0.0048689292464458855
2023-03-09,-0.018072904953693292,-0.018072904953693292
2023-03-10,-0.013908263757313244,-0.013908263757313244
2023-03-13,0.007727877367454283,0.007727877367454283
2023-03-14,0.023068703249732758,0.023068703249732758
2023-03-15,0.0033382485459163558,0.0033382485459163558
2023-03-16,0.027372374517768527,0.027372374517768527
2023-03-17,0.0009258833843279746,0.0009258833843279746
2023-03-20,0.007451545415254834,0.007451545415254834
2023-03-21,0.014087559601213773,0.014087559601213773
2023-03-22,-0.01245409858361346,-0.01245409858361346
2023-03-23,0.011568426851341851,0.011568426851341851
2023-03-24,0.0028201338104869578,0.0028201338104869578
2023-03-27,-0.007893562964255918,-0.007893562964255918
2023-03-28,-0.004378934198694173,-0.004378934198694173
2023-03-29,0.01826035735322984,0.01826035735322984
2023-03-30,0.009024296182028602,0.009024296182028602
2023-03-31,0.016797890230851653,0.016797890230851653
2023-04-03,-0.0023869039787998148,-0.0023869039787998148
2023-04-04,-0.0038432554634514338,-0.0038432554634514338
2023-04-05,-0.010534079733716673,-0.010534079733716673
2023-04-06,0.006957319520632943,0.006957319520632943
2023-04-10,-0.0009680542110358514,-0.0009680542110358514
2023-04-11,-0.006326949384404923,-0.006326949384404923
2023-04-12,-0.009369204000076459,-0.009369204000076459
2023-04-13,0.01988071570576544,0.01988071570576544
2023-04-14,-0.0021574973031284195,-0.0021574973031284195
2023-04-17,0.0003982930298720433,0.0003982930298720433
2023-04-18,0.0004929283737156176,0.0004929283737156176
2023-04-19,-0.0007579777154551604,-0.0007579777154551604
2023-04-20,-0.008249260411135606,-0.008249260411135606
2023-04-21,0.0012429011224353026,0.0012429011224353026
2023-04-24,-0.002597303387953054,-0.002597303387953054
2023-04-25,-0.018917780415884766,-0.018917780415884766
2023-04-26,0.00610874741402867,0.00610874741402867
2023-04-27,0.026653217202382118,0.026653217202382118
2023-04-28,0.0067264997638167845,0.0067264997638167845
2023-05-01,-0.001013494491469702,-0.001013494491469702
2023-05-02,-0.009187066714261505,-0.009187066714261505
2023-05-03,-0.006352155940687942,-0.006352155940687942
2023-05-04,-0.004350895941072075,-0.004350895941072075
2023-05-05,0.021006229036895085,0.021006229036895085
2023-05-08,0.002590527679225074,0.002590527679225074
2023-05-09,-0.006553202643749145,-0.006553202643749145
2023-05-10,0.010912380557492662,0.010912380557492662
2023-05-11,0.002759237853760421,0.002759237853760421
2023-05-12,-0.0037370319413974062,-0.0037370319413974062
2023-05-15,0.005355976485956981,0.005355976485956981
2023-05-16,0.0011323136323135863,0.0011323136323135863
2023-05-17,0.01188511671889203,0.01188511671889203
2023-05-18,0.01836039139516976,0.01836039139516976
2023-05-19,-0.002591046494889837,-0.002591046494889837
2023-05-22,0.003211141578871368,0.003211141578871368
2023-05-23,-0.012497752202841217,-0.012497752202841217
2023-05-24,-0.005717927706455406,-0.005717927706455406
2023-05-25,0.023900661160052072,0.023900661160052072
2023-05-26,0.02547132687010345,0.02547132687010345
2023-05-30,0.00448281876853307,0.00448281876853307
2023-05-31,-0.006685536666261482,-0.006685536666261482
2023-06-01,0.012010069577986782,0.012010069577986782
2023-06-02,0.007117068873188304,0.007117068873188304
2023-06-05,0.0009262276804857805,0.0009262276804857805
2023-06-06,-0.00015422842944046167,-0.00015422842944046167
2023-06-07,-0.017481918212045366,-0.017481918212045366
2023-06-08,0.011966646896696131,0.011966646896696131
2023-06-09,0.0036716541405226177,0.0036716541405226177
2023-06-12,0.01677973379132669,0.01677973379132669
2023-06-13,0.007685551163812088,0.007685551163812088
2023-06-14,0.0066044219454548525,0.0066044219454548525
2023-06-15,0.011673410934039508,0.011673410934039508
2023-06-16,0.008467892517941777,0.008467892517941777
2023-06-20,-0.0039245205161446695,-0.0039245205161446695
2023-06-21,-0.013928489496280227,-0.013928489496280227
2023-06-22,0.011350039883009755,0.011350039883009755
2023-06-23,-0.010286071082337811,-0.010286071082337811
2023-06-26,-0.013397971211794202,-0.013397971211794202
2023-06-27,0.017164204220375012,0.017164204220375012
2023-06-28,0.001224233199880853,0.001224233199880853
2023-06-29,-0.00196629213483146,-0.00196629213483146
2023-06-30,0.015678548368404543,0.015678548368404543
2023-07-03,0.0018093499380582578,0.0018093499380582578
2023-07-05,-0.00026033615906539964,-0.00026033615906539964
2023-07-06,-0.007991146265644566,-0.007991146265644566
2023-07-07,-0.0036914293214332927,-0.0036914293214332927
2023-07-10,0.0003458099362720901,0.0003458099362720901
2023-07-11,0.004806742608810088,0.004806742608810088
2023-07-12,0.012106815203145382,0.012106815203145382
2023-07-13,0.017271241036598273,0.017271241036598273
2023-07-14,-0.001097921904337551,-0.001097921904337551
2023-07-17,0.009334628924606125,0.009334628924606125
2023-07-18,0.008459195429509236,0.008459195429509236
2023-07-19,-0.0009702812250582671,-0.0009702812250582671
2023-07-20,-0.022996068110970103,-0.022996068110970103
2023-07-21,-0.00335102374577112,-0.00335102374577112
2023-07-24,0.0013674388674389526,0.0013674388674389526
2023-07-25,0.007181299702787358,0.007181299702787358
2023-07-26,-0.003971798634594514,-0.003971798634594514
2023-07-27,-0.002546322245888244,-0.002546322245888244
2023-07-28,0.0177573694688844,0.0177573694688844
2023-07-31,0.0006310143555765535,0.0006310143555765535
2023-08-01,-0.0025382311209206643,-0.0025382311209206643
2023-08-02,-0.02176421312175003,-0.02176421312175003
2023-08-03,-0.0022135332514703343,-0.0022135332514703343
2023-08-04,-0.00548943405392277,-0.00548943405392277
2023-08-07,0.008564543441448524,0.008564543441448524
2023-08-08,-0.008475670788802403,-0.008475670788802403
2023-08-09,-0.011462624354820372,-0.011462624354820372
2023-08-10,0.0015153262069078632,0.0015153262069078632
2023-08-11,-0.006940218732012116,-0.006940218732012116
2023-08-14,0.011559544905022978,0.011559544905022978
2023-08-15,-0.010723465562122447,-0.010723465562122447
2023-08-16,-0.010872803098004202,-0.010872803098004202
2023-08-17,-0.0109923204336696,-0.0109923204336696
2023-08-18,-0.0023007172824468514,-0.0023007172824468514
2023-08-21,0.016396500271296688,0.016396500271296688
2023-08-22,-0.0018183941411007432,-0.0018183941411007432
2023-08-23,0.015843834609085228,0.015843834609085228
2023-08-24,-0.021947287025764206,-0.021947287025764206
2023-08-25,0.00788924774592914,0.00788924774592914
2023-08-28,0.0075604586344442115,0.0075604586344442115
2023-08-29,0.021417922809342294,0.021417922809342294
2023-08-30,0.005546275724502614,0.005546275724502614
2023-08-31,0.0024030320135473016,0.0024030320135473016
2023-09-01,-0.0014319271486952223,-0.0014319271486952223
2023-09-05,0.0011761862563441916,0.0011761862563441916
2023-09-06,-0.008690334416942891,-0.008690334416942891
2023-09-07,-0.00761388356764825,-0.00761388356764825
2023-09-08,0.0009978897086488914,0.0009978897086488914
2023-09-11,0.011652230756659554,0.011652230756659554
2023-09-12,-0.011049545256288096,-0.011049545256288096
2023-09-13,0.0033649683921659346,0.0033649683921659346
2023-09-14,0.00792836792836793,0.00792836792836793
2023-09-15,-0.002765202525358612,-0.002765202525358612
2023-09-18,-0.0013411031311914012,-0.0013411031311914012
2023-09-19,-0.002546303804859096,-0.002546303804859096
2023-09-20,-0.014520089104242184,-0.014520089104242184
2023-09-21,-0.01908988912354803,-0.01908988912354803
2023-09-22,0.0004541555230357375,0.0004541555230357375
2023-09-25,0.0044218030196039315,0.0044218030196039315
2023-09-26,-0.014746991178587576,-0.014746991178587576
2023-09-27,0.0016309887869521145,0.0016309887869521145
2023-09-28,0.008192550376552088,0.008192550376552088
2023-09-29,0.0004542472114268392,0.0004542472114268392
2023-10-02,0.007954125046244931,0.007954125046244931
2023-10-03,-0.018035002252289822,-0.018035002252289822
2023-10-04,0.014220666689320094,0.014220666689320094
2023-10-05,-0.004154451796632874,-0.004154451796632874
2023-10-06,0.016838528437095324,0.016838528437095324
2023-10-09,0.004962943356273231,0.004962943356273231
2023-10-10,0.005514584842299275,0.005514584842299275
2023-10-11,0.007154200022919666,0.007154200022919666
2023-10-12,-0.004226267880364065,-0.004226267880364065
2023-10-13,-0.012716291217760411,-0.012716291217760411
2023-10-16,0.011193597989451298,0.011193597989451298
2023-10-17,-0.003188462670460135,-0.003188462670460135
2023-10-18,-0.014139724094942796,-0.014139724094942796
2023-10-19,-0.00900151411790151,-0.00900151411790151
2023-10-20,-0.015177971793149725,-0.015177971793149725
2023-10-23,0.003273322422258529,0.003273322422258529
2023-10-24,0.00914219684611206,0.00914219684611206
2023-10-25,-0.02480382581753271,-0.02480382581753271
2023-10-26,-0.019632897622295475,-0.019632897622295475
2023-10-27,0.00501972664506134,0.00501972664506134
