date,ZF=F Long Only,ZF=F Using TFT
2017-07-05,0.00019929582143096702,0.00019929582143096702
2017-07-06,-0.0005977683315622206,-0.0005977683315622206
2017-07-07,-0.0005316674420150491,-0.0005316674420150491
2017-07-10,0.001130394308132221,0.001130394308132221
2017-07-11,0.00046493092454835683,0.00046493092454835683
2017-07-12,0.0016596959437031877,0.0016596959437031877
2017-07-13,-0.0003976670201484289,-0.0003976670201484289
2017-07-14,0.0012597798700437757,0.0012597798700437757
2017-07-17,0.00033110390040391735,0.00033110390040391735
2017-07-18,0.0011253806434530222,0.0011253806434530222
2017-07-19,-0.00013224889241547633,-0.00013224889241547633
2017-07-20,6.613319224912928e-05,6.613319224912928e-05
2017-07-21,0.0009919322840894473,0.0009919322840894473
2017-07-24,-0.0008588227521966196,-0.0008588227521966196
2017-07-25,-0.0024464427400158195,-0.0024464427400158195
2017-07-26,0.0027838536488367094,0.0027838536488367094
2017-07-27,-0.000793178663493932,-0.000793178663493932
2017-07-28,0.00046305483892306043,0.00046305483892306043
2017-07-31,-6.612007405448761e-05,-6.612007405448761e-05
2017-08-01,0.0012563644779475247,0.0012563644779475247
2017-08-02,-0.0007924976885483881,-0.0007924976885483881
2017-08-03,0.001189689358889634,0.001189689358889634
2017-08-04,-0.0012542909955109982,-0.0012542909955109982
2017-08-07,0.0005948839976204212,0.0005948839976204212
2017-08-08,-0.0007266481701677652,-0.0007266481701677652
2017-08-09,0.0014543531433859336,0.0014543531433859336
2017-08-10,0.0005940986203709642,0.0005940986203709642
2017-08-11,0.0019131811584642833,0.0019131811584642833
2017-08-14,-0.0012510699940738723,-0.0012510699940738723
2017-08-15,-0.001977848101265778,-0.001977848101265778
2017-08-16,0.0015854141894569018,0.0015854141894569018
2017-08-17,0.0007254979554147667,0.0007254979554147667
2017-08-18,0.0,0.0
2017-08-21,0.0005931589006789029,0.0005931589006789029
2017-08-22,-0.0013832169674614647,-0.0013832169674614647
2017-08-23,0.001517050326495628,0.001517050326495628
2017-08-24,-0.001119599578503716,-0.001119599578503716
2017-08-25,0.0006593261686556051,0.0006593261686556051
2017-08-28,0.0007247809184951493,0.0007247809184951493
2017-08-29,0.0010534632604688454,0.0010534632604688454
2017-08-30,-0.0006577216521967966,-0.0006577216521967966
2017-08-31,0.0006581545346846518,0.0006581545346846518
2017-09-01,-0.00105235464351483,-0.00105235464351483
2017-09-05,0.0035554385040821312,0.0035554385040821312
2017-09-06,-0.0016402046975462214,-0.0016402046975462214
2017-09-07,0.0018400473155024688,0.0018400473155024688
2017-09-08,-6.559527714000701e-05,-6.559527714000701e-05
2017-09-11,-0.0022303857255313586,-0.0022303857255313586
2017-09-12,-0.0014464168310321934,-0.0014464168310321934
2017-09-13,-0.0010534632604688454,-0.0010534632604688454
2017-09-14,-0.00046137621935138373,-0.00046137621935138373
2017-09-15,-0.0006594131223210953,-0.0006594131223210953
2017-09-18,-0.0008578027053777193,-0.0008578027053777193
2017-09-19,-0.00039624884427424956,-0.00039624884427424956
2017-09-20,-0.00184989429175475,-0.00184989429175475
2017-09-21,-0.00033095048980669173,-0.00033095048980669173
2017-09-22,0.0006621201085876827,0.0006621201085876827
2017-09-25,0.0014557003903923338,0.0014557003903923338
2017-09-26,-0.0003964321110010438,-0.0003964321110010438
2017-09-27,-0.0019829466587348854,-0.0019829466587348854
2017-09-28,0.0008609841711371136,0.0008609841711371136
2017-09-29,-0.0007278983589200649,-0.0007278983589200649
2017-10-02,-0.004436792265412937,-0.004436792265412937
2017-10-03,0.00046561128109612326,0.00046561128109612326
2017-10-04,0.0,0.0
2017-10-05,-0.000997274117412461,-0.000997274117412461
2017-10-06,-0.0008651670437908043,-0.0008651670437908043
2017-10-09,0.0003330446945979393,0.0003330446945979393
2017-10-10,0.0006658676255160145,0.0006658676255160145
2017-10-11,-0.00046579717859995817,-0.00046579717859995817
2017-10-12,0.0005325877105386567,0.0005325877105386567
2017-10-13,0.0013972985561248041,0.0013972985561248041
2017-10-16,-0.001993355481727521,-0.001993355481727521
2017-10-17,0.0,0.0
2017-10-18,-0.0011318242343542062,-0.0011318242343542062
2017-10-19,0.0005332266879958247,0.0005332266879958247
2017-10-20,-0.0015322097128772638,-0.0015322097128772638
2017-10-23,0.0007339204697089929,0.0007339204697089929
2017-10-24,-0.0007333822254816935,-0.0007333822254816935
2017-10-25,-0.0011342407259140597,-0.0011342407259140597
2017-10-26,-0.0005343664417875038,-0.0005343664417875038
2017-10-27,0.001136135801643956,0.001136135801643956
2017-10-30,0.0019359145527368948,0.0019359145527368948
2017-10-31,-0.000599640215870445,-0.000599640215870445
2017-11-01,-0.0005333333333333856,-0.0005333333333333856
2017-11-02,0.0008671291355388799,0.0008671291355388799
2017-11-03,-0.0002665778073975833,-0.0002665778073975833
2017-11-06,0.0006666222251849874,0.0006666222251849874
2017-11-07,6.661781360328689e-05,6.661781360328689e-05
2017-11-08,-0.0007327471356248783,-0.0007327471356248783
2017-11-09,0.00013332444503699747,0.00013332444503699747
2017-11-10,-0.001799640071985631,-0.001799640071985631
2017-11-13,-0.000934829059829112,-0.000934829059829112
2017-11-14,0.000401015906964286,0.000401015906964286
2017-11-15,0.0009353287012292544,0.0009353287012292544
2017-11-16,-0.001001201441730104,-0.001001201441730104
2017-11-17,6.681365671146189e-05,6.681365671146189e-05
2017-11-20,-0.0014698022447888759,-0.0014698022447888759
2017-11-21,-0.0007359828716713146,-0.0007359828716713146
2017-11-22,0.0026113157013725186,0.0026113157013725186
2017-11-24,-0.000734606651529357,-0.000734606651529357
2017-11-27,0.0008019782129251585,0.0008019782129251585
2017-11-28,-0.0006677796327212437,-0.0006677796327212437
2017-11-29,-0.0008018710324089184,-0.0008018710324089184
2017-11-30,-0.0020731625760717076,-0.0020731625760717076
2017-12-01,0.0008711968904973055,0.0008711968904973055
2017-12-04,-0.0012721794442585033,-0.0012721794442585033
2017-12-05,-0.0002681684097612935,-0.0002681684097612935
2017-12-06,0.00147532188841204,0.00147532188841204
2017-12-07,-0.0008035355564484092,-0.0008035355564484092
2017-12-08,0.00013403029084568807,-0.00013403029084568807
2017-12-11,-0.0005360493165371683,0.0005360493165371683
2017-12-12,-0.00046929471708234693,0.00046929471708234693
2017-12-13,0.0025487960292440714,-0.0025487960292440714
2017-12-14,-0.000936642804576171,0.000936642804576171
2017-12-15,-0.0010044867072925845,0.0010044867072925845
2017-12-18,-0.0002010993430754393,0.0002010993430754393
2017-12-19,-0.002011397921555469,0.002011397921555469
2017-12-20,-0.0006718172657037558,0.0006718172657037558
2017-12-21,-0.00026890756302522245,0.00026890756302522245
2017-12-22,-0.0003362248671912038,0.0003362248671912038
2017-12-26,0.0006054083142741362,-0.0006054083142741362
2017-12-27,0.0014117647058824456,-0.0014117647058824456
2017-12-28,-0.0006041890440386943,0.0006041890440386943
2017-12-29,0.0005373816081144511,-0.0005373816081144511
2018-01-02,-0.0033568311513930693,0.0033568311513930693
2018-01-03,6.736274840002388e-05,-6.736274840002388e-05
2018-01-04,-0.0010103731644887093,0.0010103731644887093
2018-01-05,-0.000606837030544094,0.000606837030544094
2018-01-08,-6.746727837003696e-05,6.746727837003696e-05
2018-01-09,-0.0012819647797044365,0.0012819647797044365
2018-01-10,-0.0001351168760977961,0.0001351168760977961
2018-01-11,0.0004729729729728849,-0.0004729729729728849
2018-01-12,-0.001283176875802039,0.001283176875802039
2018-01-16,-0.000270489586150946,0.000270489586150946
2018-01-17,-0.0016233766233766378,0.0016233766233766378
2018-01-18,-0.00040650406504061376,0.00040650406504061376
2018-01-19,-0.0010166734444896353,0.0010166734444896353
2018-01-22,-0.0009498609132234659,0.0009498609132234659
2018-01-23,0.0016298811544992464,-0.0016298811544992464
2018-01-24,-0.0008814156891993052,0.0008814156891993052
2018-01-25,0.00074647122692717,-0.00074647122692717
2018-01-26,-0.002102122465586276,0.002102122465586276
2018-01-29,-0.0008154389779831961,0.0008154389779831961
2018-01-30,-0.00034004352557126527,0.00034004352557126527
2018-01-31,-0.001088509422409678,0.001088509422409678
2018-02-01,-0.0014302254307703155,0.0014302254307703155
2018-02-02,-0.0011594598281271518,0.0011594598281271518
2018-02-05,0.0032775691362239012,-0.0032775691362239012
2018-02-06,0.00034029810113667125,-0.00034029810113667125
2018-02-07,-0.0022452034290380007,0.0022452034290380007
2018-02-08,-0.00013637913399244805,0.00013637913399244805
2018-02-09,0.0023187615085589197,-0.0023187615085589197
2018-02-12,-0.0017690685173844534,0.0017690685173844534
2018-02-13,0.00020448503851144828,-0.00020448503851144828
2018-02-14,-0.003816273681341187,0.003816273681341187
2018-02-15,0.00013681762210970838,-0.00013681762210970838
2018-02-16,0.0007523939808482538,-0.0007523939808482538
2018-02-20,-0.0008201763379126481,0.0008201763379126481
2018-02-21,-0.0010944661057528116,0.0010944661057528116
2018-02-22,0.0011641443538998875,-0.0011641443538998875
2018-02-23,0.0014363885088919393,-0.0014363885088919393
2018-02-26,0.0004781094187555901,-0.0004781094187555901
2018-02-27,-0.0025259421081376132,0.0025259421081376132
2018-02-28,0.0006844158510710407,-0.0006844158510710407
2018-03-01,0.003214554408043302,-0.003214554408043302
2018-03-02,-0.0017725661303518159,0.0017725661303518159
2018-03-05,-0.0006829668078131013,0.0006829668078131013
2018-03-06,-0.00013668671405142607,0.00013668671405142607
2018-03-07,-0.00013670539986332386,0.00013670539986332386
2018-03-08,0.0006152584085314938,-0.0006152584085314938
2018-03-09,-0.0006832001093119988,0.0006832001093119988
2018-03-12,0.0006153004717304178,-0.0006153004717304178
2018-03-13,0.00034162339437004974,-0.00034162339437004974
2018-03-14,0.0007513148009015147,-0.0007513148009015147
2018-03-15,-0.00040950040950038513,0.00040950040950038513
2018-03-16,-0.0009558923938276509,0.0009558923938276509
2018-03-19,6.834335702565753e-05,-6.834335702565753e-05
2018-03-20,-0.0013667737306088945,0.0013667737306088945
2018-03-21,-0.00047902552521728037,0.00047902552521728037
2018-03-22,0.002533205531973115,-0.002533205531973115
2018-03-23,0.0008877962166222719,-0.0008877962166222719
2018-03-26,-0.0010234716157204726,0.0010234716157204726
2018-03-27,0.0025271497848506908,-0.0025271497848506908
2018-03-28,-0.0003406458645591748,0.0003406458645591748
2018-03-29,0.0008859810536359092,-0.0008859810536359092
2018-04-02,-0.0014299332697806921,0.0014299332697806921
2018-04-03,-0.002318445277872505,0.002318445277872505
2018-04-04,-6.834802815935959e-05,6.834802815935959e-05
2018-04-05,-0.0013670539986329056,0.0013670539986329056
2018-04-06,0.00219028062970561,-0.00219028062970561
2018-04-09,-0.0006829668078131013,0.0006829668078131013
2018-04-10,-0.0008884636413341029,0.0008884636413341029
2018-04-11,0.00027361652643809187,-0.00027361652643809187
2018-04-12,-0.0022567188675374217,0.0022567188675374217
2018-04-13,-0.00020562028786841324,0.00020562028786841324
2018-04-16,-0.00013710838417768656,0.00013710838417768656
2018-04-17,0.00020569077819687642,-0.00020569077819687642
2018-04-18,-0.002193583767480134,0.002193583767480134
2018-04-19,-0.0010992030777685624,0.0010992030777685624
2018-04-20,-0.0013067400275103003,0.0013067400275103003
2018-04-23,-0.0009641209283107743,0.0009641209283107743
2018-04-24,0.0004825256772591491,-0.0004825256772591491
2018-04-25,-0.0008267879288962332,0.0008267879288962332
2018-04-26,0.0006895600606813268,-0.0006895600606813268
2018-04-27,0.0006201764057331971,-0.0006201764057331971
2018-04-30,0.0005509262447489505,-0.0005509262447489505
2018-05-01,-0.0013765572303668927,0.0013765572303668927
2018-05-02,0.0007581501137225999,-0.0007581501137225999
2018-05-03,0.0008264462809917106,-0.0008264462809917106
2018-05-04,-6.881365262867423e-05,6.881365262867423e-05
2018-05-07,-6.881838827332842e-05,6.881838827332842e-05
2018-05-08,-0.000963523743978012,0.000963523743978012
2018-05-09,-0.0011711215210802317,0.0011711215210802317
2018-05-10,6.897027381191911e-05,-6.897027381191911e-05
2018-05-11,6.896551724144828e-05,-6.896551724144828e-05
2018-05-14,-0.00041376456796082817,0.00041376456796082817
2018-05-15,-0.0029665401862711827,0.0029665401862711827
2018-05-16,-0.00027677830058125963,0.00027677830058125963
2018-05-17,0.00020764119601324182,-0.00020764119601324182
2018-05-18,0.00159158535741466,-0.00159158535741466
2018-05-21,-0.00013817880337152477,0.00013817880337152477
2018-05-22,6.909894969586716e-05,-6.909894969586716e-05
2018-05-23,0.0026255786637185974,-0.0026255786637185974
2018-05-24,0.0007580456205638075,-0.0007580456205638075
2018-05-25,0.0020658311527337325,-0.0020658311527337325
2018-05-29,0.00783397471137981,-0.00783397471137981
2018-05-30,-0.004159279967271279,0.004159279967271279
2018-05-31,6.846970215690362e-05,-6.846970215690362e-05
2018-06-01,-0.002875530603861476,0.002875530603861476
2018-06-04,-0.001785223839604555,-0.001785223839604555
2018-06-05,0.0010317787866280792,0.0010317787866280792
2018-06-06,-0.001992716278430562,-0.001992716278430562
2018-06-07,0.0013081795648581807,0.0013081795648581807
2018-06-08,0.0002750464140823805,0.0002750464140823805
2018-06-11,-0.0010311404413281267,-0.0010311404413281267
2018-06-12,-0.0002752546105146969,-0.0002752546105146969
2018-06-13,-0.001376651982378907,-0.001376651982378907
2018-06-14,0.0008960573476701761,0.0008960573476701761
2018-06-15,0.0006886578059361881,0.0006886578059361881
2018-06-18,0.0,0.0
2018-06-19,0.0013075493771936841,0.0013075493771936841
2018-06-20,-0.0010309278350515427,-0.0010309278350515427
2018-06-21,0.0012383900928791824,0.0012383900928791824
2018-06-22,-0.00013742870885724567,-0.00013742870885724567
2018-06-25,0.0012370283829290507,0.0012370283829290507
2018-06-26,-6.863889079555818e-05,-6.863889079555818e-05
2018-06-27,0.001990664470071346,0.001990664470071346
2018-06-28,-0.0009591011851750597,-0.0009591011851750597
2018-06-29,0.00013714599190839394,0.00013714599190839394
2018-07-02,-0.0038395611930065465,-0.0038395611930065465
2018-07-03,0.0009635900612567916,0.0009635900612567916
2018-07-05,-0.0006188544316853006,-0.0006188544316853006
2018-07-06,0.0008256501995320686,0.0008256501995320686
2018-07-09,-0.0011687061735184967,-0.0011687061735184967
2018-07-10,-0.0008947621997384969,-0.0008947621997384969
2018-07-11,0.0013089005235602524,0.0013089005235602524
2018-07-12,-0.0006191950464395912,-0.0006191950464395912
2018-07-13,0.0013079994492632974,0.0013079994492632974
2018-07-16,-0.0011000343760741993,-0.0011000343760741993
2018-07-17,-0.0003441393075916954,-0.0003441393075916954
2018-07-18,-0.0002065546681354613,-0.0002065546681354613
2018-07-19,0.0012395840506851385,0.0012395840506851385
2018-07-20,-0.000962927298988947,-0.000962927298988947
2018-07-23,-0.002616179001721175,-0.002616179001721175
2018-07-24,0.00034513701939675734,0.00034513701939675734
2018-07-25,0.00027601435274626773,0.00027601435274626773
2018-07-26,-0.0015176600441501042,-0.0015176600441501042
2018-07-27,0.00041453641011468534,0.00041453641011468534
2018-07-30,-6.906077348067807e-05,-6.906077348067807e-05
2018-07-31,6.906554320051939e-05,6.906554320051939e-05
2018-08-01,-0.001035911602209949,-0.001035911602209949
2018-08-02,0.0010369858278602706,0.0010369858278602706
2018-08-03,0.0015193370165746956,0.0015193370165746956
2018-08-06,0.0003447800303406634,0.0003447800303406634
2018-08-07,-0.001516509271386246,-0.001516509271386246
2018-08-08,0.00020711080428026385,0.00020711080428026385
2018-08-09,0.0010353395913860197,0.0010353395913860197
2018-08-10,0.003516513824725953,0.003516513824725953
2018-08-13,-0.000755805963996159,-0.000755805963996159
2018-08-14,-0.0007563776387264909,-0.0007563776387264909
2018-08-15,0.0016515276630884035,0.0016515276630884035
2018-08-16,-0.001030502885408069,-0.001030502885408069
2018-08-17,-0.00013754212227490292,-0.00013754212227490292
2018-08-20,0.002063415640690458,0.002063415640690458
2018-08-21,-0.0010295833619328176,-0.0010295833619328176
2018-08-22,0.000824515597086739,0.000824515597086739
2018-08-23,-0.000411918165591052,-0.000411918165591052
2018-08-24,-0.00048076923076922906,-0.00048076923076922906
2018-08-27,-0.0007558578987150177,-0.0007558578987150177
2018-08-28,-0.0011690276440654568,-0.0011690276440654568
2018-08-29,-0.0005507745266781772,-0.0005507745266781772
2018-08-30,0.0011021560928565766,0.0011021560928565766
2018-08-31,0.0007568980939929304,0.0007568980939929304
2018-09-04,-0.001581408140814089,-0.001581408140814089
2018-09-05,0.00027546312237447523,0.00027546312237447523
2018-09-06,0.0009638554216866435,0.0009638554216866435
2018-09-07,-0.003095123461035798,-0.003095123461035798
2018-09-10,-6.899406651028617e-05,-6.899406651028617e-05
2018-09-11,-0.0017249706754984828,-0.0017249706754984828
2018-09-12,0.00027647221454252247,-0.00027647221454252247
2018-09-13,-0.00020729684908793455,0.00020729684908793455
2018-09-14,-0.001244038979888007,0.001244038979888007
2018-09-17,0.0,-0.0
2018-09-18,-0.0012455885405854294,0.0012455885405854294
2018-09-19,-0.0009699993071433655,0.0009699993071433655
2018-09-20,6.93529370969781e-05,-6.93529370969781e-05
2018-09-21,0.0004160887656032841,-0.0004160887656032841
2018-09-24,-0.00013863856925000473,0.00013863856925000473
2018-09-25,-0.0008319467554076532,0.0008319467554076532
2018-09-26,0.001179572578406951,-0.001179572578406951
2018-09-27,-6.930487213252512e-05,6.930487213252512e-05
2018-09-28,0.0009703354588299629,-0.0009703354588299629
2018-10-01,-0.0033928818723168996,0.0033928818723168996
2018-10-02,0.0006947821857847813,-0.0006947821857847813
2018-10-03,-0.0032632090536693914,0.0032632090536693914
2018-10-04,-0.0011841738645862465,0.0011841738645862465
2018-10-05,-0.0006276588325545562,0.0006276588325545562
2018-10-08,0.0006280530355897707,-0.0006280530355897707
2018-10-09,-6.973987028380257e-05,6.973987028380257e-05
2018-10-10,0.0,-0.0
2018-10-11,0.0028595341051751433,-0.0028595341051751433
2018-10-12,-0.00013909173099657668,0.00013909173099657668
2018-10-15,-0.0009737775613827271,0.0009737775613827271
2018-10-16,0.00013924667548570469,-0.00013924667548570469
2018-10-17,-0.0009745910198398766,0.0009745910198398766
2018-10-18,0.0006968155529232245,-0.0006968155529232245
2018-10-19,-0.0011837615764919152,0.0011837615764919152
2018-10-22,0.00020914668153926286,-0.00020914668153926286
2018-10-23,0.0016031226040287283,-0.0016031226040287283
2018-10-24,0.0019485038274182909,0.0019485038274182909
2018-10-25,-0.0005556327267676187,-0.0005556327267676187
2018-10-26,0.0029881862404448345,0.0029881862404448345
2018-10-29,-0.0004849996535716272,-0.0004849996535716272
2018-10-30,-0.0009011507001247532,-0.0009011507001247532
2018-10-31,-0.0019426906265177513,-0.0019426906265177513
2018-11-01,0.0009037191518943555,0.0009037191518943555
2018-11-02,-0.0029170718155299147,-0.0029170718155299147
2018-11-05,0.0004179437169127276,0.0004179437169127276
2018-11-06,-0.0009747945968527905,-0.0009747945968527905
2018-11-07,-0.0004878728742682137,-0.0004878728742682137
2018-11-08,-0.0011854124538037691,-0.0011854124538037691
2018-11-09,0.0018849483384528742,0.0018849483384528742
2018-11-12,0.0017420388823079502,0.0017420388823079502
2018-11-13,0.0005564830272677401,0.0005564830272677401
2018-11-14,0.0014599555061178826,0.0014599555061178826
2018-11-15,0.0003471017007983246,0.0003471017007983246
2018-11-16,0.0021512838306732007,0.0021512838306732007
2018-11-19,0.001107956512706787,0.001107956512706787
2018-11-20,-0.0002766825759147329,-0.0002766825759147329
2018-11-21,-0.0007610876634608355,-0.0007610876634608355
2018-11-23,0.0004846974103309698,0.0004846974103309698
2018-11-26,-0.0009689251851339176,-0.0009689251851339176
2018-11-27,0.0006927606511950568,0.0006927606511950568
2018-11-28,0.0008999653859467216,0.0008999653859467216
2018-11-29,-6.916585973160139e-05,-6.916585973160139e-05
2018-11-30,0.0002766825759148439,0.0002766825759148439
2018-12-03,0.00013830302192108235,0.00013830302192108235
2018-12-04,0.001175413123141844,0.001175413123141844
2018-12-06,0.0022790055248618213,0.0022790055248618213
2018-12-07,0.0023427272100875474,0.0023427272100875474
2018-12-10,-0.0006874269608854178,-0.0006874269608854178
2018-12-11,-0.0011694297310311796,-0.0011694297310311796
2018-12-12,-0.0008264462809917106,-0.0008264462809917106
2018-12-13,0.00027570995312919955,0.00027570995312919955
2018-12-14,0.0011714443219403847,0.0011714443219403847
2018-12-17,0.0014453850918851874,0.0014453850918851874
2018-12-18,0.0014432989690722486,0.0014432989690722486
2018-12-19,0.0011667009814013696,0.0011667009814013696
2018-12-20,-0.0010282423910062954,-0.0010282423910062954
2018-12-21,0.0006175804570094368,0.0006175804570094368
2018-12-24,0.0024002194486352213,0.0024002194486352213
2018-12-26,-0.0014366833139495272,-0.0014366833139495272
2018-12-27,0.0024664291586735665,0.0024664291586735665
2018-12-28,0.0008201202843083344,0.0008201202843083344
2018-12-31,0.0017754711827369096,0.0017754711827369096
2019-01-02,0.0006816632583503957,0.0006816632583503957
2019-01-03,0.005381471389645842,0.005381471389645842
2019-01-04,-0.0047428687580459705,-0.0047428687580459705
2019-01-07,-0.001497719381850393,-0.001497719381850393
2019-01-08,-0.0021817685961682542,-0.0021817685961682542
2019-01-09,0.00040997608472848057,0.00040997608472848057
2019-01-10,6.830134553648115e-05,6.830134553648115e-05
2019-01-11,0.0012293402540637377,0.0012293402540637377
2019-01-14,-0.00013642564802185397,-0.00013642564802185397
2019-01-15,0.0001364442625186868,0.0001364442625186868
2019-01-16,-0.0008185538881310128,-0.0008185538881310128
2019-01-17,-0.0012288367012561752,-0.0012288367012561752
2019-01-18,-0.0021189336978810758,-0.0021189336978810758
2019-01-22,0.0021234331118569205,0.0021234331118569205
2019-01-23,-0.000956937799043045,-0.000956937799043045
2019-01-24,0.001847290640394128,0.001847290640394128
2019-01-25,-0.0018438844499077955,-0.0018438844499077955
2019-01-28,0.00041050903119876914,0.00041050903119876914
2019-01-29,0.0012994118451647996,0.0012994118451647996
2019-01-30,0.001775834983949176,0.001775834983949176
2019-01-31,0.0023863094020590836,0.0023863094020590836
2019-02-01,-0.002856754183104382,-0.002856754183104382
2019-02-04,-0.0010914051841746097,-0.0010914051841746097
2019-02-05,0.0008194482381862489,0.0008194482381862489
2019-02-06,0.00013646288209612223,0.00013646288209612223
2019-02-07,0.002046663937781412,0.002046663937781412
2019-02-08,0.0005446623093681158,0.0005446623093681158
2019-02-11,-0.0014970059880239361,-0.0014970059880239361
2019-02-12,-0.0005451819544772807,-0.0005451819544772807
2019-02-13,-0.0015000681849175468,-0.0015000681849175468
2019-02-14,0.002185195301830145,0.002185195301830145
2019-02-15,-0.000953938402834531,-0.000953938402834531
2019-02-19,0.0010230527895238595,0.0010230527895238595
2019-02-20,-0.00027253525924919586,-0.00027253525924919586
2019-02-21,-0.0014312001635656824,-0.0014312001635656824
2019-02-22,0.0017062517062516047,0.0017062517062516047
2019-02-25,-0.0007494719629351776,-0.0007494719629351776
2019-02-26,0.0014318832674211635,0.0014318832674211635
2019-02-27,-0.0017021856063185181,-0.0017021856063185181
2019-02-28,-0.0006820351930159063,-0.0006820351930159063
2019-03-01,-0.0019110019110019083,-0.0019110019110019083
2019-03-04,0.0011624726477024172,0.0011624726477024172
2019-03-05,-6.830134553648115e-05,-6.830134553648115e-05
2019-03-06,0.0012295081967212962,0.0012295081967212962
2019-03-07,0.0023877745940783512,0.0023877745940783512
2019-03-08,0.0004764173415912065,0.0004764173415912065
2019-03-11,-0.0006802721088435826,-0.0006802721088435826
2019-03-12,0.001089176310415274,0.001089176310415274
2019-03-13,6.799945600444168e-05,6.799945600444168e-05
2019-03-14,-0.0006799483239273707,-0.0006799483239273707
2019-03-15,0.0012247397428046813,0.0012247397428046813
2019-03-18,-0.0005436629289840011,-0.0005436629289840011
2019-03-19,-0.00040796899435646683,-0.00040796899435646683
2019-03-20,0.0034011291748861083,0.0034011291748861083
2019-03-21,-0.0002711680564029262,-0.0002711680564029262
2019-03-22,0.0033905201057842227,0.0033905201057842227
2019-03-25,0.0022977630600797827,0.0022977630600797827
2019-03-26,0.00020227901018143868,0.00020227901018143868
2019-03-27,0.0014830794121611923,0.0014830794121611923
2019-03-28,-0.0011443187937533184,-0.0011443187937533184
2019-03-29,-0.0014151897028101823,-0.0014151897028101823
2019-04-01,-0.002159535699824522,-0.002159535699824522
2019-04-02,0.000879210063573721,0.000879210063573721
2019-04-03,-0.0012162983985404274,-0.0012162983985404274
2019-04-04,6.765442121636767e-05,6.765442121636767e-05
2019-04-05,6.764984440543742e-05,6.764984440543742e-05
2019-04-08,-0.0006088074139214417,-0.0006088074139214417
2019-04-09,0.0008799241911465749,0.0008799241911465749
2019-04-10,0.0009467775748968066,0.0009467775748968066
2019-04-11,-0.0014863860549962915,-0.0014863860549962915
2019-04-12,-0.0024358887610799185,-0.0024358887610799185
2019-04-15,0.00013565760021694295,0.00013565760021694295
2019-04-16,-0.0014920311970159084,-0.0014920311970159084
2019-04-17,0.0004075256401547822,0.0004075256401547822
2019-04-18,0.0012220788919818926,0.0012220788919818926
2019-04-22,-0.0007459144232725423,-0.0007459144232725423
2019-04-23,0.0011536373507057274,0.0011536373507057274
2019-04-24,0.0018979190673082957,0.0018979190673082957
2019-04-25,-0.0005412353697313854,-0.0005412353697313854
2019-04-26,0.0015568943342585406,0.0015568943342585406
2019-04-29,-0.0009462016761286884,-0.0009462016761286884
2019-04-30,0.001352996888107194,0.001352996888107194
2019-05-01,-0.0009458181326847948,-0.0009458181326847948
2019-05-02,-0.00229916148228293,-0.00229916148228293
2019-05-03,0.0008811169852243061,0.0008811169852243061
2019-05-06,0.0013543712331549607,0.0013543712331549607
2019-05-07,0.0016906742408873132,0.0016906742408873132
2019-05-08,-0.0012152308938698786,-0.0012152308938698786
2019-05-09,0.001284304447749074,0.001284304447749074
2019-05-10,0.0001350165395261893,0.0001350165395261893
2019-05-13,0.0025649679379007306,0.0025649679379007306
2019-05-14,-0.0006059381943042119,-0.0006059381943042119
2019-05-15,0.001818916734033893,0.001818916734033893
2019-05-16,-0.001412144442202945,-0.001412144442202945
2019-05-17,0.00013468013468020956,0.00013468013468020956
2019-05-20,-0.000942633988688435,-0.000942633988688435
2019-05-21,-0.0010109179134654145,-0.0010109179134654145
2019-05-22,0.0015516427173987157,0.0015516427173987157
2019-05-23,0.004041492657955059,0.004041492657955059
2019-05-24,-0.0018784382128002042,-0.0018784382128002042
2019-05-28,0.0023524667293990387,0.0023524667293990387
2019-05-29,0.0013411117816670703,0.0013411117816670703
2019-05-30,0.0002678631219446004,0.0002678631219446004
2019-05-31,0.00428466224810875,0.00428466224810875
2019-06-03,0.003533097793480433,0.003533097793480433
2019-06-04,-0.0014614056064833347,-0.0014614056064833347
2019-06-05,0.0008648217136775216,0.0008648217136775216
2019-06-06,-0.0010634762379527762,-0.0010634762379527762
2019-06-07,0.0011311464501961854,0.0011311464501961854
2019-06-10,-0.002259736807124768,-0.002259736807124768
2019-06-11,6.661337596591821e-05,6.661337596591821e-05
2019-06-12,0.0011323519616333044,0.0011323519616333044
2019-06-13,0.0019294743845641449,0.0019294743845641449
2019-06-14,-0.0007304601899196239,-0.0007304601899196239
2019-06-17,-6.645401382243676e-05,-6.645401382243676e-05
2019-06-18,0.000465209011763168,0.000465209011763168
2019-06-19,0.0023913909924273558,0.0023913909924273558
2019-06-20,0.0014579191517560819,0.0014579191517560819
2019-06-21,-0.0026469031233457008,-0.0026469031233457008
2019-06-24,0.0022558386411890563,0.0022558386411890563
2019-06-25,0.0007943863365549308,0.0007943863365549308
2019-06-26,-0.0029104378886095628,-0.0029104378886095628
2019-06-27,0.0020565211622660673,0.0020565211622660673
2019-06-28,6.620324395889554e-05,6.620324395889554e-05
2019-07-01,-0.0003971931682774654,-0.0003971931682774654
2019-07-02,0.001920529801324511,0.001920529801324511
2019-07-03,0.00013219644391559981,0.00013219644391559981
2019-07-05,-0.004494084991077951,-0.004494084991077951
2019-07-08,-6.638783774814971e-05,-6.638783774814971e-05
2019-07-09,-0.0010622759261718073,-0.0010622759261718073
2019-07-10,0.001661571181709398,0.001661571181709398
2019-07-11,-0.001990577931126003,-0.001990577931126003
2019-07-12,0.0007313343527690641,0.0007313343527690641
2019-07-15,0.00033218176986449244,0.00033218176986449244
2019-07-16,-0.001394700139469962,-0.001394700139469962
2019-07-17,0.002061718542165414,0.002061718542165414
2019-07-18,0.0017256255392579245,0.0017256255392579245
2019-07-19,-0.0008613264427217437,-0.0008613264427217437
2019-07-22,0.0003315649867374759,0.0003315649867374759
2019-07-23,-0.0011269472986410456,-0.0011269472986410456
2019-07-24,0.00033182904167783356,0.00033182904167783356
2019-07-25,-0.0014595634578384864,-0.0014595634578384864
2019-07-26,-0.0003986446083317219,-0.0003986446083317219
2019-07-29,0.0011964107676969427,0.0011964107676969427
2019-07-30,-0.0005311027019849757,-0.0005311027019849757
2019-07-31,-0.0005313849219528155,-0.0005313849219528155
2019-08-01,0.007111052036950838,0.007111052036950838
2019-08-02,6.598917777478341e-05,6.598917777478341e-05
2019-08-05,0.00541075552622905,0.00541075552622905
2019-08-06,-0.0004594080199514794,-0.0004594080199514794
2019-08-07,0.0017071569271174258,0.0017071569271174258
2019-08-08,-0.0014420555846880179,-0.0014420555846880179
2019-08-09,-0.0011815675462780728,-0.0011815675462780728
2019-08-12,0.0029574132492113936,0.0029574132492113936
2019-08-13,-0.0038660638228162902,-0.0038660638228162902
2019-08-14,0.0030916984607287645,0.0030916984607287645
2019-08-15,0.002557544757033181,0.002557544757033181
2019-08-16,0.0005232862375719183,0.0005232862375719183
2019-08-19,-0.002026673640167398,-0.002026673640167398
2019-08-20,0.0010481493612839454,0.0010481493612839454
2019-08-21,-0.001505137098357423,-0.001505137098357423
2019-08-22,-0.0011141696159391312,-0.0011141696159391312
2019-08-23,0.003215012138311213,0.003215012138311213
2019-08-26,-0.0009156311314584276,-0.0009156311314584276
2019-08-27,0.0015056297460067647,0.0015056297460067647
2019-08-28,0.0009804562389699178,0.0009804562389699178
2019-08-29,-0.001632493143528757,-0.001632493143528757
2019-08-30,0.0007194715154685838,0.0007194715154685838
2019-09-03,0.002156862745098076,0.002156862745098076
2019-09-04,0.0010435009456726263,0.0010435009456726263
2019-09-05,-0.0048863118118444016,-0.0048863118118444016
2019-09-06,0.0005237658766530373,0.0005237658766530373
2019-09-09,-0.002552021986650943,-0.002552021986650943
2019-09-10,-0.0034114019549957852,-0.0034114019549957852
2019-09-11,-0.0009215983147916607,-0.0009215983147916607
2019-09-12,-0.002503788627528536,-0.002503788627528536
2019-09-13,-0.003765109980844228,-0.003765109980844228
2019-09-16,0.0018565177032223712,0.0018565177032223712
2019-09-17,0.0015221707478492164,0.0015221707478492164
2019-09-18,-6.608075067737751e-05,-6.608075067737751e-05
2019-09-19,0.0003965107057890549,0.0003965107057890549
2019-09-20,0.000528471396485708,0.000528471396485708
2019-09-23,0.0021127690479334493,0.0021127690479334493
2019-09-24,0.003030702332323054,0.003030702332323054
2019-09-25,-0.003744088281660507,-0.003744088281660507
2019-09-26,0.0013845849541769262,0.0013845849541769262
2019-09-27,0.001250987621806754,0.001250987621806754
2019-09-30,-0.0006575918984678131,-0.0006575918984678131
2019-10-01,0.00579061656905977,0.00579061656905977
2019-10-02,0.0028786391887472007,0.0028786391887472007
2019-10-03,0.0035879705134058693,0.0035879705134058693
2019-10-04,0.00013000520020800543,0.00013000520020800543
2019-10-07,-0.0024697777200052284,-0.0024697777200052284
2019-10-08,0.0011727912431587217,0.0011727912431587217
2019-10-09,-0.0022126773395808597,-0.0022126773395808597
2019-10-10,-0.002804591703626347,-0.002804591703626347
2019-10-11,-0.004055203087186876,-0.004055203087186876
2019-10-14,0.0011821107243712436,0.0011821107243712436
2019-10-15,-0.0020334535913414387,-0.0020334535913414387
2019-10-16,0.0013145786775339285,0.0013145786775339285
2019-10-17,-0.0005907837731390364,-0.0005907837731390364
2019-10-18,0.0009852216748769127,0.0009852216748769127
2019-10-21,-0.0017716535433071057,-0.0017716535433071057
2019-10-22,0.00046013278117396084,0.00046013278117396084
2019-10-23,0.00026281208935619027,0.00026281208935619027
2019-10-24,-0.0001970572779821378,-0.0001970572779821378
2019-10-25,-0.0017081663491229637,-0.0017081663491229637
2019-10-28,-0.0016452780519907728,-0.0016452780519907728
2019-10-29,0.0003295978905735186,0.0003295978905735186
2019-10-30,0.0007907742998352063,0.0007907742998352063
2019-10-31,0.00467505103048671,0.00467505103048671
2019-11-01,-0.001572945340149401,-0.001572945340149401
2019-11-04,-0.0019036366023368334,-0.0019036366023368334
2019-11-05,-0.002696481420585317,-0.002696481420585317
2019-11-06,0.001714587180163596,0.001714587180163596
2019-11-07,-0.004476629361422013,-0.004476629361422013
2019-11-08,0.00019838645681780065,0.00019838645681780065
2019-11-11,-0.0005289256198347525,-0.0005289256198347525
2019-11-12,0.0010584110603955033,0.0010584110603955033
2019-11-13,0.001718099517610483,0.001718099517610483
2019-11-14,0.002110957187149598,0.002110957187149598
2019-11-15,-0.0009874267658481761,-0.0009874267658481761
2019-11-18,0.0009225092250921829,0.0009225092250921829
2019-11-19,0.00019749835418036987,0.00019749835418036987
2019-11-20,0.0015796748502598934,0.0015796748502598934
2019-11-21,-0.001248603535519477,-0.001248603535519477
2019-11-22,-0.0006579813133307244,-0.0006579813133307244
2019-11-25,0.0005267316302344227,0.0005267316302344227
2019-11-26,0.0007896814951302566,0.0007896814951302566
2019-11-27,-0.0017096265123619503,-0.0017096265123619503
2019-11-29,0.0002634698985641837,0.0002634698985641837
2019-12-02,-0.0013828526274199948,-0.0013828526274199948
2019-12-03,0.0048137157929442065,0.0048137157929442065
2019-12-04,-0.0029531434571465898,-0.0029531434571465898
2019-12-05,-0.00046073849799244115,-0.00046073849799244115
2019-12-06,-0.0019755037534571196,-0.0019755037534571196
2019-12-09,0.00013196093956180377,0.00013196093956180377
2019-12-10,-0.0005277741126797908,-0.0005277741126797908
2019-12-11,0.0015841584158415856,0.0015841584158415856
2019-12-12,-0.003492816660076392,-0.003492816660076392
2019-12-13,0.003174393227961092,0.003174393227961092
2019-12-16,-0.0024391851803019504,-0.0024391851803019504
2019-12-17,0.0003965107057890549,0.0003965107057890549
2019-12-18,-0.0009248249438499334,-0.0009248249438499334
2019-12-19,0.0009256810367628265,0.0009256810367628265
2019-12-20,-0.00039635354736422546,-0.00039635354736422546
2019-12-23,-0.0009251916468411281,-0.0009251916468411281
2019-12-24,0.0013229263130043467,0.0013229263130043467
2019-12-26,6.605892456068574e-05,6.605892456068574e-05
2019-12-27,0.0019155822709557846,0.0019155822709557846
2019-12-30,0.00013185654008429637,0.00013185654008429637
2019-12-31,-0.00046143704680290387,-0.00046143704680290387
2020-01-02,0.001714700257205104,0.001714700257205104
2020-01-03,0.0033576930673513417,0.0033576930673513417
2020-01-06,-0.0008530183727034624,-0.0008530183727034624
2020-01-07,-0.00032836409010306156,-0.00032836409010306156
2020-01-08,-0.0019051373012745065,-0.0019051373012745065
2020-01-09,0.00039491871256491784,0.00039491871256491784
2020-01-10,0.0005921442200145233,0.0005921442200145233
2020-01-13,-0.0005260389268806342,-0.0005260389268806342
2020-01-14,0.0009210526315790446,0.0009210526315790446
2020-01-15,0.0009202050742735945,0.0009202050742735945
2020-01-16,-0.0008536905700026187,-0.0008536905700026187
2020-01-17,-0.00032862306933945096,-0.00032862306933945096
2020-01-21,0.002432610124917911,0.002432610124917911
2020-01-22,0.0,0.0
2020-01-23,0.0008526267462451997,0.0008526267462451997
2020-01-24,0.0021625163826999305,0.0021625163826999305
2020-01-27,0.002680965147453085,0.002680965147453085
2020-01-28,-0.0012390765618885968,-0.0012390765618885968
2020-01-29,0.0020894547828926857,0.0020894547828926857
2020-01-30,0.0013683456050042064,0.0013683456050042064
2020-01-31,0.002147319104633061,0.002147319104633061
2020-02-03,-0.0007142393351080578,-0.0007142393351080578
2020-02-04,-0.0032488628979857603,-0.0032488628979857603
2020-02-05,-0.0014993481095175731,-0.0014993481095175731
2020-02-06,-0.00019586080825229057,-0.00019586080825229057
2020-02-07,0.00235079012668149,0.00235079012668149
2020-02-10,0.0013680781758957927,0.0013680781758957927
2020-02-11,-0.001691496974822737,-0.001691496974822737
2020-02-12,-0.0014336917562723928,-0.0014336917562723928
2020-02-13,0.0001305227435881573,0.0001305227435881573
2020-02-14,0.0010440456769984507,0.0010440456769984507
2020-02-18,0.0008474023857636404,0.0008474023857636404
2020-02-19,-0.0007815552950370952,-0.0007815552950370952
2020-02-20,0.0015643332029722234,0.0015643332029722234
2020-02-21,0.002082519849017306,0.002082519849017306
2020-02-24,0.004026496947655556,0.004026496947655556
2020-02-25,0.002587322121604174,0.002587322121604174
2020-02-26,0.0011612903225806104,0.0011612903225806104
2020-02-27,0.0007732955277741649,0.0007732955277741649
2020-02-28,0.007791371538956815,0.007791371538956815
2020-03-02,0.0019807041083637067,0.0019807041083637067
2020-03-03,0.003698507843387322,0.003698507843387322
2020-03-04,0.0015883100381195447,0.0015883100381195447
2020-03-05,0.0019029495718363432,0.0019029495718363432
2020-03-06,0.004685026907249146,0.004685026907249146
2020-03-09,0.004537147898418192,0.004537147898418192
2020-03-10,-0.007276833322878096,-0.007276833322878096
2020-03-11,-0.00139020537124801,-0.00139020537124801
2020-03-12,0.0015186989812061569,0.0015186989812061569
2020-03-13,-0.003727806912238618,-0.003727806912238618
2020-03-16,0.007864028411973534,0.007864028411973534
2020-03-17,-0.006166624716838709,-0.006166624716838709
2020-03-18,-0.00645814866404959,-0.00645814866404959
2020-03-19,0.0058628600560795,0.0058628600560795
2020-03-20,0.005638621388748044,0.005638621388748044
2020-03-23,0.00648900648900641,0.00648900648900641
2020-03-24,-0.0037556334501752664,-0.0037556334501752664
2020-03-25,0.0013194269917065071,0.0013194269917065071
2020-03-26,0.0006902177323209191,0.0006902177323209191
2020-03-27,0.0006897416603963702,0.0006897416603963702
2020-03-30,0.004072936900808344,0.004072936900808344
2020-03-31,0.00012481278082865366,0.00012481278082865366
2020-04-01,0.0014975664545113787,0.0014975664545113787
2020-04-02,-0.0006230529595016021,-0.0006230529595016021
2020-04-03,0.0008104738154612878,0.0008104738154612878
2020-04-06,-0.0032392699183952933,-0.0032392699183952933
2020-04-07,-0.0015624023498531647,-0.0015624023498531647
2020-04-08,0.0007511266900350755,0.0007511266900350755
2020-04-09,0.0023142356767575922,0.0023142356767575922
2020-04-13,-0.0009360374414976169,-0.0009360374414976169
2020-04-14,0.0007495315427856752,0.0007495315427856752
2020-04-15,0.0030582948445887492,0.0030582948445887492
2020-04-16,-0.00018667164457719654,-0.00018667164457719654
2020-04-17,-0.0009335324869305106,-0.0009335324869305106
2020-04-20,0.00043605556593773187,0.00043605556593773187
2020-04-21,0.0006226650062266526,0.0006226650062266526
2020-04-22,-0.0011823273179838445,-0.0011823273179838445
2020-04-23,-0.0003115070712105261,-0.0003115070712105261
2020-04-24,0.0003739249657235266,0.0003739249657235266
2020-04-27,-0.0015574383254423063,-0.0015574383254423063
2020-04-28,0.0013726835964309458,0.0013726835964309458
2020-04-29,0.00024923671256771307,0.00024923671256771307
2020-04-30,0.0005606428704914013,0.0005606428704914013
2020-05-01,-0.0009961399576640106,-0.0009961399576640106
2020-05-04,0.000560887448585401,0.000560887448585401
2020-05-05,-0.0003737153534724147,-0.0003737153534724147
2020-05-06,-0.00024923671256771307,-0.00024923671256771307
2020-05-07,0.003303209722655076,0.003303209722655076
2020-05-08,-0.001118151323145744,-0.001118151323145744
2020-05-11,-0.001368159203980146,-0.001368159203980146
2020-05-12,0.0009341138373395452,0.0009341138373395452
2020-05-13,0.0008710259441297996,0.0008710259441297996
2020-05-14,0.0006216199415676193,0.0006216199415676193
2020-05-15,-0.0002484935081070727,-0.0002484935081070727
2020-05-18,-0.002734107997265922,-0.002734107997265922
2020-05-19,0.0013084927409807712,0.0013084927409807712
2020-05-20,0.0007467330429371533,0.0007467330429371533
2020-05-21,-0.00024872528292496643,-0.00024872528292496643
2020-05-22,0.0002487871625824756,0.0002487871625824756
2020-05-26,-0.0006218132073124716,-0.0006218132073124716
2020-05-27,0.0004977600796416404,0.0004977600796416404
2020-05-28,-0.0001865671641790856,-0.0001865671641790856
2020-05-29,0.001741618461155614,0.001741618461155614
2020-06-01,0.0,0.0
2020-06-02,-0.0008072027320707997,-0.0008072027320707997
2020-06-03,-0.002174993785732049,-0.002174993785732049
2020-06-04,-0.0007473376097651974,-0.0007473376097651974
2020-06-05,-0.002555313181676566,-0.002555313181676566
2020-06-08,0.0008747813046738884,0.0008747813046738884
2020-06-09,0.0017480334623547478,0.0017480334623547478
2020-06-10,0.002742116415306084,0.002742116415306084
2020-06-11,0.0007458048477315682,0.0007458048477315682
2020-06-12,-0.0007452490373867082,-0.0007452490373867082
2020-06-15,-6.215040397761218e-05,-6.215040397761218e-05
2020-06-16,-0.0006836969357946199,-0.0006836969357946199
2020-06-17,0.0002487871625824756,0.0002487871625824756
2020-07-02,0.0008086085712508684,0.0008086085712508684
2020-07-06,-0.0004972032318210085,-0.0004972032318210085
2020-07-07,0.00043526924511883003,0.00043526924511883003
2020-07-08,0.0002486170675617405,0.0002486170675617405
2020-07-09,0.0006835269993163973,0.0006835269993163973
2020-07-10,-0.0009314456035767193,-0.0009314456035767193
2020-07-13,0.0,0.0
2020-07-14,0.0006215426689042403,0.0006215426689042403
2020-07-15,-0.0001242313187154176,-0.0001242313187154176
2020-07-16,0.0003727402621607201,0.0003727402621607201
2020-07-17,-0.0003105011488542253,-0.0003105011488542253
2020-07-20,-0.000186358553857624,-0.000186358553857624
2020-07-21,0.0006213109661385996,0.0006213109661385996
2020-07-22,-6.209251785160852e-05,-6.209251785160852e-05
2020-07-23,6.209637357179609e-05,6.209637357179609e-05
2020-07-24,-0.00012418503570321704,-0.00012418503570321704
2020-07-27,-0.0004968018381668049,-0.0004968018381668049
2020-07-28,0.0010562286424355971,0.0010562286424355971
2020-07-29,0.0005585898709037362,0.0005585898709037362
2020-07-30,0.0008064015879907238,0.0008064015879907238
2020-07-31,0.0006198090987976634,0.0006198090987976634
2020-08-03,-0.0003716551040634508,-0.0003716551040634508
2020-08-04,0.0010534143016482922,0.0010534143016482922
2020-08-05,-0.0009285051067781103,-0.0009285051067781103
2020-08-06,0.00024783147459728205,0.00024783147459728205
2020-08-07,-0.0007433102081269016,-0.0007433102081269016
2020-08-10,-0.00012397718819734393,-0.00012397718819734393
2020-08-11,-0.002293862368257904,-0.002293862368257904
2020-08-12,0.0,0.0
2020-08-13,-0.0008699434536755257,-0.0008699434536755257
2020-08-14,0.0009328938366814921,0.0009328938366814921
2020-08-17,0.0004349446998881401,0.0004349446998881401
2020-08-18,0.0002484317744240183,0.0002484317744240183
2020-08-19,0.00012418503570321704,0.00012418503570321704
2020-08-20,0.0003104240392375335,0.0003104240392375335
2020-08-21,-0.0002482621648460803,-0.0002482621648460803
2020-08-24,-0.0004345666749441257,-0.0004345666749441257
2020-08-25,-0.0003105397180299674,-0.0003105397180299674
2020-08-26,0.0,0.0
2020-08-27,-0.0006212723658051145,-0.0006212723658051145
2020-08-28,0.0014919806042521522,0.0014919806042521522
2020-08-31,0.0004345127250156011,0.0004345127250156011
2020-09-01,0.00024818514611890663,0.00024818514611890663
2020-09-02,-6.203089138390183e-05,-6.203089138390183e-05
2020-09-03,0.0006823821339949632,0.0006823821339949632
2020-09-04,-0.002479697476907794,-0.002479697476907794
2020-09-08,0.0011807842893543086,0.0011807842893543086
2020-09-09,-0.00012414649286163204,-0.00012414649286163204
2020-09-10,0.0004345666749441257,0.0004345666749441257
2020-09-11,0.0004964318957492164,0.0004964318957492164
2020-09-14,-0.0003101159833778233,-0.0003101159833778233
2020-09-15,-0.0002481697481077072,-0.0002481697481077072
2020-09-16,-0.00012411567580983274,-0.00012411567580983274
2020-09-17,0.00012413108242292914,0.00012413108242292914
2020-09-18,-0.0001861735137147491,-0.0001861735137147491
2020-09-21,0.00018620818074599477,0.00018620818074599477
2020-09-22,0.0004344048653344146,0.0004344048653344146
2020-09-23,-0.0004342162396873128,-0.0004342162396873128
2020-09-24,0.00012411567580983274,0.00012411567580983274
2020-09-25,0.00037230081906169943,0.00037230081906169943
2020-09-28,-6.202704379110191e-05,-6.202704379110191e-05
2020-09-29,0.0004962471310712147,0.0004962471310712147
2020-09-30,-0.00068200136400276,-0.00068200136400276
2020-10-01,0.0008065516813500206,0.0008065516813500206
2020-10-02,-0.0005579319323042453,-0.0005579319323042453
2020-10-05,-0.0015506760947773257,-0.0015506760947773257
2020-10-06,0.0002484935081070727,0.0002484935081070727
2020-10-07,-0.0009937270976957402,-0.0009937270976957402
2020-10-08,0.0008082064034815595,0.0008082064034815595
2020-10-09,-0.00043483662566778936,-0.00043483662566778936
2020-10-12,0.0001242930830900324,0.0001242930830900324
2020-10-13,0.001304915180513344,0.001304915180513344
2020-10-14,0.0,0.0
2020-10-15,-0.00037234702742960923,-0.00037234702742960923
2020-10-16,-0.00018624286069035545,-0.00018624286069035545
2020-10-19,-0.0004967401428127571,-0.0004967401428127571
2020-10-20,-0.0003106168851338964,-0.0003106168851338964
2020-10-21,-0.00037285607755410677,-0.00037285607755410677
2020-10-22,-0.0008081561606365639,-0.0008081561606365639
2020-10-23,6.221613886636668e-05,6.221613886636668e-05
2020-10-26,0.0008087594873709136,0.0008087594873709136
2020-10-27,0.0006216199415676193,0.0006216199415676193
2020-10-28,6.212337702682369e-05,6.212337702682369e-05
2020-10-29,-0.00093179276928812,-0.00093179276928812
2020-10-30,-0.00037306472673004354,-0.00037306472673004354
2020-11-02,0.0,0.0
2020-11-03,-0.0004976052746159532,-0.0004976052746159532
2020-11-04,0.0025514966706079445,0.0025514966706079445
2020-11-05,-0.0005586592178771221,-0.0005586592178771221
2020-11-06,-0.0010558350413018003,-0.0010558350413018003
2020-11-09,-0.0030465058443173154,-0.0030465058443173154
2020-11-10,-0.0004989086373557994,-0.0004989086373557994
2020-11-11,0.0003119735446435179,0.0003119735446435179
2020-11-12,0.001996007984031989,0.001996007984031989
2020-11-13,-0.00018675298804782248,-0.00018675298804782248
2020-11-16,-0.00018678787124093432,-0.00018678787124093432
2020-11-17,0.0007472910698718138,0.0007472910698718138
2020-11-18,-0.00043559427504669124,-0.00043559427504669124
2020-11-19,0.0004980389715494304,0.0004980389715494304
2020-11-20,0.0003733432891543931,0.0003733432891543931
2020-11-23,-0.00037320395596196487,-0.00037320395596196487
2020-11-24,0.0,0.0
2020-11-25,0.00012444776305153837,0.00012444776305153837
2020-11-27,0.0008088098052634329,0.0008088098052634329
2020-11-30,0.0001864975755314635,0.0001864975755314635
2020-12-01,-0.0024240164087264704,-0.0024240164087264704
2020-12-02,0.00037383177570093906,0.00037383177570093906
2020-12-03,0.0006851021425011705,0.0006851021425011705
2020-12-04,-0.00043567560838986275,-0.00043567560838986275
2020-12-07,0.0010585305105852427,0.0010585305105852427
2020-12-08,0.0,0.0
2020-12-09,-0.0006220065932699415,-0.0006220065932699415
2020-12-10,0.001058069334661127,0.001058069334661127
2020-12-11,0.0009947774185525837,0.0009947774185525837
2020-12-14,0.0,0.0
2020-12-15,-0.000559006211180102,-0.000559006211180102
2020-12-16,0.00024858616617984275,0.00024858616617984275
2020-12-17,-0.0003106554830692998,-0.0003106554830692998
2020-12-18,-6.215040397761218e-05,-6.215040397761218e-05
2020-12-21,-0.00012430853378087026,-0.00012430853378087026
2020-12-22,0.0006837819357246033,0.0006837819357246033
2020-12-23,-0.00024847807181016535,-0.00024847807181016535
2020-12-24,0.0002485398285074769,0.0002485398285074769
2020-12-28,0.00012423903590508267,0.00012423903590508267
2020-12-29,6.211180124227056e-05,6.211180124227056e-05
2020-12-30,0.00018632383081795822,0.00018632383081795822
2020-12-31,0.00037257824143077656,0.00037257824143077656
2021-01-04,0.0027312228429547947,0.0027312228429547947
2021-01-05,-0.0009904667574595072,-0.0009904667574595072
2021-01-06,-0.0022927252447638713,-0.0022927252447638713
2021-01-07,-0.0006210794360598237,-0.0006210794360598237
2021-01-08,-0.0009321981231744658,-0.0009321981231744658
2021-01-11,-0.0006220452848967328,-0.0006220452848967328
2021-01-12,-0.0002489729864310064,-0.0002489729864310064
2021-01-13,0.0010583987050181154,0.0010583987050181154
2021-01-14,-0.000310964612227127,-0.000310964612227127
2021-01-15,0.0011198208286673506,0.0011198208286673506
2021-01-19,0.00037285607755399575,0.00037285607755399575
2021-01-20,6.211951795243031e-05,6.211951795243031e-05
2021-01-21,6.211565935765329e-05,6.211565935765329e-05
2021-01-22,0.0004968944099379424,0.0004968944099379424
2021-01-25,0.0009312143034516662,0.0009312143034516662
2021-01-26,-6.202319667558687e-05,-6.202319667558687e-05
2021-01-27,0.0005582433941198062,0.0005582433941198062
2021-01-28,-0.0007439092430723271,-0.0007439092430723271
2021-01-29,-0.0004342701160121587,-0.0004342701160121587
2021-02-01,0.000744786494538241,0.000744786494538241
2021-02-02,-0.0007442322004465041,-0.0007442322004465041
2021-02-03,-0.0005585898709036252,-0.0005585898709036252
2021-02-04,0.00012420045954164571,0.00012420045954164571
2021-02-05,-0.00018627755355482556,-0.00018627755355482556
2021-02-08,-0.00043472860514226497,-0.00043472860514226497
2021-02-09,6.213109661379335e-05,6.213109661379335e-05
2021-02-10,0.0008076540755466155,0.0008076540755466155
2021-02-11,-6.207709975791786e-05,-6.207709975791786e-05
2021-02-12,-0.0008070523963248366,-0.0008070523963248366
2021-02-16,-0.002795899347623476,-0.002795899347623476
2021-02-17,0.00012461059190038704,0.00012461059190038704
2021-02-18,0.0005606777971591814,0.0005606777971591814
2021-02-19,-0.0009962019799514277,-0.0009962019799514277
2021-02-22,-0.0006232471174820731,-0.0006232471174820731
2021-02-23,0.000623635796694666,0.000623635796694666
2021-02-24,-0.0011841695232159832,-0.0011841695232159832
2021-02-25,-0.006926244852115349,-0.006926244852115349
2021-02-26,0.0006283380458687038,0.0006283380458687038
2021-03-01,0.002700156985871338,0.002700156985871338
2021-03-02,0.0015030060120240218,0.0015030060120240218
2021-03-03,-0.00206353176588292,-0.00206353176588292
2021-03-04,-0.001817156463437608,-0.001817156463437608
2021-03-05,-0.00018832391713752283,-0.00018832391713752283
2021-03-08,-0.002448672066302504,0.002448672066302504
2021-03-09,0.0011329305135951984,-0.0011329305135951984
2021-03-10,0.0011316484345529343,-0.0011316484345529343
2021-03-11,0.00043958804320531897,-0.00043958804320531897
2021-03-12,-0.002259745150963499,0.002259745150963499
2021-03-15,0.0005033029254482013,-0.0005033029254482013
2021-03-16,0.00037728730428221446,-0.00037728730428221446
2021-03-17,0.0020114400653719056,-0.0020114400653719056
2021-03-18,-0.0030111034439496143,0.0030111034439496143
2021-03-19,-0.00018876234820364157,0.00018876234820364157
2021-03-22,0.0006922592825675533,-0.0006922592825675533
2021-03-23,0.0010691151499906404,-0.0010691151499906404
2021-03-24,0.0006282196255811279,-0.0006282196255811279
2021-03-25,0.0008161727774986804,-0.0008161727774986804
2021-03-26,-0.0012546264349789782,0.0012546264349789782
2021-03-29,-0.0012562024998429289,0.0012562024998429289
2021-03-30,-0.0006917803911703491,0.0006917803911703491
2021-03-31,-0.000251730648206383,0.000251730648206383
2021-04-01,-0.004469344076545423,0.004469344076545423
2021-04-05,-0.0013910844135314182,0.0013910844135314182
2021-04-06,0.002722725258025749,-0.002722725258025749
2021-04-07,0.0007577671129073149,-0.0007577671129073149
2021-04-08,0.000567895002524077,-0.000567895002524077
2021-04-09,-0.001198208992873817,0.001198208992873817
2021-04-12,-0.001010228564212623,0.001010228564212623
2021-04-13,0.002148906585766719,-0.002148906585766719
2021-04-14,-0.0008829465186680485,0.0008829465186680485
2021-04-15,0.0028405504355510924,-0.0028405504355510924
2021-04-16,-0.0012588909171020735,0.0012588909171020735
2021-04-19,-6.30238860528376e-05,6.30238860528376e-05
2021-04-20,0.0013235850245809644,0.0013235850245809644
2021-04-21,-0.0001888336375652777,-0.0001888336375652777
2021-04-22,6.295643414766516e-05,6.295643414766516e-05
2021-04-23,-0.0006295247088448086,-0.0006295247088448086
2021-04-26,-0.0005669291338582516,-0.0005669291338582516
2021-04-27,-0.0010084457330139518,-0.0010084457330139518
2021-04-28,0.0007570977917981114,0.0007570977917981114
2021-04-29,-0.00018913125709241196,-0.00018913125709241196
2021-04-30,0.00031527839081912923,0.00031527839081912923
2021-05-03,0.001197680282400304,0.001197680282400304
2021-05-04,0.00018888119372917345,0.00018888119372917345
2021-05-05,0.0007553820974441905,0.0007553820974441905
2021-05-06,0.0003145049691786195,0.0003145049691786195
2021-05-07,0.0012576243476074556,0.0012576243476074556
2021-05-10,-0.00031401117879792384,-0.00031401117879792384
2021-05-11,-0.0008166855132554218,-0.0008166855132554218
2021-05-12,-0.0023263124803520885,-0.0023263124803520885
2021-05-13,0.0011343584572724996,0.0011343584572724996
2021-05-14,0.0005665365730831429,0.0005665365730831429
2021-05-17,-0.0003145643284051536,-0.0003145643284051536
2021-05-18,0.00037759597230957453,0.00037759597230957453
2021-05-19,-0.0015727226975339459,-0.0015727226975339459
2021-05-20,0.001953248062503965,0.001953248062503965
2021-05-21,-0.0003144258583825943,-0.0003144258583825943
2021-05-24,0.0007548594074353598,0.0007548594074353598
2021-05-25,0.0011942925388144232,0.0011942925388144232
2021-05-26,-6.278252134606088e-05,-6.278252134606088e-05
2021-05-27,-0.0006906510956238288,-0.0006906510956238288
2021-05-28,0.000565468710731265,0.000565468710731265
2021-06-01,-0.0003767660910517501,-0.0003767660910517501
2021-06-02,0.0004397261134494457,0.0004397261134494457
2021-06-03,-0.0017581313575285584,-0.0017581313575285584
2021-06-04,0.0022644357780852165,0.0022644357780852165
2021-06-07,-0.0003137944019078187,-0.0003137944019078187
2021-06-08,0.0008161215393307497,0.0008161215393307497
2021-06-09,0.0009409108016560364,0.0009409108016560364
2021-06-10,0.0004386789496773069,0.0004386789496773069
2021-06-11,-0.0007516913054372854,-0.0007516913054372854
2021-06-14,-0.0013164493480440909,-0.0013164493480440909
2021-06-15,0.0,0.0
2021-06-16,-0.0038290126169103766,-0.0038290126169103766
2021-06-17,-0.0005040957781978772,-0.0005040957781978772
2021-06-18,-0.0008195687807338592,-0.0008195687807338592
2021-06-21,0.00012619092687238265,0.00012619092687238265
2021-06-22,0.0010724875402183809,0.0010724875402183809
2021-06-23,-0.000882278800100833,-0.000882278800100833
2021-06-24,-0.00025230225810524143,-0.00025230225810524143
2021-06-25,-0.0006940063091482873,-0.0006940063091482873
2021-06-28,0.0011364353810214833,0.0011364353810214833
2021-06-29,0.00018919089361157937,0.00018919089361157937
2021-06-30,0.0004413619167717986,0.0004413619167717986
2021-07-01,-0.005357030314489197,-0.005357030314489197
2021-07-02,0.0016474464579900872,0.0016474464579900872
2021-07-06,0.0022140688259109087,0.0022140688259109087
2021-07-07,0.0011361484567316005,0.0011361484567316005
2021-07-08,0.002143622722400762,0.002143622722400762
2021-07-09,-0.0020132117017930273,-0.0020132117017930273
2021-07-12,-0.0003782386685998729,-0.0003782386685998729
2021-07-13,-0.002207227092135944,-0.002207227092135944
2021-07-14,0.0018960940462646736,0.0018960940462646736
2021-07-15,0.0006939187484229503,0.0006939187484229503
2021-07-16,0.0,0.0
2021-07-19,0.0035302275735988875,0.0035302275735988875
2021-07-20,0.0010050882593126698,0.0010050882593126698
2021-07-21,-0.0022591779102604237,-0.0022591779102604237
2021-07-22,0.0008805585256934645,0.0008805585256934645
2021-07-23,-0.0002513668070130981,-0.0002513668070130981
2021-07-26,0.00018857250612858145,0.00018857250612858145
2021-07-27,0.0008169934640522847,0.0008169934640522847
2021-07-28,-0.0011930926216640048,-0.0011930926216640048
2021-07-29,0.0004400855023261041,0.0004400855023261041
2021-07-30,0.0010054672280526145,0.0010054672280526145
2021-08-02,0.0020089145583526147,0.0020089145583526147
2021-08-03,0.0001253054319905189,0.0001253054319905189
2021-08-04,-0.001127607592557811,-0.001127607592557811
2021-08-05,-0.0017560363750391828,-0.0017560363750391828
2021-08-06,-0.0018219513727461,-0.0018219513727461
2021-08-09,-0.0011329305135951984,-0.0011329305135951984
2021-08-10,-0.0013232514177693444,-0.0013232514177693444
2021-08-11,0.0005047637074895306,0.0005047637074895306
2021-08-12,-0.0006936999432427537,-0.0006936999432427537
2021-08-13,0.0017039000378644698,0.0017039000378644698
2021-08-16,0.0015750015750015667,0.0015750015750015667
2021-08-17,-0.0005661089445213596,-0.0005661089445213596
2021-08-18,-0.00044055635974571405,-0.00044055635974571405
2021-08-19,0.00025185744868405635,0.00025185744868405635
2021-08-20,-0.0006924335893239153,-0.0006924335893239153
2021-08-23,0.0005669291338583626,0.0005669291338583626
2021-08-24,-0.0008184336439184259,-0.0008184336439184259
2021-08-25,-0.001008128032260136,-0.001008128032260136
2021-08-26,-0.00044150110375273943,-0.00044150110375273943
2021-08-27,0.0017667844522968323,0.0017667844522968323
2021-08-30,0.0011967750062988891,0.0011967750062988891
2021-08-31,0.0,0.0
2021-09-01,-0.00018873859704304774,-0.00018873859704304774
2021-09-02,0.0002516989680343418,0.0002516989680343418
2021-09-03,-0.0001258178158026757,-0.0001258178158026757
2021-09-07,-0.0012583364791745044,-0.0012583364791745044
2021-09-08,0.00044097265969500477,0.00044097265969500477
2021-09-09,0.0007556199231786298,0.0007556199231786298
2021-09-10,-0.0009438117410180968,-0.0009438117410180968
2021-09-13,0.0003778813452575136,0.0003778813452575136
2021-09-14,0.0007554772097708717,0.0007554772097708717
2021-09-15,-0.0007549068948162763,-0.0007549068948162763
2021-09-16,-0.0012591286829514159,-0.0012591286829514159
2021-09-17,-0.0011346444780635512,-0.0011346444780635512
2021-09-20,0.0016407926290546992,0.0016407926290546992
2021-09-21,-0.00031502016129036914,-0.00031502016129036914
2021-09-22,-0.0017646688094787866,-0.0017646688094787866
2021-09-23,-0.0022097354630974397,-0.0022097354630974397
2021-09-24,-0.001012401923563666,-0.001012401923563666
2021-09-27,-0.0008234101849505793,-0.0008234101849505793
2021-09-28,-0.0007606973058637001,-0.0007606973058637001
2021-09-29,0.0007612764067752575,0.0007612764067752575
2021-09-30,0.0014580031695721196,0.0014580031695721196
2021-10-01,-0.0029117609824028667,-0.0029117609824028667
2021-10-04,-0.0006348400203148863,-0.0006348400203148863
2021-10-05,-0.0011434379367297742,-0.0011434379367297742
2021-10-06,-0.00038158229458151727,-0.00038158229458151727
2021-10-07,-0.0014632904949739567,-0.0014632904949739567
2021-10-08,-0.0011468620579802025,-0.0011468620579802025
2021-10-11,-0.0019774191490719017,-0.0019774191490719017
2021-10-12,0.0007669691934040213,0.0007669691934040213
2021-10-13,-0.0008941116362243262,-0.0008941116362243262
2021-10-14,0.0015980567629763076,0.0015980567629763076
2021-10-15,-0.0028080924117684924,-0.0028080924117684924
2021-10-18,-0.0017279999999999518,-0.0017279999999999518
2021-10-19,0.0004487754840363234,0.0004487754840363234
2021-10-20,0.0003844921499518428,0.0003844921499518428
2021-10-21,-0.00288258279418363,-0.00288258279418363
2021-10-22,0.0,-0.0
2021-10-25,0.0015418219195681981,-0.0015418219195681981
2021-10-26,-0.00025657472738938036,0.00025657472738938036
2021-10-27,0.0013473630180931284,-0.0013473630180931284
2021-10-28,-0.0016659191388479488,0.0016659191388479488
2021-10-29,0.00019254219883180212,-0.00019254219883180212
2021-11-01,-0.00044917864476390346,0.00044917864476390346
2021-11-02,0.002246902484432267,-0.002246902484432267
2021-11-03,-0.001537279016141424,0.001537279016141424
2021-11-04,0.003656658968437254,-0.003656658968437254
2021-11-05,0.001853627356983134,-0.001853627356983134
2021-11-08,-0.0026795967844838176,0.0026795967844838176
2021-11-09,0.002111054247696975,-0.002111054247696975
2021-11-10,-0.0062559846792211715,0.0062559846792211715
2021-11-11,-0.0024410612192458103,0.0024410612192458103
2021-11-12,0.0013523085839397542,-0.0013523085839397542
2021-11-15,-0.0006430868167202064,0.0006430868167202064
2021-11-16,-0.000514800514800462,0.000514800514800462
2021-11-17,0.0010945145506051634,-0.0010945145506051634
2021-11-18,0.0005788153579007194,-0.0005788153579007194
2021-11-19,0.0006427561383210989,-0.0006427561383210989
2021-11-22,-0.004496402877697814,0.004496402877697814
2021-11-23,0.0,-0.0
2021-11-24,-0.0007097690024518988,0.0007097690024518988
2021-11-26,0.006650739329760347,-0.006650739329760347
2021-11-29,6.414368184737285e-05,-6.414368184737285e-05
2021-11-30,0.0008979539477904641,-0.0008979539477904641
2021-12-01,-0.0005126561999359014,0.0005126561999359014
2021-12-02,-0.0025004808617041796,0.0025004808617041796
2021-12-03,0.0034708831469341117,-0.0034708831469341117
2021-12-06,-0.003266717909300554,0.003266717909300554
2021-12-07,-0.001992159886896716,0.001992159886896716
2021-12-08,-6.439150032200303e-05,6.439150032200303e-05
2021-12-09,0.0,-0.0
2021-12-10,0.00045076952797984404,-0.00045076952797984404
2021-12-13,0.0014804325437693944,-0.0014804325437693944
2021-12-14,-0.001028343723889713,0.001028343723889713
2021-12-15,-0.0012224152351540951,0.0012224152351540951
2021-12-16,0.003929399639268194,-0.003929399639268194
2021-12-17,-6.416426050692703e-05,6.416426050692703e-05
2021-12-20,0.0007058521560574516,0.0007058521560574516
2021-12-21,-0.0026931708881051675,-0.0026931708881051675
2021-12-22,0.0005143702179644105,0.0005143702179644105
2021-12-23,-0.0006426322215795643,-0.0006426322215795643
2021-12-27,-0.0006430454633142846,-0.0006430454633142846
2021-12-28,0.0001930377710572806,0.0001930377710572806
2021-12-29,-0.0009650025733402012,-0.0009650025733402012
2021-12-30,0.0012879129370855225,0.0012879129370855225
2021-12-31,0.0006431281754453178,0.0006431281754453178
2022-01-03,-0.00919082203226429,-0.00919082203226429
2022-01-04,-6.486766995328352e-05,6.486766995328352e-05
2022-01-05,-0.00259487512163481,0.00259487512163481
2022-01-06,-0.002081300813008169,0.002081300813008169
2022-01-07,-0.001107997132242744,0.001107997132242744
2022-01-10,-0.0014354691374135475,0.0014354691374135475
2022-01-11,0.0011761630946158785,-0.0011761630946158785
2022-01-12,0.0005873906800679674,-0.0005873906800679674
2022-01-13,0.0006522731720044472,-0.0006522731720044472
2022-01-14,-0.0028029463529104515,0.0028029463529104515
2022-01-18,-0.00418355340567389,0.00418355340567389
2022-01-19,0.0015754233950373564,-0.0015754233950373564
2022-01-20,-0.00019661816751870287,0.00019661816751870287
2022-01-21,0.0032120616191413376,-0.0032120616191413376
2022-01-24,0.0015028750653423018,-0.0015028750653423018
2022-01-25,-0.0020878188817120558,0.0020878188817120558
2022-01-26,-0.0032690421706440542,0.0032690421706440542
2022-01-27,-0.0011807149885207924,0.0011807149885207924
2022-01-28,0.0017074932685361421,-0.0017074932685361421
2022-01-31,0.00032780436635415633,-0.00032780436635415633
2022-02-01,-0.00039323633503740574,0.00039323633503740574
2022-02-02,0.0011146079202728476,-0.0011146079202728476
2022-02-03,-0.0025541947737245385,0.0025541947737245385
2022-02-04,-0.00538411030860142,0.00538411030860142
2022-02-07,0.0009242144177448175,-0.0009242144177448175
2022-02-08,-0.0017807677087455787,0.0017807677087455787
2022-02-09,0.00013214403700034794,-0.00013214403700034794
2022-02-10,-0.00627601241989828,0.00627601241989828
2022-02-11,0.003058103975535076,-0.003058103975535076
2022-02-14,-0.0027173913043477826,0.0027173913043477826
2022-02-15,-0.0005316674420150491,0.0005316674420150491
2022-02-16,0.0009974067424696198,-0.0009974067424696198
2022-02-17,0.0029228112129666695,-0.0029228112129666695
2022-02-18,0.0011922108888593463,-0.0011922108888593463
2022-02-22,-0.0019184969568668553,0.0019184969568668553
2022-02-23,-0.0008616689865447169,0.0008616689865447169
2022-02-24,0.001658484808279237,-0.001658484808279237
2022-02-25,-0.0013908205841446364,0.0013908205841446364
2022-02-28,0.006831144714153137,-0.006831144714153137
2022-03-01,0.0072458994796127385,-0.0072458994796127385
2022-03-02,-0.008370937152573421,0.008370937152573421
2022-03-03,0.0005276000791401003,-0.0005276000791401003
2022-03-04,0.004218574912662421,-0.004218574912662421
2022-03-07,-0.002625533311453876,0.002625533311453876
2022-03-08,-0.0046067785455742305,0.0046067785455742305
2022-03-09,-0.002975206611570247,0.002975206611570247
2022-03-10,-0.0024535809018567667,0.0024535809018567667
2022-03-11,-0.0010636176294621658,0.0010636176294621658
2022-03-14,-0.004991016170892371,0.004991016170892371
2022-03-15,-0.000936329588014928,0.000936329588014928
2022-03-16,-0.0037488284910964786,0.0037488284910964786
2022-03-17,0.0012767101196076158,-0.0012767101196076158
2022-03-18,0.0006710958996041239,-0.0006710958996041239
2022-03-21,-0.008316008316008316,0.008316008316008316
2022-03-22,-0.001420166362345321,0.001420166362345321
2022-03-23,0.00182852498984154,-0.00182852498984154
2022-03-24,-0.0012843912661394397,0.0012843912661394397
2022-03-25,-0.008190063625287625,0.008190063625287625
2022-03-28,0.0,-0.0
2022-03-29,0.003207534293318881,-0.003207534293318881
2022-03-30,0.001224489795918382,-0.001224489795918382
2022-03-31,0.0012909362685147308,-0.0012909362685147308
2022-04-01,-0.009635611047024484,0.009635611047024484
2022-04-04,-6.85166152791794e-05,6.85166152791794e-05
2022-04-05,-0.005618747430450877,0.005618747430450877
2022-04-06,0.0,-0.0
2022-04-07,0.0011714443219403847,-0.0011714443219403847
2022-04-08,-0.0026842865992153797,0.0026842865992153797
2022-04-11,-0.0006901311249137843,0.0006901311249137843
2022-04-12,0.005248618784530423,-0.005248618784530423
2022-04-13,0.0013740038472107585,-0.0013740038472107585
2022-04-14,-0.004871020856201946,0.004871020856201946
2022-04-18,-0.0011720096518441636,0.0011720096518441636
2022-04-19,-0.004072335726118204,0.004072335726118204
2022-04-20,0.001178182826252705,-0.001178182826252705
2022-04-21,-0.004914855323272849,0.004914855323272849
2022-04-22,0.0012521739130435527,-0.0012521739130435527
2022-04-25,0.0038213020218160754,-0.0038213020218160754
2022-04-26,0.0030454042081948796,-0.0030454042081948796
2022-04-27,-0.00048302511730613507,0.00048302511730613507
2022-04-28,-0.002830514325164013,0.002830514325164013
2022-04-29,-0.00152312378842423,0.00152312378842423
2022-05-02,-0.0036749410622659573,0.0036749410622659573
2022-05-03,0.00020878279629754637,-0.00020878279629754637
2022-05-04,0.005218480378513801,-0.005218480378513801
2022-05-05,-0.005329826261507575,0.005329826261507575
2022-05-06,-0.0003479471120390043,0.0003479471120390043
2022-05-09,0.002854159415245361,-0.002854159415245361
2022-05-10,0.0022907122032487237,-0.0022907122032487237
2022-05-11,0.0013158806011497326,-0.0013158806011497326
2022-05-12,0.004219117443629905,-0.004219117443629905
2022-05-13,-0.00413251601349951,0.00413251601349951
2022-05-16,0.002835604122000124,-0.002835604122000124
2022-05-17,-0.005379310344827637,0.005379310344827637
2022-05-18,0.0021494938288726395,-0.0021494938288726395
2022-05-19,0.0020065038400332025,-0.0020065038400332025
2022-05-20,0.001657229664411064,-0.001657229664411064
2022-05-23,-0.003033227629946178,0.003033227629946178
2022-05-24,0.005255151431337257,-0.005255151431337257
2022-05-25,0.001994772320814464,-0.001994772320814464
2022-05-26,0.00020594494405168362,-0.00020594494405168362
2022-05-27,-0.0010295126973233204,-0.0010295126973233204
2022-05-31,-0.0027481964960495153,-0.0027481964960495153
2022-06-01,-0.005442645539097457,-0.005442645539097457
2022-06-02,0.0011083402604599168,0.0011083402604599168
2022-06-03,-0.001453086078051502,-0.001453086078051502
2022-06-06,-0.0033954680895295075,-0.0033954680895295075
2022-06-07,0.002225003476567844,0.002225003476567844
2022-06-08,-0.0017344248647148675,-0.0017344248647148675
2022-06-09,-0.001320453123914156,-0.001320453123914156
2022-06-10,-0.008072372999304078,-0.008072372999304078
2022-06-13,-0.009120246948225108,0.009120246948225108
2022-06-14,-0.004743698668932317,0.004743698668932317
2022-06-15,0.0055488368784235576,-0.0055488368784235576
2022-06-16,0.003749557835160955,-0.003749557835160955
2022-06-17,0.0010572314632082414,-0.0010572314632082414
2022-06-21,-0.0008448919242413089,0.0008448919242413089
2022-06-22,0.006412514974279526,-0.006412514974279526
2022-06-23,0.00392101946506096,-0.00392101946506096
2022-06-24,-0.0009764262798158674,0.0009764262798158674
2022-06-27,-0.003001954761239878,0.003001954761239878
2022-06-28,-0.0003501155381275822,0.0003501155381275822
2022-06-29,0.004413000840571613,-0.004413000840571613
2022-06-30,0.0055791896227073146,-0.0055791896227073146
2022-07-01,0.0016644704903252538,-0.0016644704903252538
2022-07-05,0.0033234092640033186,-0.0033234092640033186
2022-07-06,-0.0057967014008695195,0.0057967014008695195
2022-07-07,-0.004234052890955797,0.004234052890955797
2022-07-08,-0.003694409591523784,0.003694409591523784
2022-07-11,0.003638144546281419,-0.003638144546281419
2022-07-12,0.0013942140118508028,-0.0013942140118508028
2022-07-13,-0.00034806822137134485,-0.00034806822137134485
2022-07-14,-0.0017409470752088874,-0.0017409470752088874
2022-07-15,0.00020927799093128918,0.00020927799093128918
2022-07-18,-0.0004882131399079892,-0.0004882131399079892
2022-07-19,-0.0034191612588095888,-0.0034191612588095888
2022-07-20,-0.0009102366615320046,-0.0009102366615320046
2022-07-21,0.0073586095732005585,0.0073586095732005585
2022-07-22,0.0057743147349380575,0.0057743147349380575
2022-07-25,-0.0008992183717230207,-0.0008992183717230207
2022-07-26,0.0005538631957906492,0.0005538631957906492
2022-07-27,0.0034597287572655233,0.0034597287572655233
2022-07-28,0.0037236243276790315,0.0037236243276790315
2022-07-29,6.870019236049352e-05,6.870019236049352e-05
2022-08-01,0.0007556502026515588,0.0007556502026515588
2022-08-02,-0.008237232289950547,-0.008237232289950547
2022-08-03,-0.0006229235880398365,-0.0006229235880398365
2022-08-04,0.0041554124246832025,0.0041554124246832025
2022-08-05,-0.008690254500310357,-0.008690254500310357
2022-08-08,0.00250469630557304,0.00250469630557304
2022-08-09,-0.0030536470261641746,-0.0030536470261641746
2022-08-10,0.002923773059519741,-0.002923773059519741
2022-08-11,-0.0022905532033039577,0.0022905532033039577
2022-08-12,-6.957005704744113e-05,6.957005704744113e-05
2022-08-15,0.002435121408195906,-0.002435121408195906
2022-08-16,-0.002082176568573013,0.002082176568573013
2022-08-17,-0.003616636528028905,0.003616636528028905
2022-08-18,0.0008376378612313662,-0.0008376378612313662
2022-08-19,-0.0032082577765378817,0.0032082577765378817
2022-08-22,-0.0028687377553876514,0.0028687377553876514
2022-08-23,0.00035085257174927165,-0.00035085257174927165
2022-08-24,-0.0018939393939394478,-0.0018939393939394478
2022-08-25,0.0017569751915103016,0.0017569751915103016
2022-08-26,-0.0014732706608671098,-0.0014732706608671098
2022-08-29,-0.003091407292910797,-0.003091407292910797
2022-08-30,-0.000563817041370096,-0.000563817041370096
2022-08-31,-7.051688879489149e-05,-7.051688879489149e-05
2022-09-01,-0.004160789844851909,-0.004160789844851909
2022-09-02,0.004886339494370118,0.004886339494370118
2022-09-06,-0.005708245243128962,-0.005708245243128962
2022-09-07,0.0032603302856333283,0.0032603302856333283
2022-09-08,-0.0015542211232779657,0.0015542211232779657
2022-09-09,-0.002051935187150633,0.002051935187150633
2022-09-12,-7.090187180947005e-05,7.090187180947005e-05
2022-09-13,-0.006027086435510198,0.006027086435510198
2022-09-14,-0.00042802111570838797,0.00042802111570838797
2022-09-15,-0.003068798172994547,0.003068798172994547
2022-09-16,0.0020760254850025195,-0.0020760254850025195
2022-09-19,-0.0030004286326618113,0.0030004286326618113
2022-09-20,-0.002077959300659238,0.002077959300659238
2022-09-21,0.0022258921519351382,-0.0022258921519351382
2022-09-22,-0.009027081243731194,0.009027081243731194
2022-09-23,-0.0025303643724696734,0.0025303643724696734
2022-09-26,-0.006450677683554451,0.006450677683554451
2022-09-27,-0.001094251531952195,0.001094251531952195
2022-09-28,0.011757832469144747,-0.011757832469144747
2022-09-29,-0.0026707088205571994,0.0026707088205571994
2022-09-30,0.003112108272418146,-0.003112108272418146
2022-10-03,-0.0009379509379509043,0.0009379509379509043
2022-10-04,0.0018054452227920237,-0.0018054452227920237
2022-10-05,-0.004901960784313708,0.004901960784313708
2022-10-06,-0.004201680672268893,0.004201680672268893
2022-10-07,-0.0030554343081623525,0.0030554343081623525
2022-10-10,-0.001897256275539938,0.001897256275539938
2022-10-11,0.0005848808305308761,-0.0005848808305308761
2022-10-12,0.0023381557796289254,-0.0023381557796289254
2022-10-13,-0.004446712348738835,0.004446712348738835
2022-10-14,-0.0027092333601815843,0.0027092333601815843
2022-10-17,0.001468428781204123,-0.001468428781204123
2022-10-18,0.0010263929618767875,-0.0010263929618767875
2022-10-19,-0.005566134466090555,0.005566134466090555
2022-10-20,-0.003903373103549823,0.003903373103549823
2022-10-21,0.004584103512014881,-0.004584103512014881
2022-10-24,0.00014719952896147248,-0.00014719952896147248
2022-10-25,0.0039002134079033635,-0.0039002134079033635
2022-10-26,0.002712212285588711,-0.002712212285588711
2022-10-27,0.004459390306309041,-0.004459390306309041
2022-10-28,-0.004366812227074246,0.004366812227074246
2022-10-31,-0.0026315789473684292,0.0026315789473684292
2022-11-01,-0.0005863383172090009,0.0005863383172090009
2022-11-02,0.0002200058668231364,-0.0002200058668231364
2022-11-03,-0.004545787814355884,-0.004545787814355884
2022-11-04,0.001252117551741927,0.001252117551741927
2022-11-07,-0.0027953508900985247,-0.0027953508900985247
2022-11-08,0.003467099439362631,0.003467099439362631
2022-11-09,0.001396750716753603,0.001396750716753603
2022-11-10,0.014021435912494384,0.014021435912494384
2022-11-11,-0.0009411424020849823,-0.0009411424020849823
2022-11-14,-0.001159420289855051,-0.001159420289855051
2022-11-15,0.0030470110272780015,0.0030470110272780015
2022-11-16,0.002531462462028067,0.002531462462028067
2022-11-17,-0.003751533078421465,-0.003751533078421465
2022-11-18,-0.0023173292780070964,-0.0023173292780070964
2022-11-21,-0.000653262684183753,-0.000653262684183753
2022-11-22,0.0011621150493899002,0.0011621150493899002
2022-11-23,0.0015960533952408262,0.0015960533952408262
2022-11-25,7.243227582209855e-05,7.243227582209855e-05
2022-11-28,-0.00036213514883753906,-0.00036213514883753906
2022-11-29,-0.000507172873496553,-0.000507172873496553
2022-11-30,0.004204421891989885,0.004204421891989885
2022-12-01,0.006063668519454168,0.006063668519454168
2022-12-02,0.0006457630767022771,0.0006457630767022771
2022-12-05,-0.00509106553850569,-0.00509106553850569
2022-12-06,0.0022342342342343002,0.0022342342342343002
2022-12-07,0.0051057097655689,0.0051057097655689
2022-12-08,-0.0037919439078486494,-0.0037919439078486494
2022-12-09,-0.001651824188451556,-0.001651824188451556
2022-12-12,-0.0014387454139990208,-0.0014387454139990208
2022-12-13,0.006483682731791562,0.006483682731791562
2022-12-14,0.0,0.0
2022-12-15,0.0007873452150883864,0.0007873452150883864
2022-12-16,0.000929766843083879,0.000929766843083879
2022-12-19,-0.004573061807788492,-0.004573061807788492
2022-12-20,-0.0015792118297321966,-0.0015792118297321966
2022-12-21,0.0005032712632109249,0.0005032712632109249
2022-12-22,-0.00021557918942227694,-0.00021557918942227694
2022-12-23,-0.002946884209013123,-0.002946884209013123
2022-12-27,-0.003748558246828182,-0.003748558246828182
2022-12-28,0.000940665701881338,0.000940665701881338
2022-12-29,0.0006506180871828082,0.0006506180871828082
2022-12-30,-0.000866926744690022,-0.000866926744690022
2023-01-03,-0.0002892263195950484,-0.0002892263195950484
2023-01-04,0.002748444958773355,0.002748444958773355
2023-01-05,-0.0015868436237738148,-0.0015868436237738148
2023-01-06,0.008163560179164753,0.008163560179164753
2023-01-09,0.0025080616266570654,0.0025080616266570654
2023-01-10,-0.003145103645461056,-0.003145103645461056
2023-01-11,0.0025096801950379444,0.0025096801950379444
2023-01-12,0.005078320577927231,0.005078320577927231
2023-01-13,-0.0032023911187020193,-0.0032023911187020193
2023-01-17,0.0005711429999286644,0.0005711429999286644
2023-01-18,0.007206564395290771,0.007206564395290771
2023-01-19,-0.00233777274015301,-0.00233777274015301
2023-01-20,-0.003266349499396415,-0.003266349499396415
2023-01-23,-0.002635890859870371,-0.002635890859870371
2023-01-24,0.001642857142857057,0.001642857142857057
2023-01-25,0.0009983598374099234,0.0009983598374099234
2023-01-26,-0.0018522476312602398,-0.0018522476312602398
2023-01-27,-0.0013560773677824267,-0.0013560773677824267
2023-01-30,-0.002572898799313883,-0.002572898799313883
2023-01-31,0.0019346517626828152,0.0019346517626828152
2023-02-01,0.005792748337266618,0.005792748337266618
2023-02-02,0.0007110352673491693,0.0007110352673491693
2023-02-03,-0.007886883615176976,-0.007886883615176976
2023-02-06,-0.006373988397908814,-0.006373988397908814
2023-02-07,-0.0011532362692806553,-0.0011532362692806553
2023-02-08,0.001082407273776953,0.001082407273776953
2023-02-09,-0.0028832984934765715,-0.0028832984934765715
2023-02-10,-0.0015181088700932932,-0.0015181088700932932
2023-02-13,-0.0005068056762235207,-0.0005068056762235207
2023-02-14,-0.00354943860919954,-0.00354943860919954
2023-02-15,-0.0013812154696132284,0.0013812154696132284
2023-02-16,-0.0002911843925165192,0.0002911843925165192
2023-02-17,0.000582538411126432,-0.000582538411126432
2023-02-21,-0.005530892948111488,0.005530892948111488
2023-02-22,0.0007317965605562193,-0.0007317965605562193
2023-02-23,0.001023765996343684,-0.001023765996343684
2023-02-24,-0.004163927240850351,0.004163927240850351
2023-02-27,0.001467136150234749,-0.001467136150234749
2023-02-28,0.00014649868151184187,-0.00014649868151184187
2023-03-01,-0.003588691958400503,0.003588691958400503
2023-03-02,-0.002058066887173804,0.002058066887173804
2023-03-03,0.0024305811298519497,-0.0024305811298519497
2023-03-06,-0.000808229243203562,0.000808229243203562
2023-03-07,-0.0020589749246268108,0.0020589749246268108
2023-03-08,-0.001252671136983241,0.001252671136983241
2023-03-09,0.005312084993359889,-0.005312084993359889
2023-03-10,0.010934977249376088,-0.010934977249376088
2023-03-13,0.012341197822141492,-0.012341197822141492
2023-03-14,-0.005880243814987418,0.005880243814987418
2023-03-15,0.009161076246122724,-0.009161076246122724
2023-03-16,-0.007219442458899161,-0.007219442458899161
2023-03-17,0.012239902080783294,0.012239902080783294
2023-03-20,-0.005619176328330644,-0.005619176328330644
2023-03-21,-0.005364806866952843,-0.005364806866952843
2023-03-22,0.006472491909385036,0.006472491909385036
2023-03-23,0.0067881386209360794,0.0067881386209360794
2023-03-24,0.0024840312278211485,0.0024840312278211485
2023-03-27,-0.006513274336283237,-0.006513274336283237
2023-03-28,-0.0028504240005701176,-0.0028504240005701176
2023-03-29,-0.0007146430358035971,-0.0007146430358035971
2023-03-30,0.0007866695272831237,0.0007866695272831237
2023-03-31,0.001929398313562869,0.001929398313562869
2023-04-03,0.0032807930960701004,0.0032807930960701004
2023-04-04,0.005900334115305217,0.005900334115305217
2023-04-05,0.0018374558303886346,0.0018374558303886346
2023-04-06,-0.0007054176072234242,-0.0007054176072234242
2023-04-10,-0.006635606381476755,-0.006635606381476755
2023-04-11,-0.001563388288800427,-0.001563388288800427
2023-04-12,0.00320284697508888,0.00320284697508888
2023-04-13,-0.0013479957431713485,-0.0013479957431713485
2023-04-14,-0.004546746234725729,-0.004546746234725729
2023-04-17,-0.003354267770482422,-0.003354267770482422
2023-04-18,0.0005728607232367011,0.0005728607232367011
2023-04-19,-0.0020038645960065438,-0.0020038645960065438
2023-04-20,0.003370383650053821,0.003370383650053821
2023-04-21,-0.0007861635220125507,-0.0007861635220125507
2023-04-24,0.002360346184107076,0.002360346184107076
2023-04-25,0.006993006993007089,0.006993006993007089
2023-04-26,-0.0013463718820861947,-0.0013463718820861947
2023-04-27,-0.005676577024054441,-0.005676577024054441
2023-04-28,0.002426318418611295,0.002426318418611295
2023-05-01,-0.0037730476258275303,-0.0037730476258275303
2023-05-02,0.006931542089466891,0.006931542089466891
2023-05-03,0.002270953090625305,0.002270953090625305
2023-05-04,0.006018551299298958,0.006018551299298958
2023-05-05,-0.006264076576576572,-0.006264076576576572
2023-05-08,-0.003612153835257481,-0.003612153835257481
2023-05-09,7.108330963889742e-05,7.108330963889742e-05
2023-05-10,0.0051176345156016545,0.0051176345156016545
2023-05-11,7.071635669331222e-05,7.071635669331222e-05
2023-05-12,-0.003889124593409732,-0.003889124593409732
2023-05-15,-0.00042592461134383086,-0.00042592461134383086
2023-05-16,-0.002272565868901344,-0.002272565868901344
2023-05-17,-0.002989536621823663,-0.002989536621823663
2023-05-18,-0.004497751124437732,-0.004497751124437732
2023-05-19,-0.0022948938611588865,-0.0022948938611588865
2023-05-22,-0.0007188039102932198,-0.0007188039102932198
2023-05-23,0.0006473888649114468,0.0006473888649114468
2023-05-24,-0.0013658256056358065,-0.0013658256056358065
2023-05-25,-0.006334581053843991,-0.006334581053843991
2023-05-26,-0.002535496957403627,-0.002535496957403627
2023-05-30,0.004720749509768307,0.004720749509768307
2023-05-31,0.0035419979760011877,0.0035419979760011877
2023-06-01,0.0022329467694301997,0.0022329467694301997
2023-06-02,-0.005821474773609281,-0.005821474773609281
2023-06-05,0.000578327188607064,0.000578327188607064
2023-06-06,-0.0009392384943284204,-0.0009392384943284204
2023-06-07,-0.0024587792884003257,-0.0024587792884003257
2023-06-08,0.002464839785413897,0.002464839785413897
2023-06-09,-0.00282036447787104,-0.00282036447787104
2023-06-12,0.0002175647255058255,0.0002175647255058255
2023-06-13,-0.004205336426914119,-0.004205336426914119
2023-06-14,0.0,0.0
2023-06-15,0.0040046599679626205,0.0040046599679626205
2023-06-16,-0.0031184277322503506,-0.0031184277322503506
2023-06-20,0.0014549687181726334,0.0014549687181726334
2023-06-21,0.00043585645793986494,0.00043585645793986494
2023-06-22,-0.003412721463839641,-0.003412721463839641
2023-06-23,0.0019672131147541183,0.0019672131147541183
2023-06-26,0.0013816172193135134,0.0013816172193135134
2023-06-27,-0.0029772710769007116,-0.0029772710769007116
2023-06-28,0.0029861616897304266,0.0029861616897304266
2023-06-29,-0.006971171302011525,-0.006971171302011525
2023-06-30,0.000877513711151634,0.000877513711151634
2023-07-03,-0.0008036823262950188,-0.0008036823262950188
2023-07-05,-0.0024861070488446657,-0.0024861070488446657
2023-07-06,-0.00432487904999268,-0.00432487904999268
2023-07-07,0.001546050209821015,0.001546050209821015
2023-07-10,0.0036753895912966517,0.0036753895912966517
2023-07-11,7.323861139596488e-05,7.323861139596488e-05
2023-07-12,0.006883925302087146,0.006883925302087146
2023-07-13,0.005600407302349231,0.005600407302349231
2023-07-14,-0.0041226674381600326,-0.0041226674381600326
2023-07-17,0.001089403733023353,0.001089403733023353
2023-07-18,0.0,0.0
2023-07-19,0.0010156703424260005,0.0010156703424260005
2023-07-20,-0.00521814755761707,-0.00521814755761707
2023-07-21,0.00021856331050562616,0.00021856331050562616
2023-07-24,-0.001529608857163689,-0.001529608857163689
2023-07-25,-0.0025532535745550478,-0.0025532535745550478
2023-07-26,0.003803115629342546,0.003803115629342546
2023-07-27,-0.006484517304189419,-0.006484517304189419
2023-07-28,0.0021267233792900964,0.0021267233792900964
2023-07-31,0.0005854372484448422,0.0005854372484448422
2023-08-01,-0.0027060630439552646,-0.0027060630439552646
2023-08-02,0.0004400117336462728,0.0004400117336462728
2023-08-03,-0.0019791819381322906,-0.0019791819381322906
2023-08-04,0.004994491369812781,0.004994491369812781
2023-08-07,0.0006577504933129585,0.0006577504933129585
2023-08-08,0.0013146362839613346,0.0013146362839613346
2023-08-09,-0.0008023340627278941,-0.0008023340627278941
2023-08-10,-0.00277392510402219,-0.00277392510402219
2023-08-11,-0.004099260669057858,-0.004099260669057858
2023-08-14,-0.002058066887173804,-0.002058066887173804
2023-08-15,-0.0008838476835825171,-0.0008838476835825171
2023-08-16,-0.0011795060818282632,-0.0011795060818282632
2023-08-17,-0.0008856742194995881,-0.0008856742194995881
2023-08-18,0.001846790278495991,0.001846790278495991
2023-08-21,-0.0031706238017991106,-0.0031706238017991106
2023-08-22,-0.0008876396183149504,-0.0008876396183149504
2023-08-23,0.004516176797216165,0.004516176797216165
2023-08-24,-0.0020636792452830566,-0.0020636792452830566
2023-08-25,-0.0011816838995568624,-0.0011816838995568624
2023-08-28,0.0009612540668442193,0.0009612540668442193
2023-08-29,0.0046539115018098265,0.0046539115018098265
2023-08-30,0.00036764705882363913,0.00036764705882363913
2023-08-31,0.0011025358324145973,0.0011025358324145973
2023-09-01,-0.001468428781204123,-0.001468428781204123
2023-09-05,-0.003602941176470642,-0.003602941176470642
2023-09-06,-0.0025090399232529093,-0.0025090399232529093
2023-09-07,0.00251535103943179,0.00251535103943179
2023-09-08,-0.0006641576267434335,-0.0006641576267434335
2023-09-11,-0.0005169103529759633,-0.0005169103529759633
2023-09-12,-0.00022164758034726173,-0.00022164758034726173
2023-09-13,0.0010345846881465448,0.0010345846881465448
2023-09-14,-0.0008120478369998407,-0.0008120478369998407
2023-09-15,-0.0012560029553010388,-0.0012560029553010388
2023-09-18,-0.0005918035212310047,-0.0005918035212310047
2023-09-19,-0.0022205773501110526,-0.0022205773501110526
2023-09-20,0.0007418397626113293,0.0007418397626113293
2023-09-21,-0.004595997034840593,0.004595997034840593
2023-09-22,0.002010723860589758,-0.002010723860589758
2023-09-25,-0.00029728725380895327,0.00029728725380895327
2023-09-26,-0.0011151587242583805,0.0011151587242583805
2023-09-27,-0.0024560881214646946,0.0024560881214646946
2023-09-28,0.0026859658285458554,-0.0026859658285458554
2023-09-29,0.0015626162660913323,-0.0015626162660913323
2023-10-02,-0.002303120356612176,0.002303120356612176
2023-10-03,-0.0033509568843547166,0.0033509568843547166
2023-10-04,0.00336222355050797,-0.00336222355050797
2023-10-05,0.0014893141708243185,-0.0014893141708243185
2023-10-06,-0.0026767789426722643,0.0026767789426722643
2023-10-09,0.006709908297919842,-0.006709908297919842
2023-10-10,-0.0014811523365177992,0.0014811523365177992
2023-10-11,0.00014833494029509176,-0.00014833494029509176
2023-10-12,-0.0037819799777530916,0.0037819799777530916
2023-10-13,0.002084263808247666,-0.002084263808247666
2023-10-16,-0.0027484771950675446,0.0027484771950675446
2023-10-17,-0.0062569832402235015,0.0062569832402235015
2023-10-18,-0.0019488793943482907,0.0019488793943482907
2023-10-19,-0.0009763424708975066,0.0009763424708975066
2023-10-20,0.004134716583972242,-0.004134716583972242
2023-10-23,0.002545481769858471,-0.002545481769858471
2023-10-24,-0.0014188634157269453,0.0014188634157269453
2023-10-25,-0.0033652408016751068,0.0033652408016751068
2023-10-26,0.004352067231935264,-0.004352067231935264
2023-10-27,0.0011206574523721091,-0.0011206574523721091
