date,ZT=F Long Only,ZT=F Using TFT
2017-07-05,0.0,-0.0
2017-07-06,0.00014470732942628572,-0.00014470732942628572
2017-07-07,-7.234319612237083e-05,7.234319612237083e-05
2017-07-10,0.0003617421501953544,-0.0003617421501953544
2017-07-11,0.0003616113401316845,-0.0003616113401316845
2017-07-12,0.0005783689994216523,-0.0005783689994216523
2017-07-13,-0.00021676300578032937,0.00021676300578032937
2017-07-14,7.227000072274059e-05,-7.227000072274059e-05
2017-07-17,0.00014452955629429276,-0.00014452955629429276
2017-07-18,0.0001445086705202936,-0.0001445086705202936
2017-07-19,-7.224389539084441e-05,-7.224389539084441e-05
2017-07-20,0.0,0.0
2017-07-21,0.0002889964597934114,0.0002889964597934114
2017-07-24,-0.0002889129649693567,-0.0002889129649693567
2017-07-25,-0.0005057438046384144,-0.0005057438046384144
2017-07-26,0.0008674280757554609,0.0008674280757554609
2017-07-27,-7.222302470022424e-05,-7.222302470022424e-05
2017-07-28,0.00014445648248462284,0.00014445648248462284
2017-07-31,-7.221780891164542e-05,-7.221780891164542e-05
2017-08-01,0.00014444604940044847,0.00014444604940044847
2017-08-02,-0.00036106296938187565,-0.00036106296938187565
2017-08-03,0.00043343205952472985,0.00043343205952472985
2017-08-04,-0.0003610368979709566,-0.0003610368979709566
2017-08-07,0.00014446691707603598,0.00014446691707603598
2017-08-08,-0.00021666907410078373,-0.00021666907410078373
2017-08-09,0.0005056707361121848,0.0005056707361121848
2017-08-10,0.0,0.0
2017-08-11,0.0007942238267149015,0.0007942238267149015
2017-08-14,-0.0005050140682490989,-0.0005050140682490989
2017-08-15,-0.0005774505557961662,-0.0005774505557961662
2017-08-16,0.00043333814820156746,0.00043333814820156746
2017-08-17,0.00021657522379436855,0.00021657522379436855
2017-08-18,-7.217610970766675e-05,-7.217610970766675e-05
2017-08-21,0.0002887252778980276,0.0002887252778980276
2017-08-22,-0.00036080242459224365,-0.00036080242459224365
2017-08-23,0.00036093264996761576,0.00036093264996761576
2017-08-24,-0.0004329629095107812,-0.0004329629095107812
2017-08-25,0.0,0.0
2017-08-28,0.00021657522379436855,0.00021657522379436855
2017-08-29,0.00036088054853844476,0.00036088054853844476
2017-08-30,-0.0001443001443001135,-0.0001443001443001135
2017-08-31,7.216048491853755e-05,7.216048491853755e-05
2017-09-01,-0.00036077639079301616,-0.00036077639079301616
2017-09-05,0.0010105384726433186,0.0010105384726433186
2017-09-06,-0.00014421690222099492,-0.00014421690222099492
2017-09-07,0.0004327131112071836,0.0004327131112071836
2017-09-08,0.00028835063437138153,0.00028835063437138153
2017-09-11,-0.0007927356586913126,-0.0007927356586913126
2017-09-12,-0.0002884962134871438,-0.0002884962134871438
2017-09-13,-0.00028857946757088193,-0.00028857946757088193
2017-09-14,-0.0002886627697192834,-0.0002886627697192834
2017-09-15,-0.00036093264996750474,-0.00036093264996750474
2017-09-18,-0.0002166377816291698,-0.0002166377816291698
2017-09-19,-0.00014445648248462284,-0.00014445648248462284
2017-09-20,-0.0005779094126995288,-0.0005779094126995288
2017-09-21,-7.228044813878398e-05,-7.228044813878398e-05
2017-09-22,0.00014457134595913246,0.00014457134595913246
2017-09-25,0.00043365134431927466,0.00043365134431927466
2017-09-26,-0.0003612194769542221,-0.0003612194769542221
2017-09-27,-0.00021681000216811075,-0.00021681000216811075
2017-09-28,0.0003614283648980532,0.0003614283648980532
2017-09-29,-0.00043355733795791274,-0.00043355733795791274
2017-10-02,-0.0022410178558519567,-0.0022410178558519567
2017-10-03,7.245326764238058e-05,7.245326764238058e-05
2017-10-04,-7.244801854666694e-05,-7.244801854666694e-05
2017-10-05,-0.0002898130705695223,-0.0002898130705695223
2017-10-06,-0.00021742281490066961,-0.00021742281490066961
2017-10-09,-7.249003262055354e-05,-7.249003262055354e-05
2017-10-10,0.0002174858634189647,0.0002174858634189647
2017-10-11,-0.0002899180981372762,-0.0002899180981372762
2017-10-12,7.250054375407267e-05,7.250054375407267e-05
2017-10-13,0.0002174858634189647,0.0002174858634189647
2017-10-16,-0.0007972747698775651,-0.0007972747698775651
2017-10-17,0.0,0.0
2017-10-18,-0.00021761207021619988,-0.00021761207021619988
2017-10-19,0.0002902125807153766,0.0002902125807153766
2017-10-20,-0.00036266047726118966,-0.00036266047726118966
2017-10-23,0.00036279204759837036,0.00036279204759837036
2017-10-24,-0.00014506419090443146,-0.00014506419090443146
2017-10-25,-0.00029017047515411676,-0.00029017047515411676
2017-10-26,-0.0002176910238734786,0.0002176910238734786
2017-10-27,0.0003628973726230722,-0.0003628973726230722
2017-10-30,0.00036276572589422074,-0.00036276572589422074
2017-10-31,-0.0003626341746446604,0.0003626341746446604
2017-11-01,-0.0004353188710730649,0.0004353188710730649
2017-11-02,0.000217754228061251,-0.000217754228061251
2017-11-03,-0.0002177068214803679,0.0002177068214803679
2017-11-06,7.258474268700965e-05,-7.258474268700965e-05
2017-11-07,-7.257947452465885e-05,7.257947452465885e-05
2017-11-08,-0.000217754228061251,0.000217754228061251
2017-11-09,0.0002904022070566725,0.0002904022070566725
2017-11-10,-0.0005080563216722789,-0.0005080563216722789
2017-11-13,-0.0004356982063756787,-0.0004356982063756787
2017-11-14,-0.00014529604068291846,-0.00014529604068291846
2017-11-15,0.00014531715469012774,0.00014531715469012774
2017-11-16,-0.00043588812204864436,-0.00043588812204864436
2017-11-17,-0.0001453594011192605,-0.0001453594011192605
2017-11-20,-0.00043614160063965013,-0.00043614160063965013
2017-11-21,-0.00036360991927864017,-0.00036360991927864017
2017-11-22,0.0009457296668120563,0.0009457296668120563
2017-11-24,-0.00036339850279820674,0.00036339850279820674
2017-11-27,0.00021811836556628883,-0.00021811836556628883
2017-11-28,-0.00021807080031988058,0.00021807080031988058
2017-11-29,-0.00021811836556639985,0.00021811836556639985
2017-11-30,-0.000509053886990074,0.000509053886990074
2017-12-01,0.0001455180442375692,-0.0001455180442375692
2017-12-04,-0.0005092390513603551,0.0005092390513603551
2017-12-05,-0.0002911420045127455,0.0002911420045127455
2017-12-06,0.0003640334910812726,-0.0003640334910812726
2017-12-07,-7.278020378453931e-05,7.278020378453931e-05
2017-12-08,0.00021835650338442036,-0.00021835650338442036
2017-12-11,-0.0004366176684617029,0.0004366176684617029
2017-12-12,-7.280139778687023e-05,7.280139778687023e-05
2017-12-13,0.000873680378594921,-0.000873680378594921
2017-12-14,-0.0005819451516694274,0.0005819451516694274
2017-12-15,-0.00036392750564084864,0.00036392750564084864
2017-12-18,0.00014562399883510935,-0.00014562399883510935
2017-12-19,-0.0003640069889342401,0.0003640069889342401
2017-12-20,-0.00014565581530845417,0.00014565581530845417
2017-12-21,-0.0002913540680311577,0.0002913540680311577
2017-12-22,-0.00021857923497270448,0.00021857923497270448
2017-12-26,7.287567409997031e-05,-7.287567409997031e-05
2017-12-27,0.0003643518181155603,-0.0003643518181155603
2017-12-28,-7.284382284378221e-05,7.284382284378221e-05
2017-12-29,0.00036424564726456055,-0.00036424564726456055
2018-01-02,-0.0027672589571803297,0.0027672589571803297
2018-01-03,-0.00014604936468531893,0.00014604936468531893
2018-01-04,-0.0005112474437627412,0.0005112474437627412
2018-01-05,-7.3072707343802e-05,7.3072707343802e-05
2018-01-08,7.307804735456891e-05,-7.307804735456891e-05
2018-01-09,0.0,-0.0
2018-01-10,-7.3072707343802e-05,7.3072707343802e-05
2018-01-11,-7.307804735456891e-05,7.307804735456891e-05
2018-01-12,-0.0005115837170210913,0.0005115837170210913
2018-01-16,-0.0002193623866627581,0.0002193623866627581
2018-01-17,-0.0005850947122065797,0.0005850947122065797
2018-01-18,7.317965605557752e-05,-7.317965605557752e-05
2018-01-19,-0.00021952290355631288,0.00021952290355631288
2018-01-22,-0.00014638073629513748,0.00014638073629513748
2018-01-23,0.00043920650025630614,-0.00043920650025630614
2018-01-24,-0.00036584473549428065,0.00036584473549428065
2018-01-25,-7.319572536967911e-05,7.319572536967911e-05
2018-01-26,-0.0005856086670082972,0.0005856086670082972
2018-01-29,0.0,-0.0
2018-01-30,0.0,-0.0
2018-01-31,-0.00043946385409798783,0.00043946385409798783
2018-02-01,-0.00029310471165822083,0.00029310471165822083
2018-02-02,7.329766180452779e-05,-7.329766180452779e-05
2018-02-05,0.0013192612137202797,-0.0013192612137202797
2018-02-06,-0.0002195871761089263,0.0002195871761089263
2018-02-07,-0.0006589062156819869,0.0006589062156819869
2018-02-08,0.0,-0.0
2018-02-09,0.0011721611721611236,-0.0011721611721611236
2018-02-12,-0.0007317430118541912,0.0007317430118541912
2018-02-13,-0.0002196836555360404,0.0002196836555360404
2018-02-14,-0.001245147586610984,0.001245147586610984
2018-02-15,-7.333528894104546e-05,7.333528894104546e-05
2018-02-16,0.00014668133480011392,-0.00014668133480011392
2018-02-20,-0.0004399794676248625,0.0004399794676248625
2018-02-21,-0.00014672437825546947,0.00014672437825546947
2018-02-22,0.00036686477364433756,-0.00036686477364433756
2018-02-23,0.00022003813994420085,-0.00022003813994420085
2018-02-26,0.00014665982254169485,-0.00014665982254169485
2018-02-27,-0.0005865532663684725,0.0005865532663684725
2018-02-28,0.0,-0.0
2018-03-01,0.0011004328369157435,-0.0011004328369157435
2018-03-02,-0.0005129708339439709,0.0005129708339439709
2018-03-05,-7.331915829611457e-05,7.331915829611457e-05
2018-03-06,-7.33245343892408e-05,7.33245343892408e-05
2018-03-07,0.0,-0.0
2018-03-08,0.0,-0.0
2018-03-09,0.0,-0.0
2018-03-12,7.33299112707364e-05,-7.33299112707364e-05
2018-03-13,0.0,-0.0
2018-03-14,0.0001466490687784816,-0.0001466490687784816
2018-03-15,-0.0003665689149560114,0.0003665689149560114
2018-03-16,-0.00022002200220017087,0.00022002200220017087
2018-03-19,7.335680751174856e-05,-7.335680751174856e-05
2018-03-20,-0.0005868114134820468,0.0005868114134820468
2018-03-21,0.0004403669724770687,-0.0004403669724770687
2018-03-22,0.00029344875651093894,-0.00029344875651093894
2018-03-23,0.00029336266960022783,-0.00029336266960022783
2018-03-26,-0.00029327663318423625,0.00029327663318423625
2018-03-27,0.0005133846718006208,-0.0005133846718006208
2018-03-28,-0.00029321213898259035,0.00029321213898259035
2018-03-29,0.0,-0.0
2018-04-02,-0.0016131397565625205,0.0016131397565625205
2018-04-03,-0.0008078730904818032,0.0008078730904818032
2018-04-04,-7.350238882763982e-05,7.350238882763982e-05
2018-04-05,-0.00029403116730375434,0.00029403116730375434
2018-04-06,0.0007352941176470562,-0.0007352941176470562
2018-04-09,-0.00029390154298314375,0.00029390154298314375
2018-04-10,-0.00036748493311777874,0.00036748493311777874
2018-04-11,7.352400558779948e-05,-7.352400558779948e-05
2018-04-12,-0.0007351860020585743,0.0007351860020585743
2018-04-13,-0.00036786344908767976,0.00036786344908767976
2018-04-16,0.0,-0.0
2018-04-17,-7.359976448073624e-05,7.359976448073624e-05
2018-04-18,-0.0007360518180480335,0.0007360518180480335
2018-04-19,-7.365939893932971e-05,7.365939893932971e-05
2018-04-20,-0.0002946593001841302,0.0002946593001841302
2018-04-23,-0.00014737307493917218,0.00014737307493917218
2018-04-24,0.00029478959392736925,-0.00029478959392736925
2018-04-25,-0.00022102703897441955,0.00022102703897441955
2018-04-26,0.0,-0.0
2018-04-27,0.00014738393515112413,-0.00014738393515112413
2018-04-30,-7.368110816385887e-05,7.368110816385887e-05
2018-05-01,-0.00044211922481762755,0.00044211922481762755
2018-05-02,0.0003685956505712351,-0.0003685956505712351
2018-05-03,0.0002947678703020262,-0.0002947678703020262
2018-05-04,-0.00036835125976131255,0.00036835125976131255
2018-05-07,7.369739848184231e-05,-7.369739848184231e-05
2018-05-08,-0.00029476787030213725,0.00029476787030213725
2018-05-09,-0.0003685684800235345,0.0003685684800235345
2018-05-10,-0.00014748174913359335,0.00014748174913359335
2018-05-11,7.375175160406755e-05,-7.375175160406755e-05
2018-05-14,-7.374631268441956e-05,7.374631268441956e-05
2018-05-15,-0.0005900140128327624,0.0005900140128327624
2018-05-16,-0.00014759058372071365,0.00014759058372071365
2018-05-17,0.00022141855487500806,-0.00022141855487500806
2018-05-18,0.00044273907910263866,-0.00044273907910263866
2018-05-21,-0.00022127157397844321,0.00022127157397844321
2018-05-22,7.377351530801768e-05,-7.377351530801768e-05
2018-05-23,0.0010327530244909067,-0.0010327530244909067
2018-05-24,0.0003684598378776993,-0.0003684598378776993
2018-05-25,0.0005893186003682604,-0.0005893186003682604
2018-05-29,0.002944857542516388,-0.002944857542516388
2018-05-30,-0.001835131762460529,0.001835131762460529
2018-05-31,-7.354022650385428e-05,7.354022650385428e-05
2018-06-01,-0.0009560932558652091,0.0009560932558652091
2018-06-04,-0.0007361601884570135,0.0007361601884570135
2018-06-05,0.00036835125976120153,-0.00036835125976120153
2018-06-06,-0.00036821562707123334,0.00036821562707123334
2018-06-07,0.0002210107558566765,-0.0002210107558566765
2018-06-08,0.00022096192089571254,-0.00022096192089571254
2018-06-11,-0.0003681885125184081,0.0003681885125184081
2018-06-12,-0.00014732965009212062,0.00014732965009212062
2018-06-13,-0.0008104324762395754,0.0008104324762395754
2018-06-14,0.0002212063117534857,-0.0002212063117534857
2018-06-15,0.0002948765204571213,-0.0002948765204571213
2018-06-18,7.369739848184231e-05,-7.369739848184231e-05
2018-06-19,0.00014738393515112413,-0.00014738393515112413
2018-06-20,-0.00014736221632771773,0.00014736221632771773
2018-06-21,0.0002947678703020262,-0.0002947678703020262
2018-06-22,-0.00014734050390452502,0.00014734050390452502
2018-06-25,0.0004420866489831532,-0.0004420866489831532
2018-06-26,-7.364854912361718e-05,7.364854912361718e-05
2018-06-27,0.0005155778154231072,-0.0005155778154231072
2018-06-28,-0.00022084805653710404,0.00022084805653710404
2018-06-29,-0.000294529121566911,0.000294529121566911
2018-07-02,-0.0018413493407969383,0.0018413493407969383
2018-07-03,0.0002951593860684998,-0.0002951593860684998
2018-07-05,-0.0005901445854233911,0.0005901445854233911
2018-07-06,0.0004428697962799433,-0.0004428697962799433
2018-07-09,-0.0003688947912054985,0.0003688947912054985
2018-07-10,-0.0005166432947081301,0.0005166432947081301
2018-07-11,0.00029537734455775677,-0.00029537734455775677
2018-07-12,-0.00029529012254536635,0.00029529012254536635
2018-07-13,0.00036922168069719596,-0.00036922168069719596
2018-07-16,-0.00044290248763567686,0.00044290248763567686
2018-07-17,-0.00022154936858431729,0.00022154936858431729
2018-07-18,0.0,-0.0
2018-07-19,0.00044319692716787706,-0.00044319692716787706
2018-07-20,-0.0001476668635558287,0.0001476668635558287
2018-07-23,-0.0005907546891152915,0.0005907546891152915
2018-07-24,0.0,-0.0
2018-07-25,-0.0001477759716269622,0.0001477759716269622
2018-07-26,-0.0005172923440732724,0.0005172923440732724
2018-07-27,7.393715341952323e-05,-7.393715341952323e-05
2018-07-30,7.393168712099829e-05,-7.393168712099829e-05
2018-07-31,7.392622163071572e-05,-7.392622163071572e-05
2018-08-01,-0.00022176227084569344,0.00022176227084569344
2018-08-02,0.00044362292051758345,-0.00044362292051758345
2018-08-03,0.0003695218387407273,-0.0003695218387407273
2018-08-06,-0.00014775413711587415,0.00014775413711587415
2018-08-07,-0.00029555194325403544,0.00029555194325403544
2018-08-08,-7.390983000743478e-05,7.390983000743478e-05
2018-08-09,0.0005174070515190365,-0.0005174070515190365
2018-08-10,0.001034278959810786,-0.001034278959810786
2018-08-13,-0.00036900369003689537,0.00036900369003689537
2018-08-14,-0.000295311923218855,0.000295311923218855
2018-08-15,0.0005169485266967033,-0.0005169485266967033
2018-08-16,-0.0003690581635665824,0.0003690581635665824
2018-08-17,7.383888355616541e-05,-7.383888355616541e-05
2018-08-20,0.0005906674542233148,-0.0005906674542233148
2018-08-21,-0.0003689492325855692,0.0003689492325855692
2018-08-22,0.00014763416254526263,-0.00014763416254526263
2018-08-23,-0.00014761236991656101,0.00014761236991656101
2018-08-24,-0.00029526832509041423,0.00029526832509041423
2018-08-27,-0.0002215166506682742,0.0002215166506682742
2018-08-28,-0.00022156573116693945,0.00022156573116693945
2018-08-29,-0.0003693580556991538,0.0003693580556991538
2018-08-30,0.0005172923440732724,-0.0005172923440732724
2018-08-31,0.0005170248910555397,-0.0005170248910555397
2018-09-04,-0.00044293518381810504,0.00044293518381810504
2018-09-05,7.385524372227614e-05,-7.385524372227614e-05
2018-09-06,0.00022154936858420626,-0.00022154936858420626
2018-09-07,-0.0010336680448906899,0.0010336680448906899
2018-09-10,-0.00014781966001475855,0.00014781966001475855
2018-09-11,-0.0005174452986398403,0.0005174452986398403
2018-09-12,7.395902669915522e-05,-7.395902669915522e-05
2018-09-13,-0.00014790711433221304,0.00014790711433221304
2018-09-14,-0.00036982248520711636,0.00036982248520711636
2018-09-17,0.0,-0.0
2018-09-18,-0.00036995930447647485,0.00036995930447647485
2018-09-19,-0.00014803849000744052,0.00014803849000744052
2018-09-20,0.0,-0.0
2018-09-21,0.00029612081729335493,-0.00029612081729335493
2018-09-24,0.0,-0.0
2018-09-25,-0.000296033155713471,0.000296033155713471
2018-09-26,0.00022209061297018273,-0.00022209061297018273
2018-09-27,0.0,-0.0
2018-09-28,7.40137665606877e-05,-7.40137665606877e-05
2018-10-01,-0.001924215512137395,0.001924215512137395
2018-10-02,0.0002224529141332532,-0.0002224529141332532
2018-10-03,-0.000963748239306117,0.000963748239306117
2018-10-04,-0.00037102997922233705,0.00037102997922233705
2018-10-05,-0.00014846707742555143,0.00014846707742555143
2018-10-08,0.00037122280792933893,-0.00037122280792933893
2018-10-09,-0.00022265103161644983,0.00022265103161644983
2018-10-10,0.00014846707742566245,-0.00014846707742566245
2018-10-11,0.0007422251911228805,-0.0007422251911228805
2018-10-12,0.0,-0.0
2018-10-15,-0.00037083735073795143,0.00037083735073795143
2018-10-16,-7.419498441907368e-05,7.419498441907368e-05
2018-10-17,-0.0002968019588929227,0.0002968019588929227
2018-10-18,0.0001484450382245317,-0.0001484450382245317
2018-10-19,-0.0005936920222634479,0.0005936920222634479
2018-10-22,0.0001485111754659929,-0.0001485111754659929
2018-10-23,0.0005197119311011189,-0.0005197119311011189
2018-10-24,0.0007420599584446741,-0.0007420599584446741
2018-10-25,-0.00022245291413314217,0.00022245291413314217
2018-10-26,0.0011125120522139653,-0.0011125120522139653
2018-10-29,-7.408504963701823e-05,7.408504963701823e-05
2018-10-30,-0.0005186337704674582,0.0005186337704674582
2018-10-31,-0.0005930318754633346,0.0005930318754633346
2018-11-01,0.00037086485684612036,-0.00037086485684612036
2018-11-02,-0.0011121821012827215,0.0011121821012827215
2018-11-05,7.422802850354238e-05,-7.422802850354238e-05
2018-11-06,-0.00037111259556144027,0.00037111259556144027
2018-11-07,-0.00022275022275020095,-0.00022275022275020095
2018-11-08,-0.00037133308577796953,-0.00037133308577796953
2018-11-09,0.0006686478454680511,0.0006686478454680511
2018-11-12,0.0006682010542726768,0.0006682010542726768
2018-11-13,0.0,0.0
2018-11-14,0.0006677548597715521,0.0006677548597715521
2018-11-15,7.414547341877409e-05,7.414547341877409e-05
2018-11-16,0.000889679715302405,0.000889679715302405
2018-11-19,0.0005925925925927,0.0005925925925927
2018-11-20,-0.00029612081729346595,-0.00029612081729346595
2018-11-21,-0.00037026066350709375,-0.00037026066350709375
2018-11-23,7.407956144889205e-05,7.407956144889205e-05
2018-11-26,-0.00029629629629635,-0.00029629629629635
2018-11-27,0.0,0.0
2018-11-28,0.0005186721991701226,0.0005186721991701226
2018-11-29,-0.00022217285047765323,-0.00022217285047765323
2018-11-30,0.0,0.0
2018-12-03,-0.0004444444444444695,-0.0004444444444444695
2018-12-04,0.00029642804209273343,0.00029642804209273343
2018-12-06,0.0008149355460067564,0.0008149355460067564
2018-12-07,0.0008882966910948031,0.0008882966910948031
2018-12-10,-0.00014791805339842146,-0.00014791805339842146
2018-12-11,-0.0006657297137362406,-0.0006657297137362406
2018-12-12,-0.00014803849000744052,-0.00014803849000744052
2018-12-13,0.0005182114302635377,0.0005182114302635377
2018-12-14,0.0005179430262671758,0.0005179430262671758
2018-12-17,0.0007395355716610652,0.0007395355716610652
2018-12-18,0.0007389890629618812,0.0007389890629618812
2018-12-19,0.00022153300841831758,0.00022153300841831758
2018-12-20,-0.000516795865633024,-0.000516795865633024
2018-12-21,0.0005170630816959676,0.0005170630816959676
2018-12-24,0.001033591731266048,0.001033591731266048
2018-12-26,-0.000663765764436941,-0.000663765764436941
2018-12-27,0.0008118081180812364,0.0008118081180812364
2018-12-28,0.00036870437283376134,0.00036870437283376134
2018-12-31,0.0006634232640425619,0.0006634232640425619
2019-01-02,0.0006629834254143763,0.0006629834254143763
2019-01-03,0.0022820965842167418,0.0022820965842167418
2019-01-04,-0.0019096584649284098,-0.0019096584649284098
2019-01-07,-0.0008094782544705303,-0.0008094782544705303
2019-01-08,-0.0011783767859773198,-0.0011783767859773198
2019-01-09,0.0003686771862556615,0.0003686771862556615
2019-01-10,0.0,0.0
2019-01-11,0.0002948330507850372,0.0002948330507850372
2019-01-14,0.0001473730749392832,0.0001473730749392832
2019-01-15,0.00011051351948720978,0.00011051351948720978
2019-01-16,-0.00029467015359685433,-0.00029467015359685433
2019-01-17,-0.00040529088832397253,-0.00040529088832397253
2019-01-18,-0.0009214891264283098,-0.0009214891264283098
2019-01-22,0.0007378712414682909,0.0007378712414682909
2019-01-23,-0.00029493087557608266,-0.00029493087557608266
2019-01-24,0.0005162812995538335,0.0005162812995538335
2019-01-25,-0.0007003059231137643,-0.0007003059231137643
2019-01-28,0.00011065210976690665,0.00011065210976690665
2019-01-29,0.00047943942467276734,0.00047943942467276734
2019-01-30,0.0007003833677381444,0.0007003833677381444
2019-01-31,0.0011419309684310708,0.0011419309684310708
2019-02-01,-0.000919861652807441,-0.000919861652807441
2019-02-04,-0.00040511177402124954,-0.00040511177402124954
2019-02-05,0.00011052980620429587,0.00011052980620429587
2019-02-06,-0.00011051759071656342,-0.00011051759071656342
2019-02-07,0.0008473951809004898,0.0008473951809004898
2019-02-08,0.00022087244616231239,0.00022087244616231239
2019-02-11,-0.0005152552353612228,-0.0005152552353612228
2019-02-12,-0.00029458334867626945,-0.00029458334867626945
2019-02-13,-0.0007366753839920248,-0.0007366753839920248
2019-02-14,0.000810940322164555,0.000810940322164555
2019-02-15,-0.0004419726713564831,-0.0004419726713564831
2019-02-19,0.0004053207561074412,0.0004053207561074412
2019-02-20,-0.00014732965009212062,-0.00014732965009212062
2019-02-21,-0.00047889191777794604,-0.00047889191777794604
2019-02-22,0.0007002543028784558,0.0007002543028784558
2019-02-25,-0.00033146729522681717,-0.00033146729522681717
2019-02-26,0.00029473529086687655,0.00029473529086687655
2019-02-27,-0.0005524658391956594,-0.0005524658391956594
2019-02-28,-0.00018425707547164993,-0.00018425707547164993
2019-03-01,-0.0007003059231137643,-0.0007003059231137643
2019-03-04,0.0003688403658896888,0.0003688403658896888
2019-03-05,-0.00014748174913359335,-0.00014748174913359335
2019-03-06,0.00066376576443683,0.00066376576443683
2019-03-07,0.0008844339622642305,0.0008844339622642305
2019-03-08,3.681885125184081e-05,3.681885125184081e-05
2019-03-11,-7.363499134793727e-05,-7.363499134793727e-05
2019-03-12,0.00036820206929566446,0.00036820206929566446
2019-03-13,3.680665464322885e-05,3.680665464322885e-05
2019-03-14,-0.00025763709974235827,-0.00025763709974235827
2019-03-15,0.0005154069874462319,0.0005154069874462319
2019-03-18,-0.00040475401994333193,-0.00040475401994333193
2019-03-19,-0.00014724287712586381,-0.00014724287712586381
2019-03-20,0.0012885649068552496,0.0012885649068552496
2019-03-21,-0.00022061256756256142,-0.00022061256756256142
2019-03-22,0.0013975212386452274,0.0013975212386452274
2019-03-25,0.001248668698813793,0.001248668698813793
2019-03-26,-0.00014671899644203013,-0.00014671899644203013
2019-03-27,0.0005869621042591255,0.0005869621042591255
2019-03-28,-0.00010999083409712895,-0.00010999083409712895
2019-03-29,-0.0008800234672924345,-0.0008800234672924345
2019-04-01,3.6699941280193826e-05,3.6699941280193826e-05
2019-04-02,0.000330287349994407,0.000330287349994407
2019-04-03,-0.00040355125100888234,-0.00040355125100888234
2019-04-04,-0.0002569090175065236,-0.0002569090175065236
2019-04-05,-0.00011013215859034808,-0.00011013215859034808
2019-04-08,-0.0002202885780372421,-0.0002202885780372421
2019-04-09,0.00025705996841840495,0.00025705996841840495
2019-04-10,0.00029370732065503447,0.00029370732065503447
2019-04-11,-0.0005872421639874226,-0.0005872421639874226
2019-04-12,-0.000807932427469682,-0.000807932427469682
2019-04-15,0.0,0.0
2019-04-16,-0.0004778006468685314,-0.0004778006468685314
2019-04-17,0.0002574002574002865,0.0002574002574002865
2019-04-18,0.0002940960223511979,0.0002940960223511979
2019-04-22,-3.675119441381991e-05,-3.675119441381991e-05
2019-04-23,0.0005145356315925387,0.0005145356315925387
2019-04-24,0.0006979392425523478,0.0006979392425523478
2019-04-25,-0.00018354012187060675,-0.00018354012187060675
2019-04-26,0.0006975804971178778,0.0006975804971178778
2019-04-29,-0.00011006750807163179,-0.00011006750807163179
2019-04-30,0.0004403184970462881,0.0004403184970462881
2019-05-01,-0.0006968641114982743,-0.0006968641114982743
2019-05-02,-0.0008074579754826505,-0.0008074579754826505
2019-05-03,7.346459006751793e-05,7.346459006751793e-05
2019-05-06,0.00051421435392629,0.00051421435392629
2019-05-07,0.0005873715124815604,0.0005873715124815604
2019-05-08,-0.0002568241855004372,-0.0002568241855004372
2019-05-09,0.0005137803222137194,0.0005137803222137194
2019-05-10,0.0002567582437735805,0.0002567582437735805
2019-05-13,0.0010267693436010195,0.0010267693436010195
2019-05-14,-0.00025642904242073605,-0.00025642904242073605
2019-05-15,0.0005496317467297285,0.0005496317467297285
2019-05-16,-0.000695817768988527,-0.000695817768988527
2019-05-17,0.0,0.0
2019-05-20,-0.0004397698537764727,-0.0004397698537764727
2019-05-21,-0.0006232813932172121,-0.0006232813932172121
2019-05-22,0.0004769242057378609,0.0004769242057378609
2019-05-23,0.0017601114737266776,0.0017601114737266776
2019-05-24,-0.0008419049013507207,-0.0008419049013507207
2019-05-28,0.0008426143024617971,0.0008426143024617971
2019-05-29,0.000658882096709279,0.000658882096709279
2019-05-30,7.316091743780895e-05,7.316091743780895e-05
2019-05-31,0.0023409780899081856,0.0023409780899081856
2019-06-03,0.0018976024522863177,0.0018976024522863177
2019-06-04,-0.0005827718084138178,-0.0005827718084138178
2019-06-05,0.00036444476839525564,0.00036444476839525564
2019-06-06,-0.0006921927939087524,-0.0006921927939087524
2019-06-07,0.0005468465184104154,0.0005468465184104154
2019-06-10,-0.0007651666970304172,-0.0007651666970304172
2019-06-11,-0.00029171528588101125,-0.00029171528588101125
2019-06-12,0.0004741756638459993,0.0004741756638459993
2019-06-13,0.0009843596193810367,0.0009843596193810367
2019-06-14,-0.0003277972027971865,-0.0003277972027971865
2019-06-17,-0.00043720625204934915,-0.00043720625204934915
2019-06-18,0.00010934937124118527,0.00010934937124118527
2019-06-19,0.0017858444493039638,0.0017858444493039638
2019-06-20,0.0005820933532214578,0.0005820933532214578
2019-06-21,-0.000836272406646521,-0.000836272406646521
2019-06-24,0.0008005822416303765,0.0008005822416303765
2019-06-25,0.0,0.0
2019-06-26,-0.0010908297578358095,-0.0010908297578358095
2019-06-27,0.0005096097845078695,0.0005096097845078695
2019-06-28,7.276431637914804e-05,7.276431637914804e-05
2019-07-01,0.0011641443538998875,0.0011641443538998875
2019-07-02,0.00039970930232557933,0.00039970930232557933
2019-07-03,-3.63226907849068e-05,-3.63226907849068e-05
2019-07-05,-0.0021067925899018736,-0.0021067925899018736
2019-07-08,-0.00010920209668030534,-0.00010920209668030534
2019-07-09,-0.0004368560923222464,-0.0004368560923222464
2019-07-10,0.0013475616418399117,0.0013475616418399117
2019-07-11,-0.0006183167236487597,-0.0006183167236487597
2019-07-12,0.0002911526003566145,0.0002911526003566145
2019-07-15,7.276696379854286e-05,7.276696379854286e-05
2019-07-16,-0.0005820933532215689,-0.0005820933532215689
2019-07-17,0.0004732263113829127,0.0004732263113829127
2019-07-18,0.0010915441711540907,0.0010915441711540907
2019-07-19,-0.0007269026677327872,-0.0007269026677327872
2019-07-22,3.637157197933227e-05,3.637157197933227e-05
2019-07-23,-0.00047281323877068626,-0.00047281323877068626
2019-07-24,7.27749072120254e-05,7.27749072120254e-05
2019-07-25,-0.0006549265026924989,-0.0006549265026924989
2019-07-26,-0.00032767785625864576,-0.00032767785625864576
2019-07-29,0.0003642058491459821,0.0003642058491459821
2019-07-30,0.0,0.0
2019-07-31,-0.000837368478537881,-0.000837368478537881
2019-08-01,0.003024340475149323,0.003024340475149323
2019-08-02,-7.265593780647617e-05,-7.265593780647617e-05
2019-08-05,0.0025068119891007434,0.0025068119891007434
2019-08-06,-0.0004348771472059143,-0.0004348771472059143
2019-08-07,0.0006888550503951762,0.0006888550503951762
2019-08-08,-0.0008333031411905667,-0.0008333031411905667
2019-08-09,-0.000435129451011651,-0.000435129451011651
2019-08-12,0.0008343611695567077,0.0008343611695567077
2019-08-13,-0.0017035775127768327,-0.0017035775127768327
2019-08-14,0.001524943722315042,0.001524943722315042
2019-08-15,0.001232598607888713,0.001232598607888713
2019-08-16,0.00028966615975090093,0.00028966615975090093
2019-08-19,-0.0010859335408672788,-0.0010859335408672788
2019-08-20,0.00043484562980133923,0.00043484562980133923
2019-08-21,-0.0009055346276442,-0.0009055346276442
2019-08-22,-0.0007975927201536726,-0.0007975927201536726
2019-08-23,0.001342476688073635,0.001342476688073635
2019-08-26,-0.000543517646206193,-0.000543517646206193
2019-08-27,0.00032628793097200237,0.00032628793097200237
2019-08-28,0.0003261815018846814,0.0003261815018846814
2019-08-29,-0.0005796891416978145,-0.0005796891416978145
2019-08-30,0.00036251586006885717,0.00036251586006885717
2019-09-03,0.0007972458778764402,0.0007972458778764402
2019-09-04,0.0004345149726616704,0.0004345149726616704
2019-09-05,-0.0020630496941619336,-0.0020630496941619336
2019-09-06,0.0001813433918467222,0.0001813433918467222
2019-09-09,-0.00087029045944087,-0.00087029045944087
2019-09-10,-0.0014517475411025549,-0.0014517475411025549
2019-09-11,-7.26929088067374e-05,-7.26929088067374e-05
2019-09-12,-0.0010177747082984467,-0.0010177747082984467
2019-09-13,-0.0013462867954735502,-0.0013462867954735502
2019-09-16,0.0008015739998543658,0.0008015739998543658
2019-09-17,0.0006189019950488817,0.0006189019950488817
2019-09-18,-0.0001819174094961351,-0.0001819174094961351
2019-09-19,-7.278020378453931e-05,-7.278020378453931e-05
2019-09-20,0.00018196375282042432,0.00018196375282042432
2019-09-23,0.0005094058145034275,0.0005094058145034275
2019-09-24,0.001236498527112051,0.001236498527112051
2019-09-25,-0.0013802622498274575,-0.0013802622498274575
2019-09-26,0.00043647473902441725,0.00043647473902441725
2019-09-27,0.0006907834939102742,0.0006907834939102742
2019-09-30,-0.00014532771399511368,-0.00014532771399511368
2019-10-01,0.0034883720930232176,0.0034883720930232176
2019-10-02,0.0011225376593280156,0.0011225376593280156
2019-10-03,0.001736173906752958,0.001736173906752958
2019-10-04,-0.00028886080519952007,-0.00028886080519952007
2019-10-07,-0.0012280131469643019,-0.0012280131469643019
2019-10-08,0.0007955737171374544,0.0007955737171374544
2019-10-09,-0.0010478771454380809,-0.0010478771454380809
2019-10-10,-0.0011213195398972475,-0.0011213195398972475
2019-10-11,-0.001593336954553659,-0.001593336954553659
2019-10-14,0.0003264299445069341,0.0003264299445069341
2019-10-15,-0.0005076142131980044,-0.0005076142131980044
2019-10-16,0.0006529783066095973,0.0006529783066095973
2019-10-17,-0.00021751740139208664,-0.00021751740139208664
2019-10-18,0.0005076510261803335,0.0005076510261803335
2019-10-21,-0.0006523630037692518,-0.0006523630037692518
2019-10-22,0.0002901283818088629,0.0002901283818088629
2019-10-23,-3.625552896813211e-05,-3.625552896813211e-05
2019-10-24,-3.625684347918767e-05,-3.625684347918767e-05
2019-10-25,-0.0008701957940536742,-0.0008701957940536742
2019-10-28,-0.00043547684714762003,-0.00043547684714762003
2019-10-29,3.6305547487680556e-05,3.6305547487680556e-05
2019-10-30,0.0002178253766564886,0.0002178253766564886
2019-10-31,0.001669630866393268,0.001669630866393268
2019-11-01,-0.0007247164546870799,-0.0007247164546870799
2019-11-04,-0.0006527178445806525,-0.0006527178445806525
2019-11-05,-0.0006894299502884227,-0.0006894299502884227
2019-11-06,0.00043572984749462584,0.00043572984749462584
2019-11-07,-0.0012703252032519874,-0.0012703252032519874
2019-11-08,0.000218047025475121,0.000218047025475121
2019-11-11,-0.00021799949133449736,-0.00021799949133449736
2019-11-12,0.0004724352218627992,0.0004724352218627992
2019-11-13,0.0004358881220487554,0.0004358881220487554
2019-11-14,0.0006172391256988874,0.0006172391256988874
2019-11-15,-0.0003265720817156037,-0.0003265720817156037
2019-11-18,0.00032667876588021727,0.00032667876588021727
2019-11-19,-0.0001088573605718679,-0.0001088573605718679
2019-11-20,0.0005080563216721679,0.0005080563216721679
2019-11-21,-0.0005440696409140244,-0.0005440696409140244
2019-11-22,-0.0004717837053166418,-0.0004717837053166418
2019-11-25,0.00018154091932331973,0.00018154091932331973
2019-11-26,0.000254111155479686,0.000254111155479686
2019-11-27,-0.0009073092835886198,-0.0009073092835886198
2019-11-29,0.00043590395582837616,0.00043590395582837616
2019-12-02,-0.00029047601757381525,-0.00029047601757381525
2019-12-03,0.0013801619874331816,0.0013801619874331816
2019-12-04,-0.0009430198396865874,-0.0009430198396865874
2019-12-05,0.0001089126883282443,0.0001089126883282443
2019-12-06,-0.0006171046899956512,-0.0006171046899956512
2019-12-09,-3.63226907849068e-05,-3.63226907849068e-05
2019-12-10,-0.00043588812204864436,-0.00043588812204864436
2019-12-11,0.000581437604477042,0.000581437604477042
2019-12-12,-0.0008716495968620341,-0.0008716495968620341
2019-12-13,0.001199563794983538,0.001199563794983538
2019-12-16,-0.0006535235813092122,-0.0006535235813092122
2019-12-17,0.00021798365122616126,0.00021798365122616126
2019-12-18,7.26453815698136e-05,7.26453815698136e-05
2019-12-19,0.00025424036610610656,0.00025424036610610656
2019-12-20,-0.00029048656499641723,-0.00029048656499641723
2019-12-23,-0.0003995350864448577,-0.0003995350864448577
2019-12-24,0.0003633588895752826,0.0003633588895752826
2019-12-26,3.63226907849068e-05,3.63226907849068e-05
2019-12-27,0.0006901060584048047,0.0006901060584048047
2019-12-30,0.000254074262277193,0.000254074262277193
2019-12-31,0.0,0.0
2020-01-02,0.0007257420712678542,0.0007257420712678542
2020-01-03,0.0009790412647763258,0.0009790412647763258
2020-01-06,-0.00032602789349756023,-0.00032602789349756023
2020-01-07,-3.623713581679677e-05,-3.623713581679677e-05
2020-01-08,-0.0006885305308932388,-0.0006885305308932388
2020-01-09,0.0001087902523932982,0.0001087902523932982
2020-01-10,7.251894557458449e-05,7.251894557458449e-05
2020-01-13,-0.0002900547478336124,-0.0002900547478336124
2020-01-14,0.0001450694520002127,0.0001450694520002127
2020-01-15,0.00029009681981362334,0.00029009681981362334
2020-01-16,-0.00014500634402758728,-0.00014500634402758728
2020-01-17,-0.00010877053043767404,-0.00010877053043767404
2020-01-21,0.000725215751686159,0.000725215751686159
2020-01-22,0.00010870352924130522,0.00010870352924130522
2020-01-23,0.00018115285678055315,0.00018115285678055315
2020-01-24,0.0006882561761936135,0.0006882561761936135
2020-01-27,0.0008325791855203768,0.0008325791855203768
2020-01-28,-0.0005425347222222099,-0.0005425347222222099
2020-01-29,0.0007237723012341046,0.0007237723012341046
2020-01-30,0.0003977868585687272,0.0003977868585687272
2020-01-31,0.0010844418739155426,0.0010844418739155426
2020-02-03,-0.0005777424712933854,-0.0005777424712933854
2020-02-04,-0.0011200231230580338,-0.0011200231230580338
2020-02-05,-0.000434043476688295,-0.000434043476688295
2020-02-06,-0.00014474398407815503,-0.00014474398407815503
2020-02-07,0.0008685896275921756,0.0008685896275921756
2020-02-10,0.0003977580907612577,0.0003977580907612577
2020-02-11,-0.0006506180871828082,-0.0006506180871828082
2020-02-12,-0.0004701967592593004,-0.0004701967592593004
2020-02-13,-7.237199203913303e-05,-7.237199203913303e-05
2020-02-14,0.0002895089204935086,0.0002895089204935086
2020-02-18,0.00028942512933682885,0.00028942512933682885
2020-02-19,-0.00036167673333575845,-0.00036167673333575845
2020-02-20,0.0005788921451572726,0.0005788921451572726
2020-02-21,0.0007955161815222933,0.0007955161815222933
2020-02-24,0.0014813744264190465,0.0014813744264190465
2020-02-25,0.0011544844505375629,0.0011544844505375629
2020-02-26,0.0007567567567567934,0.0007567567567567934
2020-02-27,0.000648158150588829,0.000648158150588829
2020-02-28,0.003490589801720123,0.003490589801720123
2020-03-02,0.0010758086495015196,0.0010758086495015196
2020-03-03,0.0017194440464249894,0.0017194440464249894
2020-03-04,0.001215848948648235,0.001215848948648235
2020-03-05,0.0010000714336737548,0.0010000714336737548
2020-03-06,0.0017483765075287927,0.0017483765075287927
2020-03-09,0.0023508459483525534,0.0023508459483525534
2020-03-10,-0.0018123023346717781,-0.0018123023346717781
2020-03-11,0.0003559985760057671,0.0003559985760057671
2020-03-12,0.00014234875444829598,0.00014234875444829598
2020-03-13,-0.00039140335895249123,-0.00039140335895249123
2020-03-16,0.0013882461823229164,0.0013882461823229164
2020-03-17,-0.0020972557941134617,-0.0020972557941134617
2020-03-18,-0.0002493499091653639,-0.0002493499091653639
2020-03-19,0.0014252120002851143,0.0014252120002851143
2020-03-20,0.0010673877463887038,0.0010673877463887038
2020-03-23,0.0012439579186807048,0.0012439579186807048
2020-03-24,-0.0013489049022044064,-0.0013489049022044064
2020-03-25,0.00149290868375207,0.00149290868375207
2020-03-26,0.0005678793256433945,0.0005678793256433945
2020-03-27,0.00042566776630836856,0.00042566776630836856
2020-03-30,-0.00017728610431511083,-0.00017728610431511083
2020-03-31,0.0002127810483012471,0.0002127810483012471
2020-04-01,0.0,0.0
2020-04-02,0.0002481917458516669,0.0002481917458516669
2020-04-03,7.089433199825024e-05,7.089433199825024e-05
2020-04-06,-0.0008861163293517604,-0.0008861163293517604
2020-04-07,-0.00046118915850712483,-0.00046118915850712483
2020-04-08,0.0004968944099379424,0.0004968944099379424
2020-04-09,0.0006030721203307277,0.0006030721203307277
2020-04-13,-0.00031908104658584513,-0.00031908104658584513
2020-04-14,0.00031918289179699855,0.00031918289179699855
2020-04-15,0.0004254413954478675,0.0004254413954478675
2020-04-16,3.54383726699492e-05,3.54383726699492e-05
2020-04-17,-0.00021262270101707337,-0.00021262270101707337
2020-04-20,-3.5444653174065976e-05,-3.5444653174065976e-05
2020-04-21,-3.5445909542075604e-05,-3.5445909542075604e-05
2020-04-22,-7.089433199813922e-05,-7.089433199813922e-05
2020-04-23,-0.00014179871672159727,-0.00014179871672159727
2020-04-24,7.090941322451805e-05,7.090941322451805e-05
2020-04-27,-0.000283617541744996,-0.000283617541744996
2020-04-28,0.0002836980034752745,0.0002836980034752745
2020-04-29,0.0001772609635906086,0.0001772609635906086
2020-04-30,0.00010633772862611579,0.00010633772862611579
2020-05-01,-0.0003544214070529961,-0.0003544214070529961
2020-05-04,0.0003545470661230343,0.0003545470661230343
2020-05-05,-0.00014176856282122063,-0.00014176856282122063
2020-05-06,0.00014178866399627843,0.00014178866399627843
2020-05-07,0.0009214956583376566,0.0009214956583376566
2020-05-08,-0.00038950462094122784,-0.00038950462094122784
2020-05-11,-0.0004959263195182251,-0.0004959263195182251
2020-05-12,0.00010632265381338435,0.00010632265381338435
2020-05-13,0.00021262270101707337,0.00021262270101707337
2020-05-14,0.0002834366696191637,0.0002834366696191637
2020-05-15,-3.5419544504700085e-05,-3.5419544504700085e-05
2020-05-18,-0.0006021535845848192,-0.0006021535845848192
2020-05-19,0.00021265284423188646,0.00021265284423188646
2020-05-20,0.00024804223804975045,0.00024804223804975045
2020-05-21,-7.085163667275296e-05,-7.085163667275296e-05
2020-05-22,3.542832849157129e-05,3.542832849157129e-05
2020-05-26,-0.00021256244021683468,-0.00021256244021683468
2020-05-27,0.0,0.0
2020-05-28,3.5434605435646915e-05,3.5434605435646915e-05
2020-05-29,0.0003543334986890745,0.0003543334986890745
2020-06-01,-0.00010626239727973275,-0.00010626239727973275
2020-06-02,-0.00021254738035358933,-0.00021254738035358933
2020-06-03,-0.0004960493214754003,-0.0004960493214754003
2020-06-04,0.00010634903754125347,0.00010634903754125347
2020-06-05,-0.00042535091450446316,-0.00042535091450446316
2020-06-08,-0.00014184397163119478,-0.00014184397163119478
2020-06-09,0.00039012625904377707,0.00039012625904377707
2020-06-10,0.0004963306980536597,0.0004963306980536597
2020-06-11,-7.086921087129383e-05,-7.086921087129383e-05
2020-06-12,-0.00014174846734471558,-0.00014174846734471558
2020-06-15,0.00010632642211594323,0.00010632642211594323
2020-06-16,-0.0003189453540293208,-0.0003189453540293208
2020-06-17,0.00014179871672159727,0.00014179871672159727
2020-07-02,0.0001769473050925452,0.0001769473050925452
2020-07-06,-0.00010614960016985808,-0.00010614960016985808
2020-07-07,0.0,0.0
2020-07-08,0.000176934781839444,0.000176934781839444
2020-07-09,7.076139258410663e-05,7.076139258410663e-05
2020-07-10,-7.075638576381493e-05,-7.075638576381493e-05
2020-07-13,-0.00010614208887627097,-0.00010614208887627097
2020-07-14,0.0001061533562152217,0.0001061533562152217
2020-07-15,0.0,0.0
2020-07-16,0.0001415227851684353,0.0001415227851684353
2020-07-17,0.0,0.0
2020-07-20,-0.00010612706947787931,-0.00010612706947787931
2020-07-21,0.0001768972227136345,0.0001768972227136345
2020-07-22,-0.00010611956137251966,-0.00010611956137251966
2020-07-23,-3.5376941309617216e-05,-3.5376941309617216e-05
2020-07-24,3.5378192881907466e-05,3.5378192881907466e-05
2020-07-27,-0.00010613082392896267,-0.00010613082392896267
2020-07-28,0.00021228417775254194,0.00021228417775254194
2020-07-29,0.0002122391227450393,0.0002122391227450393
2020-07-30,0.00010609704342900983,0.00010609704342900983
2020-07-31,0.00024753350542816577,0.00024753350542816577
2020-08-03,-0.0001767658912535941,-0.0001767658912535941
2020-08-04,7.071885718334947e-05,7.071885718334947e-05
2020-08-05,-0.00010607078457025576,-0.00010607078457025576
2020-08-06,3.536067892495609e-05,3.536067892495609e-05
2020-08-07,-0.00021215657154982637,-0.00021215657154982637
2020-08-10,-7.073386383726898e-05,-7.073386383726898e-05
2020-08-11,-0.000565910939765879,-0.000565910939765879
2020-08-12,0.0,0.0
2020-08-13,-7.077892203699587e-05,-7.077892203699587e-05
2020-08-14,0.00024774376216596394,0.00024774376216596394
2020-08-17,-3.5383200056582353e-05,-3.5383200056582353e-05
2020-08-18,0.00014153780828696227,0.00014153780828696227
2020-08-19,3.537944454268249e-05,3.537944454268249e-05
2020-08-20,0.0,0.0
2020-08-21,-3.5378192881907466e-05,-3.5378192881907466e-05
2020-08-24,-0.000141517778170841,-0.000141517778170841
2020-08-25,3.538445207174057e-05,3.538445207174057e-05
2020-08-26,-7.076640011327573e-05,-7.076640011327573e-05
2020-08-27,-0.00014154281670208935,-0.00014154281670208935
2020-08-28,0.000424688561721398,0.000424688561721398
2020-08-31,3.537568982592276e-05,3.537568982592276e-05
2020-09-01,-3.537443843082411e-05,-3.537443843082411e-05
2020-09-02,-7.075137965195655e-05,-7.075137965195655e-05
2020-09-03,0.00017689096440953733,0.00017689096440953733
2020-09-04,-0.00038909129496655925,-0.00038909129496655925
2020-09-08,0.0001769285208774729,0.0001769285208774729
2020-09-09,-7.0758889085476e-05,-7.0758889085476e-05
2020-09-10,7.076389626003987e-05,7.076389626003987e-05
2020-09-11,0.0002476561117989995,0.0002476561117989995
2020-09-14,-0.00017685342388229497,-0.00017685342388229497
2020-09-15,-3.5376941309617216e-05,-3.5376941309617216e-05
2020-09-16,-3.5378192881907466e-05,-3.5378192881907466e-05
2020-09-17,0.000141517778170952,0.000141517778170952
2020-09-18,-7.074887686153719e-05,-7.074887686153719e-05
2020-09-21,3.537694130972824e-05,3.537694130972824e-05
2020-09-22,7.075137965184553e-05,7.075137965184553e-05
2020-09-23,-0.00010611956137251966,-0.00010611956137251966
2020-09-24,7.075388261923443e-05,7.075388261923443e-05
2020-09-25,0.0001061233152923613,0.0001061233152923613
2020-09-28,3.537068477643679e-05,3.537068477643679e-05
2020-09-29,3.5369433735388256e-05,3.5369433735388256e-05
2020-09-30,7.073636556542695e-05,7.073636556542695e-05
2020-10-01,0.00014146272457216114,0.00014146272457216114
2020-10-02,-0.00010608203677509032,-0.00010608203677509032
2020-10-05,-0.0002829154436467807,-0.0002829154436467807
2020-10-06,3.5374438430713084e-05,3.5374438430713084e-05
2020-10-07,-0.0002122391227449283,-0.0002122391227449283
2020-10-08,0.00017690348146048862,0.00017690348146048862
2020-10-09,-0.0001414977537231854,-0.0001414977537231854
2020-10-12,0.0,0.0
2020-10-13,0.000283035556341682,0.000283035556341682
2020-10-14,-3.5369433735388256e-05,-3.5369433735388256e-05
2020-10-15,0.0,0.0
2020-10-16,-7.074136955287358e-05,-7.074136955287358e-05
2020-10-19,-3.5373187124210226e-05,-3.5373187124210226e-05
2020-10-20,0.0,0.0
2020-10-21,-3.537443843082411e-05,-3.537443843082411e-05
2020-10-22,-0.00014150275930380207,-0.00014150275930380207
2020-10-23,3.5380696292053315e-05,3.5380696292053315e-05
2020-10-26,7.075888908536498e-05,7.075888908536498e-05
2020-10-27,3.537694130972824e-05,3.537694130972824e-05
2020-10-28,7.075137965184553e-05,7.075137965184553e-05
2020-10-29,-7.074637424830943e-05,-7.074637424830943e-05
2020-10-30,0.0,0.0
2020-11-02,-0.00014150275930380207,-0.00014150275930380207
2020-11-03,-0.00021228417775265296,-0.00021228417775265296
2020-11-04,0.0004600467124353802,0.0004600467124353802
2020-11-05,-0.00014148774362421346,-0.00014148774362421346
2020-11-06,-0.00010613082392896267,-0.00010613082392896267
2020-11-09,-0.00045994905179735923,-0.00045994905179735923
2020-11-10,-7.079395419629098e-05,-7.079395419629098e-05
2020-11-11,-7.079896633510607e-05,-7.079896633510607e-05
2020-11-12,0.0002124119375508382,0.0002124119375508382
2020-11-13,-3.539447138356522e-05,-3.539447138356522e-05
2020-11-16,-3.53957241965297e-05,-3.53957241965297e-05
2020-11-17,0.00010619093129449197,0.00010619093129449197
2020-11-18,0.0,0.0
2020-11-19,7.078643731861511e-05,7.078643731861511e-05
2020-11-20,0.0001415628539072067,0.0001415628539072067
2020-11-23,-3.538570417549458e-05,-3.538570417549458e-05
2020-11-24,7.077391273568878e-05,7.077391273568878e-05
2020-11-25,7.076890414348114e-05,7.076890414348114e-05
2020-11-27,0.00010614584439028185,0.00010614584439028185
2020-11-30,7.075638576381493e-05,7.075638576381493e-05
2020-12-01,-0.0004952596575633628,-0.0004952596575633628
2020-12-02,0.00021235931195584534,0.00021235931195584534
2020-12-03,0.00021231422505318953,0.00021231422505318953
2020-12-04,3.5378192881907466e-05,3.5378192881907466e-05
2020-12-07,0.0001768847065481971,0.0001768847065481971
2020-12-08,-0.00017685342388229497,-0.00017685342388229497
2020-12-09,0.0,0.0
2020-12-10,0.00021226164785792534,0.00021226164785792534
2020-12-11,0.0003536943373536605,0.0003536943373536605
2020-12-14,0.0,0.0
2020-12-15,-7.07138563801335e-05,-7.07138563801335e-05
2020-12-16,0.0,0.0
2020-12-17,-7.071885718323845e-05,-7.071885718323845e-05
2020-12-18,3.5361929346944265e-05,3.5361929346944265e-05
2020-12-21,0.0,0.0
2020-12-22,7.072135785013423e-05,7.072135785013423e-05
2020-12-23,-3.535817834665611e-05,-3.535817834665611e-05
2020-12-24,3.535942859156371e-05,3.535942859156371e-05
2020-12-28,0.0,0.0
2020-12-29,0.0,0.0
2020-12-30,0.0,0.0
2020-12-31,0.00010607453503985731,0.00010607453503985731
2021-01-04,3.535442814217582e-05,3.535442814217582e-05
2021-01-05,-0.0001414127130029419,-0.0001414127130029419
2021-01-06,-0.0004596563185064184,-0.0004596563185064184
2021-01-07,0.0001768721921540095,0.0001768721921540095
2021-01-08,0.0,0.0
2021-01-11,-0.00010610454834825145,-0.00010610454834825145
2021-01-12,-7.074387181205122e-05,-7.074387181205122e-05
2021-01-13,0.0,0.0
2021-01-14,3.5374438430713084e-05,3.5374438430713084e-05
2021-01-15,0.00017686593562071806,0.00017686593562071806
2021-01-19,0.00010610079575590348,0.00010610079575590348
2021-01-20,3.536317985708415e-05,3.536317985708415e-05
2021-01-21,0.00010608578804061075,0.00010608578804061075
2021-01-22,3.535817834654509e-05,3.535817834654509e-05
2021-01-25,0.0,0.0
2021-01-26,0.0,0.0
2021-01-27,0.00010607078457014474,0.00010607078457014474
2021-01-28,-0.00010605953475217866,-0.00010605953475217866
2021-01-29,7.071385638024452e-05,7.071385638024452e-05
2021-02-01,0.00010606328442630542,0.00010606328442630542
2021-02-02,-0.00010605203619906689,-0.00010605203619906689
2021-02-03,-3.535442814217582e-05,-3.535442814217582e-05
2021-02-04,0.0,0.0
2021-02-05,0.00017677839060947775,0.00017677839060947775
2021-02-08,-0.00010604828732019289,-0.00010604828732019289
2021-02-09,-7.070635650141543e-05,-7.070635650141543e-05
2021-02-10,0.00010606703436577547,0.00010606703436577547
2021-02-11,3.535192844772439e-05,3.535192844772439e-05
2021-02-12,0.0,0.0
2021-02-16,-0.0002121040723982448,-0.0002121040723982448
2021-02-17,0.00021214907007993666,0.00021214907007993666
2021-02-18,3.535067873294828e-05,3.535067873294828e-05
2021-02-19,3.534942910676797e-05,3.534942910676797e-05
2021-02-22,-0.0001060445387062181,-0.0001060445387062181
2021-02-23,-3.535192844772439e-05,-3.535192844772439e-05
2021-02-24,-0.0001414127130029419,-0.0001414127130029419
2021-02-25,-0.0008485962803196356,-0.0008485962803196356
2021-02-26,0.00038927029513757816,0.00038927029513757816
2021-03-01,0.0004952421380310934,0.0004952421380310934
2021-03-02,3.535692819012226e-05,3.535692819012226e-05
2021-03-03,-0.00031820110309710437,-0.00031820110309710437
2021-03-04,-7.073386383726898e-05,-7.073386383726898e-05
2021-03-05,0.00010610830120616477,0.00010610830120616477
2021-03-08,-0.0004951195360022309,-0.0004951195360022309
2021-03-09,0.0,0.0
2021-03-10,0.00014153280022655146,0.00014153280022655146
2021-03-11,0.00028302554305525973,0.00028302554305525973
2021-03-12,-0.00014147273113107595,-0.00014147273113107595
2021-03-15,-7.074637424830943e-05,-7.074637424830943e-05
2021-03-16,3.537568982592276e-05,3.537568982592276e-05
2021-03-17,0.000353744384307797,0.000353744384307797
2021-03-18,-0.0004950670108561095,-0.0004950670108561095
2021-03-19,0.0001768972227136345,0.0001768972227136345
2021-03-22,7.074637424842045e-05,7.074637424842045e-05
2021-03-23,3.537068477643679e-05,3.537068477643679e-05
2021-03-24,0.00010610830120616477,0.00010610830120616477
2021-03-25,0.00024755976800117097,0.00024755976800117097
2021-03-26,-0.00017678464095038926,-0.00017678464095038926
2021-03-29,-3.536317985708415e-05,-3.536317985708415e-05
2021-03-30,-3.536443045581983e-05,-3.536443045581983e-05
2021-03-31,0.0,0.0
2021-04-01,-0.0008487763474324117,-0.0008487763474324117
2021-04-05,-0.00028316579357212657,-0.00028316579357212657
2021-04-06,0.00028324599915019455,0.00028324599915019455
2021-04-07,0.0001769786209826485,0.0001769786209826485
2021-04-08,3.538946101855345e-05,3.538946101855345e-05
2021-04-09,-0.00010616462594659204,-0.00010616462594659204
2021-04-12,-0.00024774376216596394,-0.00024774376216596394
2021-04-13,0.00024780515434730255,0.00024780515434730255
2021-04-14,-7.078393204740241e-05,-7.078393204740241e-05
2021-04-15,0.00014157788553426087,0.00014157788553426087
2021-04-16,-0.00014155784407399175,-0.00014155784407399175
2021-04-19,7.078894276713044e-05,7.078894276713044e-05
2021-04-20,0.00017695983011867256,0.00017695983011867256
2021-04-21,7.077140835098916e-05,7.077140835098916e-05
2021-04-22,0.0,0.0
2021-04-23,-0.00010614960016985808,-0.00010614960016985808
2021-04-26,-0.0002123217382072884,-0.0002123217382072884
2021-04-27,-0.00010618341415069565,-0.00010618341415069565
2021-04-28,0.0002477876106194987,0.0002477876106194987
2021-04-29,0.0,0.0
2021-04-30,0.0,0.0
2021-05-03,7.07789220371069e-05,7.07789220371069e-05
2021-05-04,-3.538695636784439e-05,-3.538695636784439e-05
2021-05-05,0.00010616462594659204,0.00010616462594659204
2021-05-06,3.538445207174057e-05,3.538445207174057e-05
2021-05-07,0.00021229920033971617,0.00021229920033971617
2021-05-10,-0.00014150275930380207,-0.00014150275930380207
2021-05-11,-0.0001415227851684353,-0.0001415227851684353
2021-05-12,-0.00014154281670208935,-0.00014154281670208935
2021-05-13,0.0001415628539072067,0.0001415628539072067
2021-05-14,0.00014154281670197832,0.00014154281670197832
2021-05-17,-7.076139258421765e-05,-7.076139258421765e-05
2021-05-18,0.00010614960016974706,0.00010614960016974706
2021-05-19,-0.0001768972227136345,-0.0001768972227136345
2021-05-20,0.0001769285208774729,0.0001769285208774729
2021-05-21,-7.0758889085476e-05,-7.0758889085476e-05
2021-05-24,0.00010614584439028185,0.00010614584439028185
2021-05-25,0.00014151277152762987,0.00014151277152762987
2021-05-26,3.5373187124099204e-05,3.5373187124099204e-05
2021-05-27,-3.537193590608112e-05,-3.537193590608112e-05
2021-05-28,0.00014149274849661886,0.00014149274849661886
2021-06-01,-7.073636556553797e-05,-7.073636556553797e-05
2021-06-02,0.0,0.0
2021-06-03,-0.00021222410865873176,-0.00021222410865873176
2021-06-04,0.00014151277152762987,0.00014151277152762987
2021-06-07,-0.00010611956137251966,-0.00010611956137251966
2021-06-08,7.075388261923443e-05,7.075388261923443e-05
2021-06-09,3.5374438430713084e-05,3.5374438430713084e-05
2021-06-10,0.0,0.0
2021-06-11,0.0,0.0
2021-06-14,-0.00014149274849661886,-0.00014149274849661886
2021-06-15,-0.0001061345786457224,-0.0001061345786457224
2021-06-16,-0.000672257014471267,-0.000672257014471267
2021-06-17,-7.081149978760415e-05,-7.081149978760415e-05
2021-06-18,-0.0007435734013171436,-0.0007435734013171436
2021-06-21,7.086921087129383e-05,7.086921087129383e-05
2021-06-22,0.00035432094391096847,0.00035432094391096847
2021-06-23,0.0,0.0
2021-06-24,-0.0002833563560372676,-0.0002833563560372676
2021-06-25,-3.542958370239546e-05,-3.542958370239546e-05
2021-06-28,0.00028344671201807614,0.00028344671201807614
2021-06-29,3.5420799093133226e-05,3.5420799093133226e-05
2021-06-30,7.083908900940017e-05,7.083908900940017e-05
2021-07-01,-0.0013104303169824139,-0.0013104303169824139
2021-07-02,0.0003191715724519817,0.0003191715724519817
2021-07-06,0.00038997411989938335,0.00038997411989938335
2021-07-07,0.0001417534906797968,0.0001417534906797968
2021-07-08,0.00038976684855795973,0.00038976684855795973
2021-07-09,-0.00038961498955125684,-0.00038961498955125684
2021-07-12,-0.0003189001488200782,-0.0003189001488200782
2021-07-13,-0.0004607804912628577,-0.0004607804912628577
2021-07-14,0.0005319148936169249,0.0005319148936169249
2021-07-15,3.5442140705388425e-05,3.5442140705388425e-05
2021-07-16,3.5440884604387435e-05,3.5440884604387435e-05
2021-07-19,0.0002835170287416311,0.0002835170287416311
2021-07-20,0.0003897254207263501,0.0003897254207263501
2021-07-21,-0.0003187420314492151,-0.0003187420314492151
2021-07-22,0.00014170829347781577,0.00014170829347781577
2021-07-23,0.0,0.0
2021-07-26,7.084410754143455e-05,7.084410754143455e-05
2021-07-27,0.0001416781780185783,0.0001416781780185783
2021-07-28,-0.00014165810815591762,-0.00014165810815591762
2021-07-29,0.0001416781780185783,-0.0001416781780185783
2021-07-30,0.00024790168927291134,-0.00024790168927291134
2021-08-02,0.0002478402492565035,-0.0002478402492565035
2021-08-03,0.0,-0.0
2021-08-04,-0.00014158790839258195,0.00014158790839258195
2021-08-05,-0.0003540198959181007,0.0003540198959181007
2021-08-06,-0.00017707263519495253,0.00017707263519495253
2021-08-09,-0.0002479455936525987,0.0002479455936525987
2021-08-10,-0.0002834366696191637,0.0002834366696191637
2021-08-11,0.0002480774001487607,-0.0002480774001487607
2021-08-12,-0.00014172335600903807,0.00014172335600903807
2021-08-13,0.0002126151665484688,-0.0002126151665484688
2021-08-16,0.00021256997094876162,-0.00021256997094876162
2021-08-17,-0.00017710399546611022,0.00017710399546611022
2021-08-18,-3.542707336945394e-05,3.542707336945394e-05
2021-08-19,0.0,-0.0
2021-08-20,-3.542832849146027e-05,3.542832849146027e-05
2021-08-23,3.542958370239546e-05,-3.542958370239546e-05
2021-08-24,-7.085665698292054e-05,7.085665698292054e-05
2021-08-25,3.543083900225952e-05,-3.543083900225952e-05
2021-08-26,0.0,0.0
2021-08-27,0.00042515500442874554,0.00042515500442874554
2021-08-30,0.00021248716223398745,0.00021248716223398745
2021-08-31,-3.5407003505238954e-05,-3.5407003505238954e-05
2021-09-01,3.54082572056047e-05,3.54082572056047e-05
2021-09-02,0.0,0.0
2021-09-03,0.00010622101051582789,0.00010622101051582789
2021-09-07,-0.0002478227005593414,-0.0002478227005593414
2021-09-08,3.5412018839275916e-05,3.5412018839275916e-05
2021-09-09,7.082152974513534e-05,7.082152974513534e-05
2021-09-10,-3.54082572056047e-05,-3.54082572056047e-05
2021-09-13,3.540951099467726e-05,3.540951099467726e-05
2021-09-14,0.0001416330288224188,0.0001416330288224188
2021-09-15,-7.080648587409755e-05,-7.080648587409755e-05
2021-09-16,-0.00014162299957509727,-0.00014162299957509727
2021-09-17,-0.00014164305949004863,-0.00014164305949004863
2021-09-20,0.00021249468763273605,0.00021249468763273605
2021-09-21,7.08165144112094e-05,7.08165144112094e-05
2021-09-22,-0.000495680498513007,-0.000495680498513007
2021-09-23,-0.00024796315975916805,-0.00024796315975916805
2021-09-24,-0.00024802466073770013,-0.00024802466073770013
2021-09-27,-0.0001417635384178828,-0.0001417635384178828
2021-09-28,0.00010633772862611579,0.00010633772862611579
2021-09-29,7.08842814105548e-05,7.08842814105548e-05
2021-09-30,0.00017719814296346392,0.00017719814296346392
2021-10-01,-0.0014173339947558539,-0.0014173339947558539
2021-10-04,-0.00024838549428718437,-0.00024838549428718437
2021-10-05,-0.00017746228926351915,-0.00017746228926351915
2021-10-06,-0.00021299254526097045,-0.00021299254526097045
2021-10-07,-0.00021303792074989225,-0.00021303792074989225
2021-10-08,-0.0002841110874352015,-0.0002841110874352015
2021-10-11,-0.0006394316163410574,-0.0006394316163410574
2021-10-12,0.0,0.0
2021-10-13,-0.0005687473339969218,-0.0005687473339969218
2021-10-14,0.0003201024327785795,0.0003201024327785795
2021-10-15,-0.0009244444444443944,-0.0009244444444443944
2021-10-18,-0.0004982383714723371,-0.0004982383714723371
2021-10-19,0.0004628805412141279,0.0004628805412141279
2021-10-20,0.0001779486084418913,0.0001779486084418913
2021-10-21,-0.0010675016902109702,-0.0010675016902109702
2021-10-22,-0.00032059274035545204,0.00032059274035545204
2021-10-25,0.0006057582668186345,-0.0006057582668186345
2021-10-26,-0.0001068338022149895,0.0001068338022149895
2021-10-27,-0.000320535650687348,0.000320535650687348
2021-10-28,-0.00021375895115605115,0.00021375895115605115
2021-10-29,3.563410896911812e-05,-3.563410896911812e-05
2021-11-01,-0.0002850627137970241,0.0002850627137970241
2021-11-02,0.001176218990590172,-0.001176218990590172
2021-11-03,-0.00046281462494213166,0.00046281462494213166
2021-11-04,0.0011753811084200816,-0.0011753811084200816
2021-11-05,0.0003913337365257785,-0.0003913337365257785
2021-11-08,-0.0008890469416785729,0.0008890469416785729
2021-11-09,0.0007474639615590029,-0.0007474639615590029
2021-11-10,-0.001849480722720176,0.001849480722720176
2021-11-11,-0.0008195553021664859,0.0008195553021664859
2021-11-12,0.0005349309939017832,-0.0005349309939017832
2021-11-15,-7.128599942973768e-05,7.128599942973768e-05
2021-11-16,-3.5645540742867965e-05,3.5645540742867965e-05
2021-11-17,0.0004634085481054484,-0.0004634085481054484
2021-11-18,0.00010689090002147239,-0.00010689090002147239
2021-11-19,0.00017813245929665378,-0.00017813245929665378
2021-11-22,-0.00131794542993513,0.00131794542993513
2021-11-23,0.00035667154117779987,-0.00035667154117779987
2021-11-24,-0.0007130887438941969,0.0007130887438941969
2021-11-26,0.0019980732864737227,-0.0019980732864737227
2021-11-29,0.0002136523875653218,-0.0002136523875653218
2021-11-30,-0.00017800562497771732,0.00017800562497771732
2021-12-01,-0.0007121492664862172,0.0007121492664862172
2021-12-02,-0.0009620866590649424,0.0009620866590649424
2021-12-03,0.0005706744658844354,-0.0005706744658844354
2021-12-06,-0.0006772894164617238,0.0006772894164617238
2021-12-07,-0.0008917742740957024,0.0008917742740957024
2021-12-08,0.0001785140490555559,-0.0001785140490555559
2021-12-09,-0.00017848218747773537,0.00017848218747773537
2021-12-10,0.0004998393373558674,-0.0004998393373558674
2021-12-13,0.000356849730578368,-0.000356849730578368
2021-12-14,-0.00024970570399174274,0.00024970570399174274
2021-12-15,-0.0005708984514379845,0.0005708984514379845
2021-12-16,0.0011781506604784386,-0.0011781506604784386
2021-12-17,-0.0002496166601291261,0.0002496166601291261
2021-12-20,0.00028534741047225864,-0.00028534741047225864
2021-12-21,-0.0006061902724290302,0.0006061902724290302
2021-12-22,0.00010703964034686209,-0.00010703964034686209
2021-12-23,-0.00039243667499111456,0.00039243667499111456
2021-12-27,-0.00042828080945067626,0.00042828080945067626
2021-12-28,-7.14107187488322e-05,7.14107187488322e-05
2021-12-29,3.570790930185197e-05,-3.570790930185197e-05
2021-12-30,0.0003213597086337838,-0.0003213597086337838
2021-12-31,0.00021417097983222888,-0.00021417097983222888
2022-01-03,-0.004389564969130344,0.004389564969130344
2022-01-04,0.0003942934977416712,-0.0003942934977416712
2022-01-05,-0.001218245010570107,0.001218245010570107
2022-01-06,-0.001040358744394565,0.001040358744394565
2022-01-07,0.00028729440494146274,-0.00028729440494146274
2022-01-10,-0.0006462267537875599,0.0006462267537875599
2022-01-11,0.000143698807299808,-0.000143698807299808
2022-01-12,-7.183908045982346e-05,7.183908045982346e-05
2022-01-13,0.00017961060421001207,-0.00017961060421001207
2022-01-14,-0.0012570484502388846,0.0012570484502388846
2022-01-18,-0.0012945914844648687,0.0012945914844648687
2022-01-19,0.0003960823851361095,-0.0003960823851361095
2022-01-20,-0.00046791203253793157,0.00046791203253793157
2022-01-21,0.0011883327331652094,-0.0011883327331652094
2022-01-24,0.0008272488580369775,-0.0008272488580369775
2022-01-25,-0.000754689858405766,0.000754689858405766
2022-01-26,-0.0011868368998381174,0.0011868368998381174
2022-01-27,-0.001908396946564861,0.001908396946564861
2022-01-28,0.0003607633753022199,-0.0003607633753022199
2022-01-31,0.00010818998160777582,-0.00010818998160777582
2022-02-01,0.0,-0.0
2022-02-02,0.00021635655560370282,-0.00021635655560370282
2022-02-03,-0.0005768260148533155,0.0005768260148533155
2022-02-04,-0.0023447081740134434,0.0023447081740134434
2022-02-07,0.0005062009617817775,-0.0005062009617817775
2022-02-08,-0.0007227783600158855,0.0007227783600158855
2022-02-09,-3.616505732162434e-05,3.616505732162434e-05
2022-02-10,-0.0038698010849909092,0.0038698010849909092
2022-02-11,0.0009076716407072638,-0.0009076716407072638
2022-02-14,-0.0014509576320371753,0.0014509576320371753
2022-02-15,0.00036326649229878605,-0.00036326649229878605
2022-02-16,0.0007988960708837922,-0.0007988960708837922
2022-02-17,0.0007982583454282377,-0.0007982583454282377
2022-02-18,0.0003625552896817652,-0.0003625552896817652
2022-02-22,-0.00148593795302987,0.00148593795302987
2022-02-23,-0.000254074262277193,0.000254074262277193
2022-02-24,0.001125471972117431,-0.001125471972117431
2022-02-25,-0.0006890299184043602,0.0006890299184043602
2022-02-28,0.0032297866163448763,-0.0032297866163448763
2022-03-01,0.0020618556701030855,-0.0020618556701030855
2022-03-02,-0.003790340047649998,0.003790340047649998
2022-03-03,-0.00021741493640614618,0.00021741493640614618
2022-03-04,0.0009060925664166053,-0.0009060925664166053
2022-03-07,-0.001050115874855151,0.001050115874855151
2022-03-08,-0.0013049624823285866,0.0013049624823285866
2022-03-09,-0.00076222278683169,0.00076222278683169
2022-03-10,-0.0007628042135852109,0.0007628042135852109
2022-03-11,-0.0003635173943072889,0.0003635173943072889
2022-03-14,-0.0016727881013854917,0.0016727881013854917
2022-03-15,0.0,-0.0
2022-03-16,-0.0017484427931373503,0.0017484427931373503
2022-03-17,0.0003284072249589709,-0.0003284072249589709
2022-03-18,-0.00029182169694319526,0.00029182169694319526
2022-03-21,-0.0031744873385389782,0.0031744873385389782
2022-03-22,-0.0002562319264980406,0.0002562319264980406
2022-03-23,0.0006956649091973688,-0.0006956649091973688
2022-03-24,-0.0004390618711352934,0.0004390618711352934
2022-03-25,-0.0023060873384823655,0.0023060873384823655
2022-03-28,-0.0006237158790725061,0.0006237158790725061
2022-03-29,0.0006975292778736986,-0.0006975292778736986
2022-03-30,0.00014674590945773502,-0.00014674590945773502
2022-03-31,0.0007336218912772363,-0.0007336218912772363
2022-04-01,-0.008320504361850278,0.008320504361850278
2022-04-04,7.392348918866531e-05,-7.392348918866531e-05
2022-04-05,-0.0015153195106626383,0.0015153195106626383
2022-04-06,0.0001850755108083746,-0.0001850755108083746
2022-04-07,0.0008511898153287234,-0.0008511898153287234
2022-04-08,-0.00114628013607454,0.00114628013607454
2022-04-11,0.0005182689816014552,-0.0005182689816014552
2022-04-12,0.0024790024790024567,-0.0024790024790024567
2022-04-13,0.0009965305971801897,-0.0009965305971801897
2022-04-14,-0.0019173334316581192,0.0019173334316581192
2022-04-18,-0.00014777051239422967,0.00014777051239422967
2022-04-19,-0.0019582486606317673,0.0019582486606317673
2022-04-20,0.0,-0.0
2022-04-21,-0.0020361320894417556,0.0020361320894417556
2022-04-22,-0.00014838446414655593,0.00014838446414655593
2022-04-25,0.001669572960338428,-0.001669572960338428
2022-04-26,0.0015556707904289535,-0.0015556707904289535
2022-04-27,0.0,-0.0
2022-04-28,-0.0011464497041420163,0.0011464497041420163
2022-04-29,-0.000925617386796973,0.000925617386796973
2022-05-02,-0.0004076489771716041,0.0004076489771716041
2022-05-03,-0.000704408111815491,0.000704408111815491
2022-05-04,0.002819618609482877,-0.002819618609482877
2022-05-05,-0.002034776174620778,0.002034776174620778
2022-05-06,0.0007414272474512984,-0.0007414272474512984
2022-05-09,0.001592887571772561,-0.001592887571772561
2022-05-10,3.698498409643314e-05,-3.698498409643314e-05
2022-05-11,-0.0002588853138060232,0.0002588853138060232
2022-05-12,0.0020716188221368004,-0.0020716188221368004
2022-05-13,-0.0012182516243355312,0.0012182516243355312
2022-05-16,0.0005544261689152119,-0.0005544261689152119
2022-05-17,-0.00210565201329882,0.00210565201329882
2022-05-18,0.0006293266205159576,-0.0006293266205159576
2022-05-19,0.0010728819829819436,-0.0010728819829819436
2022-05-20,0.0006282567722384336,-0.0006282567722384336
2022-05-23,-0.0005909292362239471,0.0005909292362239471
2022-05-24,0.0025129342202512284,-0.0025129342202512284
2022-05-25,0.0004792096726629058,-0.0004792096726629058
2022-05-26,0.0003684462621127427,-0.0003684462621127427
2022-05-27,0.00022098633567835257,-0.00022098633567835257
2022-05-31,-0.0007364583716905626,0.0007364583716905626
2022-06-01,-0.0018793529129970121,0.0018793529129970121
2022-06-02,0.000369194417780383,-0.000369194417780383
2022-06-03,-0.00033215234720995745,0.00033215234720995745
2022-06-06,-0.001144460442278561,0.001144460442278561
2022-06-07,-7.392075694856448e-05,7.392075694856448e-05
2022-06-08,-0.0008131884379389831,0.0008131884379389831
2022-06-09,-0.0009248298313110359,0.0009248298313110359
2022-06-10,-0.003961935794423721,0.003961935794423721
2022-06-13,-0.0042007434944237865,0.0042007434944237865
2022-06-14,-0.002687870982192808,0.002687870982192808
2022-06-15,0.0030320044918585864,-0.0030320044918585864
2022-06-16,0.0010822510822510178,-0.0010822510822510178
2022-06-17,0.00014911463187328167,-0.00014911463187328167
2022-06-21,-0.00018636550001860375,0.00018636550001860375
2022-06-22,0.0026096033402922547,-0.0026096033402922547
2022-06-23,0.0007436602959767225,-0.0007436602959767225
2022-06-24,-0.000445864605781332,0.000445864605781332
2022-06-27,-0.000892126979406771,0.000892126979406771
2022-06-28,-0.00014882059677057136,0.00014882059677057136
2022-06-29,0.001227952668006349,-0.001227952668006349
2022-06-30,0.001783922399375637,-0.001783922399375637
2022-07-01,-0.0010016694490817546,0.0010016694490817546
2022-07-05,0.0007427213309565417,-0.0007427213309565417
2022-07-06,-0.002523378358319728,0.002523378358319728
2022-07-07,-0.0014880952380952328,0.0014880952380952328
2022-07-08,-0.0016393442622950616,0.0016393442622950616
2022-07-11,0.0012315270935960854,-0.0012315270935960854
2022-07-12,0.0005963696000597096,-0.0005963696000597096
2022-07-13,-0.001527286273048989,0.001527286273048989
2022-07-14,-0.00018653932248913208,0.00018653932248913208
2022-07-15,0.00026120377626037694,-0.00026120377626037694
2022-07-18,-0.00022383048571217312,0.00022383048571217312
2022-07-19,-0.0014552238805970452,0.0014552238805970452
2022-07-20,-0.0002242068682036802,0.0002242068682036802
2022-07-21,0.0030274715006541886,-0.0030274715006541886
2022-07-22,0.0021612758980473767,-0.0021612758980473767
2022-07-25,-0.0007064772811780085,0.0007064772811780085
2022-07-26,-3.720930232553599e-05,3.720930232553599e-05
2022-07-27,0.0011907419810970321,-0.0011907419810970321
2022-07-28,0.0017096558388463023,-0.0017096558388463023
2022-07-29,-0.00048233897298899375,0.00048233897298899375
2022-08-01,-0.00025984631946252,0.00025984631946252
2022-08-02,-0.0029333135303727387,0.0029333135303727387
2022-08-03,-0.0005585968048262835,0.0005585968048262835
2022-08-04,0.0014159028243534433,-0.0014159028243534433
2022-08-05,-0.00390683137371628,0.00390683137371628
2022-08-08,0.0007844309140487837,-0.0007844309140487837
2022-08-09,-0.0010450880859957934,0.0010450880859957934
2022-08-10,0.001419817665520906,-0.001419817665520906
2022-08-11,-0.00029848518767261467,0.00029848518767261467
2022-08-12,-0.0004105396730611499,0.0004105396730611499
2022-08-15,0.0008960908038682103,-0.0008960908038682103
2022-08-16,-0.0008952885440369762,0.0008952885440369762
2022-08-17,-0.0008587536870402479,0.0008587536870402479
2022-08-18,0.0009342301943198184,-0.0009342301943198184
2022-08-19,-0.00029867463132349226,0.00029867463132349226
2022-08-22,-0.0011950554580423267,0.0011950554580423267
2022-08-23,0.0009347541596560482,-0.0009347541596560482
2022-08-24,-0.0010833022039596907,0.0010833022039596907
2022-08-25,-0.00011218727796269423,0.00011218727796269423
2022-08-26,-0.000523599371680783,0.000523599371680783
2022-08-29,-0.0006735518634934934,0.0006735518634934934
2022-08-30,-0.0008237849172471057,0.0008237849172471057
2022-08-31,0.00041223204916795986,-0.00041223204916795986
2022-09-01,-0.001123805956171564,0.001123805956171564
2022-09-02,0.00217513594599672,-0.00217513594599672
2022-09-06,-0.002095573101822401,0.002095573101822401
2022-09-07,0.0008624892188846545,-0.0008624892188846545
2022-09-08,-0.0009366804046458954,0.0009366804046458954
2022-09-09,-0.0012375773485843178,0.0012375773485843178
2022-09-12,-3.7548813457521923e-05,3.7548813457521923e-05
2022-09-13,-0.003454620554992349,0.003454620554992349
2022-09-14,-0.00033912355401488625,0.00033912355401488625
2022-09-15,-0.0017338861666038596,0.0017338861666038596
2022-09-16,0.0005663797009514138,-0.0005663797009514138
2022-09-19,-0.0015094909241858412,0.0015094909241858412
2022-09-20,-0.00022676593975590187,0.00022676593975590187
2022-09-21,-0.0003780289570181061,0.0003780289570181061
2022-09-22,-0.0029119237605415016,0.0029119237605415016
2022-09-23,-0.0013274671925965764,0.0013274671925965764
2022-09-26,-0.001215297558011419,0.001215297558011419
2022-09-27,-0.00045629111373057807,0.00045629111373057807
2022-09-28,0.003994369840605527,-0.003994369840605527
2022-09-29,-0.0002652318884510674,0.0002652318884510674
2022-09-30,-0.0013644115974985604,0.0013644115974985604
2022-10-03,-0.00022771262666509973,0.00022771262666509973
2022-10-04,0.0002277644915158472,-0.0002277644915158472
2022-10-05,-0.0010247068199931153,0.0010247068199931153
2022-10-06,-0.0018995517057974753,0.0018995517057974753
2022-10-07,-0.0010657734470158609,0.0010657734470158609
2022-10-10,-0.00041914342325866105,0.00041914342325866105
2022-10-11,0.00030495940227948104,-0.00030495940227948104
2022-10-12,0.0006097328607903574,-0.0006097328607903574
2022-10-13,-0.003199146894161564,0.003199146894161564
2022-10-14,-0.0008405608833530476,0.0008405608833530476
2022-10-17,0.0011854231195747023,-0.0011854231195747023
2022-10-18,0.00022916507524262109,-0.00022916507524262109
2022-10-19,-0.002329311134870893,0.002329311134870893
2022-10-20,-0.0013013357829065875,0.0013013357829065875
2022-10-21,0.0026827118384240567,-0.0026827118384240567
2022-10-24,3.822191644697881e-05,-3.822191644697881e-05
2022-10-25,0.0007644091117566809,-0.0007644091117566809
2022-10-26,0.0010311640696609725,-0.0010311640696609725
2022-10-27,0.001602380679867288,-0.001602380679867288
2022-10-28,-0.002056907781967765,0.002056907781967765
2022-10-31,-0.001450437039581698,0.001450437039581698
2022-11-01,-0.000917396124001324,0.000917396124001324
2022-11-02,-0.0005738990702834901,0.0005738990702834901
2022-11-03,-0.0026031697419799382,0.0026031697419799382
2022-11-04,0.0009211637368542469,-0.0009211637368542469
2022-11-07,-0.0015338599585857926,0.0015338599585857926
2022-11-08,0.0012673784468852922,-0.0012673784468852922
2022-11-09,0.0008054926930305406,-0.0008054926930305406
2022-11-10,0.005518933006285476,-0.005518933006285476
2022-11-11,-0.0005336179295624133,0.0005336179295624133
2022-11-14,-0.0008008542445274713,0.0008008542445274713
2022-11-15,0.000763329643906685,-0.000763329643906685
2022-11-16,7.627474161941983e-05,-7.627474161941983e-05
2022-11-17,-0.0016016474087633403,0.0016016474087633403
2022-11-18,-0.0010694778656277215,0.0010694778656277215
2022-11-21,-0.0005735479677283495,0.0005735479677283495
2022-11-22,-7.651694850407953e-05,7.651694850407953e-05
2022-11-23,0.0006504438322620931,-0.0006504438322620931
2022-11-25,0.00015294612472760427,-0.00015294612472760427
2022-11-28,3.82306839470381e-05,-3.82306839470381e-05
2022-11-29,7.645844483517017e-05,-7.645844483517017e-05
2022-11-30,0.001796636085626968,-0.001796636085626968
2022-12-01,0.002518411111535057,-0.002518411111535057
2022-12-02,-0.00030449510904728694,0.00030449510904728694
2022-12-05,-0.0017894536455358434,0.0017894536455358434
2022-12-06,0.0005721260202913303,-0.0005721260202913303
2022-12-07,0.0020584759653872187,-0.0020584759653872187
2022-12-08,-0.0009129988207098316,0.0009129988207098316
2022-12-09,-0.00015230552488287863,0.00015230552488287863
2022-12-12,-0.0009901367150310092,0.0009901367150310092
2022-12-13,0.00320207372393555,-0.00320207372393555
2022-12-14,0.00015199300832158258,-0.00015199300832158258
2022-12-15,-0.00011397743246832626,0.00011397743246832626
2022-12-16,0.0009499202067027035,-0.0009499202067027035
2022-12-19,-0.0012527047033367156,0.0012527047033367156
2022-12-20,-0.00011402508551883184,0.00011402508551883184
2022-12-21,0.0010263427984946727,-0.0010263427984946727
2022-12-22,-0.0008354218880535225,0.0008354218880535225
2022-12-23,-0.0008361204013378476,0.0008361204013378476
2022-12-27,-0.0018257892734879766,0.0018257892734879766
2022-12-28,0.00026674796128345335,-0.00026674796128345335
2022-12-29,0.0004952569621698988,-0.0004952569621698988
2022-12-30,-0.0008377122839082762,0.0008377122839082762
2023-01-03,0.0005335365853658125,-0.0005335365853658125
2023-01-04,0.00045707320789212247,-0.00045707320789212247
2023-01-05,-0.00125637706540771,0.00125637706540771
2023-01-06,0.003583272976785068,-0.003583272976785068
2023-01-09,0.0012154822045808977,-0.0012154822045808977
2023-01-10,-0.0011001934823020587,0.0011001934823020587
2023-01-11,0.0005317128750474964,-0.0005317128750474964
2023-01-12,0.0015563316125113413,-0.0015563316125113413
2023-01-13,-0.001781315141178741,0.001781315141178741
2023-01-17,0.0008352950110106505,-0.0008352950110106505
2023-01-18,0.002162367223065287,-0.002162367223065287
2023-01-19,-0.00071923382670247,0.00071923382670247
2023-01-20,-0.0011743313887415674,0.0011743313887415674
2023-01-23,-0.0011377858686995035,0.0011377858686995035
2023-01-24,0.000569540949994396,-0.000569540949994396
2023-01-25,0.0004174256223437034,-0.0004174256223437034
2023-01-26,-0.0008345029017942096,0.0008345029017942096
2023-01-27,-0.0005694544626247966,0.0005694544626247966
2023-01-30,-0.0010256020663982346,0.0010256020663982346
2023-01-31,0.0009125822274611561,-0.0009125822274611561
2023-02-01,0.0018235003609010647,-0.0018235003609010647
2023-02-02,0.0004171248720186149,-0.0004171248720186149
2023-02-03,-0.0038283678265483845,0.0038283678265483845
2023-02-06,-0.0028918229899927983,0.0028918229899927983
2023-02-07,-0.00030528525090633973,0.00030528525090633973
2023-02-08,0.00019086154903225072,-0.00019086154903225072
2023-02-09,-0.001144950767116959,0.001144950767116959
2023-02-10,-0.00011462631820269298,0.00011462631820269298
2023-02-13,-0.00042034468263973945,0.00042034468263973945
2023-02-14,-0.0018732318984632235,0.0018732318984632235
2023-02-15,-0.00011490290704352368,0.00011490290704352368
2023-02-16,0.0002681375928905716,-0.0002681375928905716
2023-02-17,-0.00011488530616932113,0.00011488530616932113
2023-02-21,-0.0018766756032171372,0.0018766756032171372
2023-02-22,7.674302597759919e-05,-7.674302597759919e-05
2023-02-23,0.0,-0.0
2023-02-24,-0.001611479875685884,0.001611479875685884
2023-02-27,0.0002690134891050189,-0.0002690134891050189
2023-02-28,0.0,-0.0
2023-03-01,-0.0016136468418626038,0.0016136468418626038
2023-03-02,0.0,-0.0
2023-03-03,0.0008081274532441007,-0.0008081274532441007
2023-03-06,-0.0006921213519437419,0.0006921213519437419
2023-03-07,-0.0021162799646003982,0.0021162799646003982
2023-03-08,-0.0010411043417907218,0.0010411043417907218
2023-03-09,0.0034353649592773206,-0.0034353649592773206
2023-03-10,0.005500846284043792,-0.005500846284043792
2023-03-13,0.010214621829450321,-0.010214621829450321
2023-03-14,-0.002878133757479362,0.002878133757479362
2023-03-15,0.004367641473604245,-0.004367641473604245
2023-03-16,-0.003327661183588626,-0.003327661183588626
2023-03-17,0.005918731266836064,0.005918731266836064
2023-03-20,-0.0014709765020932686,-0.0014709765020932686
2023-03-21,-0.004759386567953494,-0.004759386567953494
2023-03-22,0.002884469409442758,0.002884469409442758
2023-03-23,0.003330305782621945,0.003330305782621945
2023-03-24,0.0003017501508750797,0.0003017501508750797
2023-03-27,-0.004260935143288069,-0.004260935143288069
2023-03-28,-0.0010603249138485538,-0.0010603249138485538
2023-03-29,-0.00022745365631748893,-0.00022745365631748893
2023-03-30,-7.583513441777878e-05,-7.583513441777878e-05
2023-03-31,0.00026544310037546204,0.00026544310037546204
2023-04-03,0.0033740238077184515,0.0033740238077184515
2023-04-04,0.002871500358937462,0.002871500358937462
2023-04-05,0.0013186150774215921,0.0013186150774215921
2023-04-06,-0.0012040033110091164,-0.0012040033110091164
2023-04-10,-0.003541023129661758,-0.003541023129661758
2023-04-11,-0.0008694994707394432,-0.0008694994707394432
2023-04-12,0.001551326194710434,0.001551326194710434
2023-04-13,-0.00011333585190786977,-0.00011333585190786977
2023-04-14,-0.002455888464880762,-0.002455888464880762
2023-04-17,-0.0015529126581319552,-0.0015529126581319552
2023-04-18,-0.00022760896779328021,-0.00022760896779328021
2023-04-19,-0.001365964712578216,-0.001365964712578216
2023-04-20,0.0017857821345794722,0.0017857821345794722
2023-04-21,-0.0003034210725935127,-0.0003034210725935127
2023-04-24,0.0008346612034297873,0.0008346612034297873
2023-04-25,0.003677028051554121,0.003677028051554121
2023-04-26,-0.0006420666993994795,-0.0006420666993994795
2023-04-27,-0.0031746031746031633,-0.0031746031746031633
2023-04-28,0.0004928723081589759,0.0004928723081589759
2023-05-01,-0.0013642047822957082,-0.0013642047822957082
2023-05-02,0.002921868477972156,0.002921868477972156
2023-05-03,0.000756715853197143,0.000756715853197143
2023-05-04,0.003969754253308144,0.003969754253308144
2023-05-05,-0.0036527960836000295,-0.0036527960836000295
2023-05-08,-0.0017764003326026234,-0.0017764003326026234
2023-05-09,-0.00018931505811969895,-0.00018931505811969895
2023-05-10,0.0021964704991290773,0.0021964704991290773
2023-05-11,-0.00022672309552596026,-0.00022672309552596026
2023-05-12,-0.0018519918361176169,-0.0018519918361176169
2023-05-15,0.0,0.0
2023-05-16,-0.001363171646029726,-0.001363171646029726
2023-05-17,-0.0016304553899821883,-0.0016304553899821883
2023-05-18,-0.002050892518040248,-0.002050892518040248
2023-05-19,-0.0004566905160602319,-0.0004566905160602319
2023-05-22,-0.0005711239719768946,-0.0005711239719768946
2023-05-23,-0.0003809668939769306,-0.0003809668939769306
2023-05-24,-0.001105225046686198,-0.001105225046686198
2023-05-25,-0.0027088897367416598,-0.0027088897367416598
2023-05-26,-0.0016833084662764008,-0.0016833084662764008
2023-05-30,0.0016478252538800753,0.0016478252538800753
2023-05-31,0.0016833728670899717,0.0016833728670899717
2023-06-01,0.0011840195554198019,0.0011840195554198019
2023-06-02,-0.002708579712356496,-0.002708579712356496
2023-06-05,0.0004972840639583254,0.0004972840639583254
2023-06-06,-0.0008411393614987661,-0.0008411393614987661
2023-06-07,-0.00015306317682628467,-0.00015306317682628467
2023-06-08,0.0006506180871828082,0.0006506180871828082
2023-06-09,-0.0015298707259236988,-0.0015298707259236988
2023-06-12,0.0007661074082585539,0.0007661074082585539
2023-06-13,-0.0020669065298936085,-0.0020669065298936085
2023-06-14,7.671064743797196e-05,7.671064743797196e-05
2023-06-15,0.001265628595535695,0.001265628595535695
2023-06-16,-0.00019151951583862292,-0.00019151951583862292
2023-06-20,0.0004980461267336533,0.0004980461267336533
2023-06-21,3.829216925144152e-05,3.829216925144152e-05
2023-06-22,-0.001761372338796141,-0.001761372338796141
2023-06-23,0.0008822401227464027,0.0008822401227464027
2023-06-26,0.00022994672900789048,0.00022994672900789048
2023-06-27,-0.001302731905436949,-0.001302731905436949
2023-06-28,0.0011509687320161444,0.0011509687320161444
2023-06-29,-0.0027208277447786644,-0.0027208277447786644
2023-06-30,-7.6852136489447e-05,-7.6852136489447e-05
2023-07-03,-0.0008070094535392869,-0.0008070094535392869
2023-07-05,-0.000384600592284956,-0.000384600592284956
2023-07-06,-0.001192720557115945,-0.001192720557115945
2023-07-07,0.001309707241910596,0.001309707241910596
2023-07-10,0.0012695237362467804,0.0012695237362467804
2023-07-11,-0.0005379029469396723,-0.0005379029469396723
2023-07-12,0.0029216161150193987,-0.0029216161150193987
2023-07-13,0.002568132162980463,-0.002568132162980463
2023-07-14,-0.002638018045572732,0.002638018045572732
2023-07-17,0.0003066661555564121,-0.0003066661555564121
2023-07-18,-0.0004598582103850779,0.0004598582103850779
2023-07-19,0.0,-0.0
2023-07-20,-0.0015719050722693417,0.0015719050722693417
2023-07-21,-0.00011519852545882614,0.00011519852545882614
2023-07-24,-0.0008064825838165479,0.0008064825838165479
2023-07-25,-0.0010377431009300775,0.0010377431009300775
2023-07-26,0.001154245700434764,-0.001154245700434764
2023-07-27,-0.0022289689097267917,0.0022289689097267917
2023-07-28,0.0006547779532410924,-0.0006547779532410924
2023-07-31,0.0003079291762895231,-0.0003079291762895231
2023-08-01,-0.0007311066646144004,0.0007311066646144004
2023-08-02,0.0005391043166853571,-0.0005391043166853571
2023-08-03,-7.697340568835198e-05,7.697340568835198e-05
2023-08-04,0.00173203494861629,-0.00173203494861629
2023-08-07,0.0004995004995005381,-0.0004995004995005381
2023-08-08,3.8403932562713905e-05,-3.8403932562713905e-05
2023-08-09,-0.0006912442396312946,0.0006912442396312946
2023-08-10,-0.0003842902159710837,0.0003842902159710837
2023-08-11,-0.001307089035829656,0.001307089035829656
2023-08-14,-0.0013857879744398893,0.0013857879744398893
2023-08-15,0.00019273764551686057,-0.00019273764551686057
2023-08-16,-0.0004624812117007826,0.0004624812117007826
2023-08-17,0.00042413726624257464,-0.00042413726624257464
2023-08-18,0.0003468742773453659,-0.0003468742773453659
2023-08-21,-0.0009246773261414321,0.0009246773261414321
2023-08-22,-0.0008484053835178251,0.0008484053835178251
2023-08-23,0.001736848199467289,-0.001736848199467289
2023-08-24,-0.0013485397241272956,0.0013485397241272956
2023-08-25,-0.0006558895019097566,0.0006558895019097566
2023-08-28,0.00015442822948030788,-0.00015442822948030788
2023-08-29,0.002161661391183456,-0.002161661391183456
2023-08-30,0.0002696248362992204,-0.0002696248362992204
2023-08-31,0.0006931341214524434,-0.0006931341214524434
2023-09-01,-7.696155770198221e-05,7.696155770198221e-05
2023-09-05,-0.0015778333654030696,0.0015778333654030696
2023-09-06,-0.0008865248226950229,0.0008865248226950229
2023-09-07,0.0017746228926354135,0.0017746228926354135
2023-09-08,-0.00034659375361034694,-0.00034659375361034694
2023-09-11,3.852376916557709e-05,3.852376916557709e-05
2023-09-12,-7.704457028390177e-05,-7.704457028390177e-05
2023-09-13,0.00034672727973195094,0.00034672727973195094
2023-09-14,-3.851190017711836e-05,-3.851190017711836e-05
2023-09-15,-0.00015405353360298246,-0.00015405353360298246
2023-09-18,-0.00019259658718850936,-0.00019259658718850936
2023-09-19,-0.0007705347511173244,-0.0007705347511173244
2023-09-20,0.0,0.0
2023-09-21,-0.0005397902529302723,0.0005397902529302723
2023-09-22,0.0004243499729958966,-0.0004243499729958966
2023-09-25,0.0007712181390506778,-0.0007712181390506778
2023-09-26,0.0007320926289831053,-0.0007320926289831053
2023-09-27,-0.000770060064685052,0.000770060064685052
2023-09-28,0.0006935881627621043,-0.0006935881627621043
2023-09-29,0.0003850596842509546,-0.0003850596842509546
2023-10-02,-0.0025789068514241453,0.0025789068514241453
2023-10-03,-0.000694632037973264,0.000694632037973264
2023-10-04,0.0018922571925081844,-0.0018922571925081844
2023-10-05,0.00046253469010171244,-0.00046253469010171244
2023-10-06,-0.0011172753891200982,0.0011172753891200982
2023-10-09,0.0026227484861340855,-0.0026227484861340855
2023-10-10,-0.0007309097903442918,0.0007309097903442918
2023-10-11,-0.00046196489066829827,0.00046196489066829827
2023-10-12,-0.0011939608688953385,0.0011939608688953385
2023-10-13,0.00030848725562027113,-0.00030848725562027113
2023-10-16,-0.0008480783315986118,0.0008480783315986118
2023-10-17,-0.0021991589181681315,0.0021991589181681315
2023-10-18,-7.733353955607924e-05,7.733353955607924e-05
2023-10-19,0.0008894044856921912,-0.0008894044856921912
2023-10-20,0.001584051307808254,-0.001584051307808254
2023-10-23,0.00046289152908496334,-0.00046289152908496334
2023-10-24,-0.0008482418260332691,0.0008482418260332691
2023-10-25,-0.0008489619510688717,0.0008489619510688717
2023-10-26,0.001429012822493414,-0.001429012822493414
2023-10-27,0.00046280226773109945,-0.00046280226773109945
